driving_style,avg_speed,min_speed,max_speed,max_acceleration,max_deceleration,max_steering,max_steering_diff,min_acc_pedal,max_acc_pedal,quantile_0.25_acc_pedal,median_acc_pedal,quantile_0.75_acc_pedal,min_brake_pedal,max_brake_pedal,quantile_0.25_brake_pedal,median_brake_pedal,quantile_0.75_brake_pedal
fast,0.176860880057017,0.0,3.867567539215088,0.0028748512268066406,-0.1720113754272461,4.5403361320495605,0.1720113754272461,0.0,1.0,0.0,0.0,0.0,0.0,0.0,0.0,0.0,0.0
fast,0.5909474555651347,0.0,4.339974880218506,0.0028748512268066406,-0.1842295583337545,4.5403361320495605,0.1842295583337545,0.0,1.0,0.0,0.0,0.0,0.0,0.0,0.0,0.0,0.0
fast,1.198168570995331,0.0,7.533215522766113,0.19381237030029297,-0.1842295583337545,4.5403361320495605,0.19381237030029297,0.0,1.0,0.0,0.0,0.08134708553552622,0.0,0.0,0.0,0.0,0.0
fast,1.9363988860448202,0.0,7.560326099395752,0.22759175300598145,-0.1842295583337545,5.718782424926758,0.22759175300598145,0.0,1.0,0.0,0.0,0.22519609332084656,0.0,0.0,0.0,0.0,0.0
fast,2.674059833685557,0.0,8.044027328491211,0.22759175300598145,-0.1842295583337545,6.286564350128174,0.22759175300598145,0.0,1.0,0.0,0.0,0.4841151237487793,0.0,0.0,0.0,0.0,0.0
fast,3.6146464959780373,0.0,10.371006965637209,0.22759175300598145,-0.1842295583337545,6.286564350128174,0.22759175300598145,0.0,1.0,0.0,0.0238044261932373,0.6953184604644775,0.0,0.0,0.0,0.0,0.0
fast,4.65763045390447,0.0,10.61228084564209,0.2534651756286621,-0.1842295583337545,6.286564350128174,0.2534651756286621,0.0,1.0,0.0,0.13492232561111445,0.6953184604644775,0.0,0.0,0.0,0.0,0.0
fast,5.63528683826402,0.0,10.61228084564209,0.2534651756286621,-0.1842295583337545,6.286564350128174,0.2534651756286621,0.0,1.0,0.0,0.1706289947032928,0.6953184604644775,0.0,0.0,0.0,0.0,0.0
fast,6.67950812737147,0.0,11.130016326904297,0.2534651756286621,-0.20507216453552246,6.286564350128174,0.2534651756286621,0.0,1.0,0.0,0.40871912240982056,0.8281197547912598,0.0,0.0,0.0,0.0,0.0
fast,7.868801400661469,0.0,12.3870849609375,0.2534651756286621,-0.20507216453552246,6.286564350128174,0.2534651756286621,0.0,1.0,0.0,0.5312509536743164,0.8525345623493195,0.0,0.0,0.0,0.0,0.0
fast,8.865526889165242,3.922387599945069,12.3870849609375,0.2534651756286621,-0.20507216453552246,6.286564350128174,0.2534651756286621,0.0,0.91405987739563,0.0,0.3769798874855041,0.8164006471633911,0.0,0.7804834246635437,0.0,0.0,0.0
fast,9.0226197518905,1.4969929456710815,12.3870849609375,0.2534651756286621,-0.20507216453552246,6.286564350128174,0.2534651756286621,0.0,0.91405987739563,0.0,0.26784569025039673,0.8164006471633911,0.0,2.10737943649292,0.0,0.0,0.0
fast,8.488897002960245,0.0,12.3870849609375,0.2534651756286621,-0.20507216453552246,6.286564350128174,0.2534651756286621,0.0,1.0,0.0,0.1984008252620697,0.7939390242099762,0.0,2.10737943649292,0.0,0.0,0.0
fast,8.22113038899998,0.0,12.3870849609375,0.2534651756286621,-0.20507216453552246,6.286564350128174,0.2534651756286621,0.0,1.0,0.0,0.4722129106521606,0.8671834468841553,0.0,2.10737943649292,0.0,0.0,0.0
fast,8.370544050800026,0.0,12.3870849609375,0.2534651756286621,-0.20507216453552246,5.859889507293701,0.2534651756286621,0.0,1.0,0.0,0.6406292915344238,0.8671834468841553,0.0,2.10737943649292,0.0,0.0,0.0
fast,8.368456932331124,0.0,12.3870849609375,0.2534651756286621,-0.20507216453552246,5.859889507293701,0.2534651756286621,0.0,1.0,0.0,0.05952635407447815,0.8671834468841553,0.0,2.10737943649292,0.0,0.0,0.0
fast,8.27379480642577,0.0,12.3870849609375,0.10301518440246582,-0.20507216453552246,5.859889507293701,0.20507216453552246,0.0,1.0,0.0,0.20038452744483945,0.8671834468841553,0.0,2.10737943649292,0.0,0.0,0.0
fast,8.148160738104988,0.0,12.3870849609375,0.10301518440246582,-0.20507216453552246,5.859889507293701,0.20507216453552246,0.0,1.0,0.0,0.0793633759021759,0.8671834468841553,0.0,2.10737943649292,0.0,0.0,0.0
fast,7.567056529348095,0.0,12.3870849609375,0.12050390243530251,-0.1233786940574646,5.859889507293701,0.1233786940574646,0.0,1.0,0.0,0.0,0.8671834468841553,0.0,2.10737943649292,0.0,0.0,0.0
fast,6.61964751476537,0.0,12.308974266052246,0.12194132804870605,-0.1233786940574646,5.859889507293701,0.1233786940574646,0.0,1.0,0.0,0.0,1.0,0.0,2.10737943649292,0.0,0.0,0.0
fast,6.153482348844409,0.0,9.85210418701172,0.12194132804870605,-0.1233786940574646,5.859889507293701,0.1233786940574646,0.0,1.0,0.0,0.1884823143482208,1.0,0.0,2.10737943649292,0.0,0.0,0.0
fast,6.6574977875997625,0.0,12.396543502807615,0.12194132804870605,-0.1233786940574646,5.859889507293701,0.1233786940574646,0.0,1.0,0.0,0.6464888453483582,1.0,0.0,0.7336069941520691,0.0,0.0,0.0
fast,7.979034757912159,0.777712345123291,15.084715843200684,0.12194132804870605,-0.1233786940574646,5.859889507293701,0.1233786940574646,0.0,1.0,0.0,1.0,1.0,0.0,0.7336069941520691,0.0,0.0,0.0
fast,9.09149416555961,0.777712345123291,16.300216674804688,0.12194132804870605,-0.1233786940574646,5.843838214874268,0.1233786940574646,0.0,1.0,0.0,0.7695242166519165,1.0,0.0,0.7336069941520691,0.0,0.0,0.0
fast,9.81406139165163,0.777712345123291,16.397764205932617,0.12194132804870605,-0.1233786940574646,5.843838214874268,0.1233786940574646,0.0,1.0,0.0,0.5234382152557373,1.0,0.0,0.7336069941520691,0.0,0.0,0.0
fast,10.495849302113056,0.777712345123291,16.397764205932617,0.12194132804870605,-0.1233786940574646,5.843838214874268,0.1233786940574646,0.0,1.0,0.0,0.5234382152557373,1.0,0.0,0.7336069941520691,0.0,0.0,0.0
fast,11.144201666017373,0.777712345123291,16.397764205932617,0.12194132804870605,-0.11906647682189941,5.843838214874268,0.12194132804870605,0.0,1.0,0.0,0.6601611375808716,1.0,0.0,0.7336069941520691,0.0,0.0,0.0
fast,11.97124366949002,0.777712345123291,17.347875595092773,0.12194132804870605,-0.11906647682189941,5.843838214874268,0.12194132804870605,0.0,1.0,0.230155348777771,0.7617114782333374,1.0,0.0,0.7336069941520691,0.230155348777771,0.0,0.0
fast,13.260197587112586,0.777712345123291,17.607027053833008,0.12194132804870605,-0.11906647682189941,5.843838214874268,0.12194132804870605,0.0,1.0,0.2658619880676269,0.7617114782333374,1.0,0.0,0.0,0.2658619880676269,0.0,0.0
fast,14.762960398256679,4.562020778656006,17.64140510559082,0.03210240602493292,-0.11906647682189941,5.7259697914123535,0.11906647682189941,0.0,1.0,0.2063356339931488,0.6640675067901611,1.0,0.0,0.0,0.2063356339931488,0.0,0.0
fast,15.812590676943461,9.164423942565918,17.64140510559082,0.03210240602493292,-0.11667072772979736,3.2893002033233643,0.11667072772979736,0.0,1.0,0.1577349230647087,0.386898398399353,0.8320261240005493,0.0,0.0,0.1577349230647087,0.0,0.0
fast,16.50337202866872,12.454465866088867,17.732900619506836,0.03210240602493292,-0.10612964630126942,0.9393551349639891,0.10612964630126942,0.0,1.0,0.1180455982685089,0.2976165115833282,0.7431714832782745,0.0,0.0,0.1180455982685089,0.0,0.0
fast,16.872418311283067,15.118219375610352,17.893098831176758,0.0218008989468216,-0.019165623933076803,0.4029572308063507,0.0218008989468216,0.0,1.0,0.1031678318977356,0.2618945837020874,0.6152378916740417,0.0,0.0,0.1031678318977356,0.0,0.0
fast,17.090714441935223,15.844030380249023,18.015972137451172,0.0218008989468216,-0.018686480820179,0.4173314571380615,0.0218008989468216,0.0,1.0,0.0952330231666565,0.2341227531433105,0.3898739516735077,0.0,0.0,0.0952330231666565,0.0,0.0
fast,17.274282916386923,15.844030380249023,18.120819091796875,0.017009491100907298,-0.018686480820179,0.5792809724807739,0.018686480820179,0.0,1.0,0.1031678318977356,0.2380901575088501,0.3690298199653625,0.0,0.0,0.1031678318977356,0.0,0.0
fast,17.456725856463116,15.844030380249023,18.120819091796875,0.012457653880119296,-0.01844692230224615,0.579520583152771,0.01844692230224615,0.0,1.0,0.0436567366123199,0.21626940369606015,0.3690298199653625,0.0,0.0,0.0436567366123199,0.0,0.0
fast,17.60458907445272,16.30415153503418,18.120819091796875,0.017488628625869793,-0.023477889597416007,0.579520583152771,0.023477889597416007,0.0,1.0,0.0,0.1587267816066742,0.329355776309967,0.0,0.0,0.0,0.0,0.0
fast,17.642150402069092,17.03278350830078,18.120819091796875,0.017488628625869793,-0.023477889597416007,0.579520583152771,0.023477889597416007,0.0,0.6015655994415283,0.0,0.14484083652496335,0.2579271793365478,0.0,0.0,0.0,0.0,0.0
fast,17.570105508168538,16.494190216064453,18.120819091796875,0.017488628625869793,-0.023477889597416007,0.579520583152771,0.023477889597416007,0.0,0.5234382152557373,0.0,0.1031678318977356,0.2222205400466919,0.0,0.0,0.0,0.0,0.0
fast,17.438621362050373,16.16976547241211,18.120819091796875,0.017488628625869793,-0.023477889597416007,0.579520583152771,0.023477889597416007,0.0,0.5234382152557373,0.0,0.10515153408050534,0.2420575618743896,0.0,0.0,0.0,0.0,0.0
fast,17.319310127894084,16.16976547241211,18.120819091796875,0.017488628625869793,-0.023477889597416007,0.579520583152771,0.023477889597416007,0.0,0.5234382152557373,0.0,0.1111026406288147,0.2579271793365478,0.0,0.0,0.0,0.0,0.0
fast,17.192576347986858,16.16976547241211,18.120819091796875,0.017488628625869793,-0.023477889597416007,0.579520583152771,0.023477889597416007,0.0,0.5234382152557373,0.0,0.1507919430732727,0.3105105757713318,0.0,0.0,0.0,0.0,0.0
fast,17.082044801378807,16.16976547241211,18.120819091796875,0.017488628625869793,-0.023477889597416007,0.579520583152771,0.023477889597416007,0.0,0.4880825281143188,0.0,0.1706289947032928,0.329355776309967,0.0,0.0,0.0,0.0,0.0
fast,16.943898410797118,16.16976547241211,18.120819091796875,0.017488628625869793,-0.023477889597416007,0.579520583152771,0.023477889597416007,0.0,0.3769798874855041,0.0,0.21626941859722135,0.329355776309967,0.0,0.0,0.0,0.0,0.0
fast,16.79697309176127,16.16976547241211,18.056190490722656,0.017488628625869793,-0.023477889597416007,0.579520583152771,0.023477889597416007,0.0,0.3769798874855041,0.0,0.2856990098953247,0.329355776309967,0.0,0.0,0.0,0.0,0.0
fast,16.6506932926178,16.16976547241211,17.67341423034668,0.017488628625869793,-0.023477889597416007,0.2810159623622894,0.023477889597416007,0.0,0.3769798874855041,0.0486121773719787,0.2856990098953247,0.3412579894065857,0.0,0.0,0.0486121773719787,0.0,0.0
fast,16.42016498565674,13.147500038146973,17.295682907104492,0.018686503171920832,-0.022998749278485803,0.2527466714382171,0.022998749278485803,0.0,0.3769798874855041,0.0,0.2856990098953247,0.3412579894065857,0.0,0.5613315105438232,0.0,0.0,0.0
fast,15.916084767183994,11.697257995605469,17.023744583129883,0.018686503171920832,-0.022998749278485803,0.162668228149414,0.022998749278485803,0.0,0.3769798874855041,0.0,0.2856990098953247,0.3412579894065857,0.0,0.5613315105438232,0.0,0.0,0.0
fast,15.34266438961029,10.627793312072754,16.638635635375977,0.018686503171920832,-0.022998749278485803,0.1375133544206619,0.022998749278485803,0.0,0.3769798874855041,0.0,0.2856990098953247,0.3412579894065857,0.0,0.5613315105438232,0.0,0.0,0.0
fast,14.576088137626648,7.340410232543945,16.638635635375977,0.018686503171920832,-0.022998749278485803,0.1375133544206619,0.022998749278485803,0.0,0.3769798874855041,0.0,0.2856990098953247,0.3412579894065857,0.0,0.6632923483848572,0.0,0.0,0.0
fast,13.554453611373901,4.2238874435424805,16.638635635375977,0.018686503171920832,-0.022998749278485803,0.1375133544206619,0.022998749278485803,0.0,0.3769798874855041,0.0,0.0,0.3412579894065857,0.0,0.9328318238258362,0.0,0.0,0.0
fast,12.495574951171875,4.155437469482422,16.638635635375977,0.018686503171920832,-0.022998749278485803,0.1375133544206619,0.022998749278485803,0.0,0.9921872615814208,0.0,0.0,0.3412579894065857,0.0,0.9328318238258362,0.0,0.0,0.0
fast,11.472970000902812,4.087027072906494,16.638635635375977,0.018686503171920832,-0.025873571634292603,0.1375133544206619,0.025873571634292603,0.0,0.9921872615814208,0.0,0.0,0.2856990098953247,0.0,0.9328318238258362,0.0,0.0,0.0
fast,10.268341990663531,3.797183990478515,16.636672973632812,0.018686503171920832,-0.025873571634292603,-0.1264931112527847,0.025873571634292603,0.0,1.0,0.0,0.0,0.2876827120780945,0.0,0.9328318238258362,0.0,0.0,0.0
fast,9.45659583290418,3.797183990478515,16.536624908447266,0.018686503171920832,-0.025873571634292603,-0.1322427988052368,0.025873571634292603,0.0,1.0,0.0,0.0,0.3412579894065857,0.0,0.9328318238258362,0.0,0.0,0.0
fast,9.003853348493577,3.797183990478515,16.19463539123535,0.018686503171920832,-0.025873571634292603,-0.1322427988052368,0.025873571634292603,0.0,1.0,0.0,0.0,0.9921872615814208,0.0,0.9328318238258362,0.0,0.0,0.0
fast,8.96968673268954,3.797183990478515,15.805253028869627,0.015572071075439453,-0.025873571634292603,-0.0761833563446998,0.025873571634292603,0.0,1.0,0.0,0.0,1.0,0.0,0.9328318238258362,0.0,0.0,0.0
fast,9.450351372733092,3.797183990478515,17.78394317626953,0.015572071075439453,-0.025873571634292603,-0.0761833563446998,0.025873571634292603,0.0,1.0,0.0,0.9101535081863404,1.0,0.0,0.9328318238258362,0.0,0.0,0.0
fast,10.091105164289475,3.797183990478515,17.78394317626953,0.018446922302246094,-0.025873571634292603,-0.0761833563446998,0.025873571634292603,0.0,1.0,0.0,0.9121066927909852,1.0,0.0,0.9328318238258362,0.0,0.0,0.0
fast,10.958976703087489,3.797183990478515,17.78394317626953,0.018446922302246094,-0.025873571634292603,-0.0761833563446998,0.025873571634292603,0.0,1.0,0.0,0.9121066927909852,1.0,0.0,0.9328318238258362,0.0,0.0,0.0
fast,12.129336850245794,3.797183990478515,17.986845016479492,0.039049953222274725,-0.025873571634292603,0.3725318014621734,0.039049953222274725,0.0,1.0,0.0,0.9121066927909852,1.0,0.0,0.8625171780586243,0.0,0.0,0.0
fast,13.362001142899196,3.797183990478515,18.180946350097656,0.039049953222274725,-0.025873571634292603,0.4832133054733276,0.039049953222274725,0.0,1.0,0.0,0.535157322883606,1.0,0.0,0.8625171780586243,0.0,0.0,0.0
fast,14.525475039879481,3.797183990478515,18.180946350097656,0.0517471879720687,-0.0658818315714596,0.9685827493667604,0.0658818315714596,0.0,1.0,0.008926659822463951,0.535157322883606,1.0,0.0,0.0,0.008926659822463951,0.0,0.0
fast,15.814009456190213,6.366891860961914,18.180946350097656,0.0517471879720687,-0.0658818315714596,1.121188998222351,0.0658818315714596,0.0,1.0,0.0,0.535157322883606,1.0,0.0,0.0,0.0,0.0,0.0
fast,16.69060239950816,10.245963096618652,18.180946350097656,0.0517471879720687,-0.0658818315714596,1.121188998222351,0.0658818315714596,0.0,1.0,0.0,0.28371530771255493,1.0,0.0,0.0,0.0,0.0,0.0
fast,17.168093158404034,13.662327766418455,18.180946350097656,0.0517471879720687,-0.0704336762428284,1.121188998222351,0.0704336762428284,0.0,1.0,0.0,0.0,0.535157322883606,0.0,0.0,0.0,0.0,0.0
fast,17.17960782845815,11.527453422546388,18.180946350097656,0.0517471879720687,-0.0704336762428284,1.121188998222351,0.0704336762428284,0.0,1.0,0.0,0.0,0.5058595538139343,0.0,2.5566117763519287,0.0,0.0,0.0
fast,16.215669833758042,2.7913153171539307,18.180946350097656,0.0517471879720687,-0.0704336762428284,1.121188998222351,0.0704336762428284,0.0,0.535157322883606,0.0,0.0,0.13094729185104365,0.0,3.5,0.0,0.0,0.0
fast,14.577795674704102,0.0,18.180946350097656,0.07953733205795288,-0.0704336762428284,1.4127460718154907,0.07953733205795288,0.0,1.0,0.0,0.0,0.386898398399353,0.0,3.5,0.0,0.0,0.0
fast,13.342040655631571,0.0,18.180946350097656,0.07953733205795288,-0.0704336762428284,1.6630970239639282,0.07953733205795288,0.0,1.0,0.0,0.0,0.535157322883606,0.0,3.5,0.0,0.0,0.0
fast,12.514105171381185,0.0,18.180946350097656,0.07953733205795288,-0.1252952609211207,1.6630970239639282,0.1252952609211207,0.0,1.0,0.0,0.0,1.0,0.0,3.5,0.0,0.0,0.0
fast,11.97540695907548,0.0,18.113422393798828,0.07953733205795288,-0.1252952609211207,1.6630970239639282,0.1252952609211207,0.0,1.0,0.0,0.0,1.0,0.0,3.5,0.0,0.0,0.0
fast,11.675854573881438,0.0,17.75095558166504,0.07953733205795288,-0.1252952609211207,1.6630970239639282,0.1252952609211207,0.0,1.0,0.0,0.0,1.0,0.0,3.5,0.0,0.0,0.0
fast,11.507427138506124,0.0,17.37110710144043,0.07953733205795288,-0.1252952609211207,1.6630970239639282,0.1252952609211207,0.0,1.0,0.0,0.535157322883606,1.0,0.0,3.5,0.0,0.0,0.0
fast,11.34728070181484,0.0,16.91722297668457,0.07953733205795288,-0.1252952609211207,1.6630970239639282,0.1252952609211207,0.0,1.0,0.0,0.535157322883606,1.0,0.0,3.5,0.0,0.0,0.0
fast,10.907734351971497,0.0,16.42511558532715,0.07953733205795288,-0.1252952609211207,1.6630970239639282,0.1252952609211207,0.0,1.0,0.0,0.535157322883606,1.0,0.0,3.5,0.0,0.0,0.0
fast,10.06519814811026,0.0,16.07652473449707,0.1645847922191024,-0.1252952609211207,1.6630970239639282,0.1645847922191024,0.0,1.0,0.0,0.535157322883606,1.0,0.0,3.5,0.0,0.0,0.0
fast,10.079935950981747,0.0,16.07652473449707,0.1645847922191024,-0.1252952609211207,1.6630970239639282,0.1645847922191024,0.0,1.0,0.0,0.5507827997207642,1.0,0.0,2.5566117763519287,0.0,0.0,0.0
fast,10.655940061004308,2.626948595046997,16.07652473449707,0.1645847922191024,-0.1252952609211207,1.6630970239639282,0.1645847922191024,0.0,1.0,0.0,0.535157322883606,1.0,0.0,2.0175328254699707,0.0,0.0,0.0
fast,10.804632493654887,6.119591236114502,16.07652473449707,0.1645847922191024,-0.1252952609211207,1.382799744606018,0.1645847922191024,0.0,1.0,0.0,0.0,0.8339793086051941,0.0,2.0175328254699707,0.0,0.0,0.0
fast,10.471660605271657,5.978363037109375,16.07652473449707,0.1645847922191024,-0.12337875366210938,1.382799744606018,0.1645847922191024,0.0,1.0,0.0,0.0,0.535157322883606,0.0,2.0175328254699707,0.0,0.0,0.0
fast,9.923017133076986,5.978363037109375,16.07652473449707,0.1645847922191024,-0.13751327991485596,1.382799744606018,0.1645847922191024,0.0,1.0,0.0,0.0,0.535157322883606,0.0,2.0175328254699707,0.0,0.0,0.0
fast,9.460453691974456,5.978363037109375,16.07652473449707,0.1645847922191024,-0.13751327991485596,1.382799744606018,0.1645847922191024,0.0,1.0,0.0,0.0,0.5546891689300537,0.0,2.0175328254699707,0.0,0.0,0.0
fast,9.083960744539896,5.978363037109375,16.07652473449707,0.1842296123504643,-0.13751327991485596,1.382799744606018,0.1842296123504643,0.0,1.0,0.0,0.0,0.9960936307907104,0.0,2.0175328254699707,0.0,0.0,0.0
fast,8.965553359985352,5.978363037109375,15.586363792419434,0.24316394329071045,-0.13751327991485596,1.382799744606018,0.24316394329071045,0.0,1.0,0.0,0.0,1.0,0.0,2.0175328254699707,0.0,0.0,0.0
fast,9.432672470410665,5.978363037109375,18.284406661987305,0.24316394329071045,-0.13751327991485596,1.382799744606018,0.24316394329071045,0.0,1.0,0.0,0.5019455552101135,1.0,0.0,1.1906063556671145,0.0,0.0,0.0
fast,10.68236059586207,5.978363037109375,19.482118606567383,0.24316394329071045,-0.13751327991485596,1.382799744606018,0.24316394329071045,0.0,1.0,0.0,0.8398388624191284,1.0,0.0,0.0,0.0,0.0,0.0
fast,11.934342945416768,5.978363037109375,19.91036033630371,0.24316394329071045,-0.13751327991485596,1.3044602870941162,0.24316394329071045,0.0,1.0,0.0,0.843745231628418,1.0,0.0,0.0,0.0,0.0,0.0
fast,13.207010419368745,5.978363037109375,19.93354034423828,0.24316394329071045,-0.13751327991485596,0.8039979338645935,0.24316394329071045,0.0,1.0,0.0,0.843745231628418,1.0,0.0,0.0,0.0,0.0,0.0
fast,14.489506101608276,5.978363037109375,19.93354034423828,0.24316394329071045,-0.13751327991485596,0.8039979338645935,0.24316394329071045,0.0,1.0,0.3729972243309021,0.843745231628418,1.0,0.0,0.0,0.3729972243309021,0.0,0.0
fast,15.809873437086742,5.979660511016846,19.93354034423828,0.24316394329071045,-0.13751327991485596,0.8039979338645935,0.24316394329071045,0.0,1.0,0.452360600233078,0.843745231628418,1.0,0.0,0.0,0.452360600233078,0.0,0.0
fast,17.03147360165914,8.75804615020752,19.93354034423828,0.24316394329071045,-0.12361812591552734,0.8039979338645935,0.24316394329071045,0.0,1.0,0.452360600233078,0.6894589066505432,1.0,0.0,0.0,0.452360600233078,0.0,0.0
fast,17.937300333976747,11.705761909484863,19.93354034423828,0.24316394329071045,-0.12361812591552734,0.8039979338645935,0.24316394329071045,0.0,1.0,0.4245887696743011,0.5312509536743164,0.8749961853027344,0.0,0.0,0.4245887696743011,0.0,0.0
fast,18.684788252512615,13.15842342376709,19.93354034423828,0.24316394329071045,-0.05701771378517151,0.8039979338645935,0.24316394329071045,0.0,1.0,0.4483931958675384,0.578127384185791,0.8476516008377075,0.0,0.0,0.4483931958675384,0.0,0.0
fast,19.256985745429994,15.630375862121582,20.200958251953125,0.0505493339151143,-0.0407269485294819,0.5095660090446472,0.0505493339151143,0.0,1.0,0.4404583871364593,0.5527359843254089,0.7617114782333374,0.0,0.0,0.4404583871364593,0.0,0.0
fast,19.55944592475891,18.330368041992188,20.200958251953125,0.02036347985267639,-0.0407269485294819,0.5095660090446472,0.0407269485294819,0.0,1.0,0.3729972243309021,0.4960173368453979,0.7080141603946686,0.0,0.0,0.3729972243309021,0.0,0.0
fast,19.618884194691976,19.253454208374023,20.200958251953125,0.02036347985267639,-0.03258156776428231,0.4683599472045898,0.03258156776428231,0.0,0.8749961853027344,0.2460249662399292,0.452360600233078,0.5820337533950806,0.0,0.0,0.2460249662399292,0.0,0.0
fast,19.56234152475993,19.156757354736328,20.200958251953125,0.01868647336959839,-0.03258156776428231,0.4683599472045898,0.03258156776428231,0.0,0.7695242166519165,0.24007385969161982,0.4285561740398407,0.5625019073486328,0.0,0.0,0.24007385969161982,0.0,0.0
fast,19.569725014368693,19.156757354736328,20.35422134399414,0.01868647336959839,-0.026352733373641996,0.4683599472045898,0.026352733373641996,0.0,1.0,0.2460249662399292,0.452360600233078,0.613284707069397,0.0,0.0,0.2460249662399292,0.0,0.0
fast,19.73055005391439,19.156757354736328,21.340848922729492,0.009103670716285699,-0.026352733373641996,0.4683599472045898,0.026352733373641996,0.0,1.0,0.2460249662399292,0.5234382152557373,0.7617114782333374,0.0,0.0,0.2460249662399292,0.0,0.0
fast,19.87927563560626,19.156757354736328,21.340848922729492,0.009103670716285699,-0.026352733373641996,0.4477568864822387,0.026352733373641996,0.0,1.0,0.1964171230792999,0.452360600233078,0.7617114782333374,0.0,0.0,0.1964171230792999,0.0,0.0
fast,19.915181573232015,19.156757354736328,21.340848922729492,0.012697219848632812,-0.026352733373641996,0.4477568864822387,0.026352733373641996,0.0,1.0,0.1934415698051452,0.4087191224098205,0.7617114782333374,0.0,0.0,0.1934415698051452,0.0,0.0
fast,19.8998295434316,18.967567443847656,21.340848922729492,0.013895094394683838,-0.026352733373641996,0.4477568864822387,0.026352733373641996,0.0,1.0,0.1934415698051452,0.3690298199653625,0.7617114782333374,0.0,0.0,0.1934415698051452,0.0,0.0
fast,19.823376839955646,18.80986976623535,21.340848922729492,0.013895094394683838,-0.026352733373641996,0.4477568864822387,0.026352733373641996,0.0,1.0,0.1934415698051452,0.3452253937721252,0.6279335916042328,0.0,0.0,0.1934415698051452,0.0,0.0
fast,19.707776001180353,18.80986976623535,21.340848922729492,0.013895094394683838,-0.026352733373641996,0.4477568864822387,0.026352733373641996,0.0,1.0,0.19244971871376035,0.3452253937721252,0.5312509536743164,0.0,0.0,0.19244971871376035,0.0,0.0
fast,19.64323605855306,18.80986976623535,21.340848922729492,0.013895094394683838,-0.026352733373641996,0.4391323626041412,0.026352733373641996,0.0,1.0,0.1934415698051452,0.3789635896682739,0.5390636920928955,0.0,0.0,0.1934415698051452,0.0,0.0
fast,19.648758424123127,18.80986976623535,21.340848922729492,0.013895094394683838,-0.026352733373641996,0.4391323626041412,0.026352733373641996,0.0,1.0,0.3214209377765655,0.4960173368453979,0.5390636920928955,0.0,0.0,0.3214209377765655,0.0,0.0
fast,19.70627709388733,18.80986976623535,21.340848922729492,0.013895094394683838,-0.022998750209808405,0.0776207745075225,0.022998750209808405,0.0,1.0,0.3531602025032043,0.5390636920928955,0.6025421917438507,0.0,0.0,0.3531602025032043,0.0,0.0
fast,19.715185073216755,18.80986976623535,21.340848922729492,0.013895094394683838,-0.0232383012771607,0.0666005462408065,0.0232383012771607,0.0,1.0,0.3531602025032043,0.4999847412109375,0.5390636920928955,0.0,0.0,0.3531602025032043,0.0,0.0
fast,19.579668992360432,18.80986976623535,21.336332321166992,0.013895094394683838,-0.0232383012771607,0.0376125387847423,0.0232383012771607,0.0,0.6406292915344238,0.3531602025032043,0.4682455062866211,0.5390636920928955,0.0,0.0,0.3531602025032043,0.0,0.0
fast,19.426044086449952,18.80986976623535,20.268604278564453,0.018926054239273016,-0.0232383012771607,-0.0852870270609855,0.0232383012771607,0.1706289947032928,0.6406292915344238,0.416653960943222,0.4682455062866211,0.5390636920928955,0.0,0.0,0.416653960943222,0.0,0.0
fast,19.369589153925578,18.80986976623535,19.89695930480957,0.018926054239273016,-0.0232383012771607,-0.0807351917028427,0.0232383012771607,0.3214209377765655,0.6406292915344238,0.416653960943222,0.4682455062866211,0.5390636920928955,0.0,0.0,0.416653960943222,0.0,0.0
fast,19.387564481099446,18.80986976623535,19.89695930480957,0.018926054239273016,-0.0232383012771607,0.0249153114855289,0.0232383012771607,0.2618945837020874,0.6406292915344238,0.3601031601428985,0.4444257915019989,0.5390636920928955,0.0,0.0,0.3601031601428985,0.0,0.0
fast,19.447083019454013,18.80994987487793,19.89695930480957,0.018926054239273016,-0.0232383012771607,0.0682775378227233,0.0232383012771607,0.2579271793365478,0.6406292915344238,0.3571276068687439,0.4444257915019989,0.5390636920928955,0.0,0.0,0.3571276068687439,0.0,0.0
fast,19.49395501236749,19.127771377563477,19.89695930480957,0.018926054239273016,-0.0232383012771607,0.0682775378227233,0.0232383012771607,0.099200427532196,0.6406292915344238,0.3531602025032043,0.4444257915019989,0.5390636920928955,0.0,0.0,0.3531602025032043,0.0,0.0
fast,19.524697440465292,19.24388885498047,19.987796783447266,0.018926054239273016,-0.0232383012771607,0.0682775378227233,0.0232383012771607,0.099200427532196,0.7031311988830566,0.3531602025032043,0.4444257915019989,0.5390636920928955,0.0,0.0,0.3531602025032043,0.0,0.0
fast,19.56926550889055,19.24388885498047,20.17393684387207,0.034258574247360285,-0.0232383012771607,0.5548447966575623,0.034258574247360285,0.0,0.7031311988830566,0.2817316055297851,0.416653960943222,0.4682455062866211,0.0,0.0,0.2817316055297851,0.0,0.0
fast,19.56314266822573,19.24388885498047,20.17393684387207,0.045039176940918024,-0.02826929092407232,0.8329859375953674,0.045039176940918024,0.0,0.7031311988830566,0.2579271793365478,0.3571276068687439,0.4444257915019989,0.0,0.0,0.2579271793365478,0.0,0.0
fast,19.490008239746093,18.78411102294922,20.17393684387207,0.045039176940918024,-0.02826929092407232,1.2769097089767456,0.045039176940918024,0.0,0.7031311988830566,0.099200427532196,0.3531602025032043,0.4404583871364593,0.0,0.0,0.099200427532196,0.0,0.0
fast,19.436679534402632,18.779726028442383,20.17393684387207,0.045039176940918024,-0.02826929092407232,1.2769097089767456,0.045039176940918024,0.0,0.7031311988830566,0.099200427532196,0.3531602025032043,0.4444257915019989,0.0,0.0,0.099200427532196,0.0,0.0
fast,19.46119782447815,18.779726028442383,20.17393684387207,0.045039176940918024,-0.02826929092407232,1.2769097089767456,0.045039176940918024,0.0,0.7031311988830566,0.0357066690921783,0.28569900989532465,0.416653960943222,0.0,0.0,0.0357066690921783,0.0,0.0
fast,19.469871944497545,18.779726028442383,20.17393684387207,0.045039176940918024,-0.02826929092407232,1.2769097089767456,0.045039176940918024,0.0,0.7031311988830566,0.0119022130966186,0.2579271793365478,0.3749885559082031,0.0,0.0,0.0119022130966186,0.0,0.0
fast,19.447372229894004,18.779726028442383,20.17393684387207,0.045039176940918024,-0.03569597005844122,1.2769097089767456,0.045039176940918024,0.0,0.7031311988830566,0.0119022130966186,0.1428571343421936,0.3739928901195526,0.0,0.0,0.0119022130966186,0.0,0.0
fast,19.41122057592611,18.779726028442383,20.17393684387207,0.045039176940918024,-0.03569597005844122,1.2769097089767456,0.045039176940918024,0.0,0.7031311988830566,0.0119022130966186,0.1428571343421936,0.3729972243309021,0.0,0.0,0.0119022130966186,0.0,0.0
fast,19.400099277496338,18.779726028442383,20.17393684387207,0.11020231246948242,-0.04408085346221924,1.2769097089767456,0.11020231246948242,0.0,0.7031311988830566,0.0119022130966186,0.1904660165309906,0.452360600233078,0.0,0.0,0.0119022130966186,0.0,0.0
fast,19.40305039087931,18.779726028442383,20.17393684387207,0.11020231246948242,-0.04408085346221924,1.2769097089767456,0.11020231246948242,0.0,0.6601611375808716,0.0119022130966186,0.1904660165309906,0.452360600233078,0.0,0.0,0.0119022130966186,0.0,0.0
fast,19.418134695678305,18.779726028442383,20.799184799194336,0.11020231246948242,-0.04408085346221924,1.2769097089767456,0.11020231246948242,0.0,1.0,0.0158696174621582,0.3214209377765655,0.452360600233078,0.0,0.0,0.0158696174621582,0.0,0.0
fast,19.579929815155893,18.779726028442383,21.644956588745117,0.11020231246948242,-0.04408085346221924,1.2769097089767456,0.11020231246948242,0.0,1.0,0.0912655889987945,0.3531602025032043,0.4880825281143188,0.0,0.0,0.0912655889987945,0.0,0.0
fast,19.801355908711752,18.779726028442383,21.644956588745117,0.11020231246948242,-0.04408085346221924,0.892878532409668,0.11020231246948242,0.0,1.0,0.1428571343421936,0.3928495049476623,0.4880825281143188,0.0,0.0,0.1428571343421936,0.0,0.0
fast,20.026207789010098,19.054353713989254,21.644956588745117,0.11020231246948242,-0.04408085346221924,0.335398405790329,0.11020231246948242,0.0,1.0,0.1428571343421936,0.404751718044281,0.4801477193832397,0.0,0.0,0.1428571343421936,0.0,0.0
fast,20.210899693171182,19.054353713989254,21.644956588745117,0.11020231246948242,-0.04408085346221924,0.335398405790329,0.11020231246948242,0.0,1.0,0.1468245387077331,0.452360600233078,0.5,0.0,0.0,0.1468245387077331,0.0,0.0
fast,20.418087865667612,19.054353713989254,21.644956588745117,0.11020231246948242,-0.04408085346221924,0.335398405790329,0.11020231246948242,0.0,1.0,0.3214209377765655,0.4563280045986175,0.5039063692092896,0.0,0.0,0.3214209377765655,0.0,0.0
fast,20.611890487670898,19.054353713989254,21.644956588745117,0.11020231246948242,-0.04408085346221924,0.6437253952026367,0.11020231246948242,0.0,1.0,0.3214209377765655,0.4563280045986175,0.5039063692092896,0.0,0.0,0.3214209377765655,0.0,0.0
fast,20.74023003578186,19.142568588256836,21.644956588745117,0.11020231246948242,-0.04408085346221924,0.6437253952026367,0.11020231246948242,0.0,1.0,0.4007843136787414,0.4722129106521606,0.5078127384185791,0.0,0.0,0.4007843136787414,0.0,0.0
fast,20.827013209660848,19.48189926147461,21.644956588745117,0.10373389720916748,-0.0277901552617549,0.6437253952026367,0.10373389720916748,0.0,1.0,0.4196295142173767,0.4761803150177002,0.5166020691394806,0.0,0.0,0.4196295142173767,0.0,0.0
fast,20.90137235867559,19.861347198486328,21.644956588745117,0.026592299342155512,-0.020842611789703286,0.6437253952026367,0.026592299342155512,0.0,1.0,0.3928495049476623,0.4920499324798584,0.7148503065109253,0.0,0.0,0.3928495049476623,0.0,0.0
fast,20.79034998257955,17.700510025024414,21.644956588745117,0.026592299342155512,-0.0203634756617249,0.6437253952026367,0.026592299342155512,0.0,1.0,0.0555589497089386,0.4761803150177002,0.5136722922325134,0.0,0.2769798934459686,0.0555589497089386,0.0,0.0
fast,20.285240791638692,14.931300163269045,21.54698944091797,0.026592299342155512,-0.018686480820179,0.6437253952026367,0.026592299342155512,0.0,0.9492172002792358,0.0,0.452360600233078,0.5117191076278687,0.0,0.2769798934459686,0.0,0.0,0.0
fast,19.258311638037362,6.4294867515563965,21.477052688598633,0.026592299342155512,-0.018686480820179,0.6437253952026367,0.026592299342155512,0.0,0.9492172002792358,0.0,0.452360600233078,0.5117191076278687,0.0,3.5,0.0,0.0,0.0
fast,17.34289583278199,0.0,21.477052688598633,0.026592299342155512,-0.018686480820179,0.6437253952026367,0.026592299342155512,0.0,0.9492172002792358,0.0,0.0138859152793884,0.5117191076278687,0.0,3.5,0.0,0.0,0.0
fast,15.207969252988697,0.0,21.477052688598633,0.026592299342155512,-0.018686480820179,0.6437253952026367,0.026592299342155512,0.0,0.9492172002792358,0.0,0.0,0.4761803150177002,0.0,3.5,0.0,0.0,0.0
fast,13.063033648257454,0.0,21.475793838500977,0.024915307760238703,-0.015332490205764826,0.6437253952026367,0.024915307760238703,0.0,0.9492172002792358,0.0,0.0,0.3581194579601288,0.0,3.5,0.0,0.0,0.0
fast,10.955900835121671,0.0,20.604581832885746,0.016051203012466375,-0.02084262669086462,0.6437253952026367,0.02084262669086462,0.0,0.9492172002792358,0.0,0.0,0.3263802006840706,0.0,3.5,0.0,0.0,0.0
fast,8.918574349805713,0.0,20.50607681274414,0.016051203012466375,-0.02084262669086462,0.5651463270187378,0.02084262669086462,0.0,0.9492172002792358,0.0,0.0,0.0,0.0,3.5,0.0,0.0,0.0
fast,6.9024543419728674,0.0,20.50607681274414,0.016051203012466375,-0.02084262669086462,0.500701904296875,0.02084262669086462,0.0,0.9492172002792358,0.0,0.0,0.0,0.0,3.5,0.0,0.0,0.0
fast,4.88799328804512,0.0,20.14586067199707,0.006468400359153803,-0.02084262669086462,0.500701904296875,0.02084262669086462,0.0,0.0,0.0,0.0,0.0,0.0,3.5,0.0,0.0,0.0
fast,2.9494564921905595,0.0,17.651470184326172,0.006468400359153803,-0.02084262669086462,0.3270134627819061,0.02084262669086462,0.0,0.0,0.0,0.0,0.0,0.0,3.5,0.0,0.0,0.0
fast,1.3184596370905637,0.0,14.874566078186035,0.006468400359153803,-0.02084262669086462,0.3270134627819061,0.02084262669086462,0.0,0.0,0.0,0.0,0.0,0.0,3.5,0.0,0.0,0.0
fast,0.21239879600703715,0.0,6.271693229675293,0.006468400359153803,-0.02084262669086462,0.3270134627819061,0.02084262669086462,0.0,0.0,0.0,0.0,0.0,0.0,3.5,0.0,0.0,0.0
fast,0.008940410300468405,0.0,0.7881559729576111,0.017009489238262204,-0.006228834390640203,0.2079470157623291,0.017009489238262204,0.0,1.0,0.0,0.0,0.0,0.0,0.0,0.0,0.0,0.0
fast,0.2813544484817733,0.0,4.670218467712402,0.09223461151123047,-0.006228834390640203,2.6865413188934326,0.09223461151123047,0.0,1.0,0.0,0.0,0.0,0.0,0.0,0.0,0.0,0.0
fast,0.9718708392822494,0.0,8.749283790588379,0.09223461151123047,-0.006228834390640203,4.009209156036377,0.09223461151123047,0.0,1.0,0.0,0.0,0.0,0.0,0.0,0.0,0.0,0.0
fast,1.933468227867658,0.0,9.867403984069824,0.09223461151123047,-0.06372570991516113,4.009209156036377,0.09223461151123047,0.0,1.0,0.0,0.0,0.7578051090240479,0.0,0.0,0.0,0.0,0.0
fast,2.8755779080434394,0.0,9.867403984069824,0.09223461151123047,-0.0735480785369873,4.009209156036377,0.09223461151123047,0.0,1.0,0.0,0.0,0.7578051090240479,0.0,0.6867305636405945,0.0,0.0,0.0
fast,3.4097661877358845,0.0,9.867403984069824,0.09223461151123047,-0.0735480785369873,4.009209156036377,0.09223461151123047,0.0,1.0,0.0,0.0,0.7617114782333374,0.0,0.7218878865242004,0.0,0.0,0.0
fast,3.424405420096591,0.0,9.867403984069824,0.09223461151123047,-0.0735480785369873,4.009209156036377,0.09223461151123047,0.0,1.0,0.0,0.0,0.7578051090240479,0.0,0.7218878865242004,0.0,0.0,0.0
fast,3.424405420096591,0.0,9.867403984069824,0.09223461151123047,-0.0735480785369873,4.009209156036377,0.09223461151123047,0.0,1.0,0.0,0.0,0.7578051090240479,0.0,0.7218878865242004,0.0,0.0,0.0
fast,3.424405420096591,0.0,9.867403984069824,0.09223461151123047,-0.0735480785369873,4.009209156036377,0.09223461151123047,0.0,1.0,0.0,0.0,0.7578051090240479,0.0,0.7218878865242004,0.0,0.0,0.0
fast,3.424405420096591,0.0,9.867403984069824,0.09223461151123047,-0.0735480785369873,4.009209156036377,0.09223461151123047,0.0,1.0,0.0,0.0,0.7578051090240479,0.0,0.7218878865242004,0.0,0.0,0.0
fast,3.4154650097961228,0.0,9.867403984069824,0.09223461151123047,-0.0735480785369873,4.009209156036377,0.09223461151123047,0.0,1.0,0.0,0.0,0.3095187321305275,0.0,0.7218878865242004,0.0,0.0,0.0
fast,3.1430509716148176,0.0,9.867403984069824,0.05342411994934082,-0.0735480785369873,4.009209156036377,0.0735480785369873,0.0,1.0,0.0,0.0,0.0,0.0,0.7218878865242004,0.0,0.0,0.0
fast,2.4525345808143415,0.0,9.867403984069824,0.0028748512268066406,-0.0735480785369873,4.009209156036377,0.0735480785369873,0.0,1.0,0.0,0.0,0.0,0.0,0.7218878865242004,0.0,0.0,0.0
fast,1.4909371922289332,0.0,9.737011909484863,0.0028748512268066406,-0.0735480785369873,2.990556001663208,0.0735480785369873,0.0,0.2579271793365478,0.0,0.0,0.0,0.0,0.7218878865242004,0.0,0.0,0.0
fast,0.548827512053152,0.0,8.46407699584961,0.0,-0.03833127021789562,1.1358027458190918,0.03833127021789562,0.0,0.0,0.0,0.0,0.0,0.0,0.7218878865242004,0.0,0.0,0.0
fast,0.023235401970644793,0.0,1.764618992805481,0.0,0.0,0.3382732570171356,0.0,0.0,1.0,0.0,0.0,0.0,0.0,0.0138859152793884,0.0,0.0,0.0
fast,0.29194732931753,0.0,5.237680435180664,0.0,0.0,0.3382732570171356,0.0,0.0,1.0,0.0,0.0,0.0,0.0,0.0,0.0,0.0,0.0
fast,1.06156123029689,0.0,9.52818775177002,0.0,-0.0014374256134033203,0.3382732570171356,0.0014374256134033203,0.0,1.0,0.0,0.0,0.0,0.0,0.0,0.0,0.0,0.0
fast,2.1801075763255358,0.0,12.854728698730469,0.0,-0.04216437041759491,0.3382732570171356,0.04216437041759491,0.0,1.0,0.0,0.0,1.0,0.0,0.0,0.0,0.0,0.0
fast,3.5897278844165883,0.0,15.319738388061523,0.014134652912616799,-0.04216437041759491,0.3382732570171356,0.04216437041759491,0.0,1.0,0.0,0.0,1.0,0.0,0.0,0.0,0.0,0.0
fast,5.249229048366348,0.0,17.425809860229492,0.014134652912616799,-0.04216437041759491,0.3382732570171356,0.04216437041759491,0.0,1.0,0.0,1.0,1.0,0.0,0.0,0.0,0.0,0.0
fast,7.076662488256892,0.0,18.6137638092041,0.014134652912616799,-0.04216437041759491,0.3382732570171356,0.04216437041759491,0.0,1.0,0.0,1.0,1.0,0.0,0.0,0.0,0.0,0.0
fast,8.906765434220434,0.0,18.6137638092041,0.014134652912616799,-0.04216437041759491,0.3382732570171356,0.04216437041759491,0.0,1.0,0.0,1.0,1.0,0.0,0.0,0.0,0.0,0.0
fast,10.680905119480196,0.0,18.6137638092041,0.014134652912616799,-0.04216437041759491,0.3382732570171356,0.04216437041759491,0.0,1.0,0.0,1.0,1.0,0.0,0.0,0.0,0.0,0.0
fast,12.423473064377903,0.0,18.6137638092041,0.014134652912616799,-0.04216437041759491,0.3382732570171356,0.04216437041759491,0.0,1.0,0.0,1.0,1.0,0.0,0.2372905761003494,0.0,0.0,0.0
fast,13.968453640350685,0.5490915179252625,18.6137638092041,0.031144142150878906,-0.04216437041759491,0.3382732570171356,0.04216437041759491,0.0,1.0,0.0,1.0,1.0,0.0,0.3844920098781585,0.0,0.0,0.0
fast,15.26195683980824,5.323747634887695,18.6137638092041,0.03401899337768555,-0.04216437041759491,0.3382732570171356,0.04216437041759491,0.0,1.0,0.0,0.9921872615814208,1.0,0.0,0.3844920098781585,0.0,0.0,0.0
fast,16.15365216890971,9.580662727355955,18.6137638092041,0.03401899337768555,-0.04216437041759491,0.3368358314037323,0.04216437041759491,0.0,1.0,0.0,0.5390636920928955,1.0,0.0,0.3844920098781585,0.0,0.0,0.0
fast,16.67614743232727,12.913564682006836,18.6137638092041,0.03401899337768555,-0.031144112348556463,0.2750267088413238,0.03401899337768555,0.0,1.0,0.0,0.07341226935386655,1.0,0.0,0.3844920098781585,0.0,0.0,0.0
fast,16.902957053033763,15.2014799118042,18.6137638092041,0.03401899337768555,-0.031144112348556463,0.2750267088413238,0.03401899337768555,0.0,1.0,0.0,0.0793633759021759,0.8281197547912598,0.0,0.3844920098781585,0.0,0.0,0.0
fast,16.992836650212606,15.2014799118042,18.6137638092041,0.03401899337768555,-0.031144112348556463,0.2750267088413238,0.03401899337768555,0.0,1.0,0.0,0.07341226935386655,0.6484420299530029,0.0,0.3844920098781585,0.0,0.0,0.0
fast,16.93693816502889,15.2014799118042,18.505748748779297,0.03401899337768555,-0.031144112348556463,0.3193472027778625,0.03401899337768555,0.0,1.0,0.0,0.0674611628055572,0.5908230841159821,0.0,0.3844920098781585,0.0,0.0,0.0
fast,16.849292783737184,15.2014799118042,18.087112426757812,0.03401899337768555,-0.029467105865478294,0.3600741624832153,0.03401899337768555,0.0,1.0,0.0,0.1071352362632751,0.5908230841159821,0.0,0.3844920098781585,0.0,0.0,0.0
fast,16.77048762321472,15.2014799118042,17.795013427734375,0.03401899337768555,-0.029467105865478294,0.5608340501785278,0.03401899337768555,0.0,1.0,0.0,0.1071352362632751,0.5908230841159821,0.0,0.3844920098781585,0.0,0.0,0.0
fast,16.70019962946574,15.2014799118042,17.795013427734375,0.03401899337768555,-0.023717463016509996,0.7596774101257324,0.03401899337768555,0.0,1.0,0.0,0.1964171230792999,0.5908230841159821,0.0,0.3844920098781585,0.0,0.0,0.0
fast,16.81793066342672,15.2014799118042,17.795013427734375,0.03401899337768555,-0.023717463016509996,0.7611148357391357,0.03401899337768555,0.0,1.0,0.0069429576396942,0.39681690931320185,0.6445356607437134,0.0,0.0,0.0069429576396942,0.0,0.0
fast,17.02336324034832,16.1751766204834,17.9404296875,0.01868647336959839,-0.02371746301651001,0.7611148357391357,0.02371746301651001,0.0,1.0,0.0,0.3531602025032043,0.6406292915344238,0.0,0.0,0.0,0.0,0.0
fast,17.073910466418642,14.697265625,17.9404296875,0.01868647336959839,-0.02371746301651001,0.8785042762756348,0.02371746301651001,0.0,0.8554643392562866,0.0,0.2142857015132904,0.5703146457672119,0.0,1.882763147354126,0.0,0.0,0.0
fast,16.452645671984587,6.777663707733154,17.9404296875,0.01868647336959839,-0.02371746301651001,0.8785042762756348,0.02371746301651001,0.0,0.8554643392562866,0.0,0.1071352362632751,0.5703146457672119,0.0,3.5,0.0,0.0,0.0
fast,15.467016723950705,6.605194091796875,17.9404296875,0.01868647336959839,-0.02371746301651001,0.8785042762756348,0.02371746301651001,0.0,0.8554643392562866,0.0,0.0753959715366363,0.5507827997207642,0.0,3.5,0.0,0.0,0.0
fast,14.457906277231462,6.596969127655029,17.9404296875,0.01868647336959839,-0.02371746301651001,0.8785042762756348,0.02371746301651001,0.0,1.0,0.0,0.0039674043655395,0.4920499324798584,0.0,3.5,0.0,0.0,0.0
fast,13.636375918388367,6.596969127655029,17.9404296875,0.030664980411529597,-0.02371746301651001,0.8785042762756348,0.030664980411529597,0.0,1.0,0.0,0.053575247526168795,0.6894589066505432,0.0,3.5,0.0,0.0,0.0
fast,13.164957849184672,6.596969127655029,17.9404296875,0.030664980411529597,-0.02371746301651001,0.8785042762756348,0.030664980411529597,0.0,1.0,0.0,0.23213905096054074,1.0,0.0,3.5,0.0,0.0,0.0
fast,12.971202522913615,6.596969127655029,17.9404296875,0.030664980411529597,-0.02371746301651001,0.8785042762756348,0.030664980411529597,0.0,1.0,0.0,0.6210974454879761,1.0,0.0,3.5,0.0,0.0,0.0
fast,12.981376541455587,6.596969127655029,17.9404296875,0.030664980411529597,-0.02371746301651001,0.8785042762756348,0.030664980411529597,0.0,1.0,0.0,0.8144474625587463,1.0,0.0,3.5,0.0,0.0,0.0
fast,13.098789318402607,6.596969127655029,18.20409393310547,0.030664980411529597,-0.02371746301651001,0.8785042762756348,0.030664980411529597,0.0,1.0,0.0,0.8359324932098389,1.0,0.0,3.5,0.0,0.0,0.0
fast,13.116181893348694,6.596969127655029,18.20409393310547,0.030664980411529597,-0.016290783882141113,0.8785042762756348,0.030664980411529597,0.0,1.0,0.0,0.7929624319076538,1.0,0.0,3.5,0.0,0.0,0.0
fast,13.143350345719476,6.596969127655029,18.20409393310547,0.030664980411529597,-0.01557208597660073,0.767822802066803,0.030664980411529597,0.0,1.0,0.0,0.7929624319076538,1.0,0.0,3.5,0.0,0.0,0.0
fast,13.802413447724405,6.596969127655029,18.20409393310547,0.030664980411529597,-0.01557208597660073,0.671036422252655,0.030664980411529597,0.0,1.0,0.0674611628055572,0.7929624319076538,1.0,0.0,0.0,0.0674611628055572,0.0,0.0
fast,14.76785015741984,6.596969127655029,18.20409393310547,0.030664980411529597,-0.01557208597660073,0.671036422252655,0.030664980411529597,0.0,1.0,0.0674611628055572,0.7148503065109253,1.0,0.0,0.0,0.0674611628055572,0.0,0.0
fast,15.666654778796305,8.119083404541016,18.20409393310547,0.030664980411529597,-0.01557208597660073,0.5819162726402283,0.030664980411529597,0.0,1.0,0.0674611628055572,0.1269875168800354,1.0,0.0,0.0,0.0674611628055572,0.0,0.0
fast,16.332277170817058,11.136527061462402,18.20409393310547,0.0124576557427644,-0.01557208597660073,0.4930356740951538,0.01557208597660073,0.0,1.0,0.0674611628055572,0.1269875168800354,0.9414044618606568,0.0,0.0,0.0674611628055572,0.0,0.0
fast,16.70486385981242,14.220497131347656,18.20409393310547,0.0124576557427644,-0.01557208597660073,0.2589755058288574,0.01557208597660073,0.0,1.0,0.0674611628055572,0.1269875168800354,0.6464888453483582,0.0,0.0,0.0674611628055572,0.0,0.0
fast,16.92395036192781,15.94812297821045,18.20409393310547,0.0124576557427644,-0.0153325013816357,0.2201651036739349,0.0153325013816357,0.0,0.964842677116394,0.0674611628055572,0.1269875168800354,0.578127384185791,0.0,0.0,0.0674611628055572,0.0,0.0
fast,17.072342732747394,16.124774932861328,18.618650436401367,0.012457653880119303,-0.0153325013816357,0.1375133544206619,0.0153325013816357,0.0,0.964842677116394,0.0674611628055572,0.1269875168800354,0.5546891689300537,0.0,0.0,0.0674611628055572,0.0,0.0
fast,17.043226804733276,14.702347755432127,18.7997989654541,0.13128453493118286,-0.0091036716476083,1.7986937761306765,0.13128453493118286,0.0,0.5820337533950806,0.0674611628055572,0.0952330231666565,0.5517593920230865,0.0,3.5,0.0674611628055572,0.0,0.0
fast,16.574702380498252,12.62550163269043,18.7997989654541,0.13128453493118286,-0.2096240520477296,2.435711145401001,0.2096240520477296,0.0,1.0,0.0674611628055572,0.12499618530273435,0.5546891689300537,0.0,3.5,0.0674611628055572,0.0,0.0
fast,16.320182998975117,12.62550163269043,18.7997989654541,0.16841793060302734,-0.2096240520477296,2.435711145401001,0.2096240520477296,0.0,1.0,0.087298184633255,0.1269875168800354,0.578127384185791,0.0,3.5,0.087298184633255,0.0,0.0
fast,16.275995512008667,12.62550163269043,18.7997989654541,0.16841793060302734,-0.2096240520477296,2.435711145401001,0.2096240520477296,0.0,1.0,0.0952330231666565,0.4186376631259918,0.5820337533950806,0.0,3.5,0.0952330231666565,0.0,0.0
fast,16.261147470474242,12.62550163269043,18.7997989654541,0.16841793060302734,-0.2096240520477296,2.435711145401001,0.2096240520477296,0.0,1.0,0.1190374493598938,0.4186376631259918,0.5820337533950806,0.0,3.5,0.1190374493598938,0.0,0.0
fast,16.274853666557096,12.62550163269043,18.7997989654541,0.16841793060302734,-0.2096240520477296,2.435711145401001,0.2096240520477296,0.0,1.0,0.1269875168800354,0.4206213653087616,0.5820337533950806,0.0,3.5,0.1269875168800354,0.0,0.0
fast,16.298092362085978,12.62550163269043,18.7997989654541,0.16841793060302734,-0.2096240520477296,2.435711145401001,0.2096240520477296,0.0,1.0,0.230155348777771,0.4186376631259918,0.5820337533950806,0.0,3.5,0.230155348777771,0.0,0.0
fast,16.290428822835285,12.62550163269043,18.7997989654541,0.16841793060302734,-0.2096240520477296,2.435711145401001,0.2096240520477296,0.0,1.0,0.20336008071899414,0.2896664142608642,0.5820337533950806,0.0,3.5,0.20336008071899414,0.0,0.0
fast,16.16538917382558,12.62550163269043,18.7997989654541,0.16841793060302734,-0.2096240520477296,2.435711145401001,0.2096240520477296,0.0,1.0,0.0912655889987945,0.2777642011642456,0.5546891689300537,0.0,3.5,0.0912655889987945,0.0,0.0
fast,15.916278621355692,12.62550163269043,18.7997989654541,0.16841793060302734,-0.2096240520477296,2.435711145401001,0.2096240520477296,0.0,1.0,0.0357066690921783,0.2440412640571594,0.47022920846939087,0.0,3.5,0.0357066690921783,0.0,0.0
fast,15.789700307846068,12.62550163269043,17.142894744873047,0.16841793060302734,-0.2096240520477296,2.435711145401001,0.2096240520477296,0.0,1.0,0.1190374493598938,0.2817316055297851,0.9687490463256836,0.0,3.5,0.1190374493598938,0.0,0.0
fast,16.250083208084106,13.743341445922852,18.152320861816406,0.16841793060302734,-0.06324648857116699,0.8801812529563904,0.16841793060302734,0.0,1.0,0.1378978788852691,0.2856990098953247,1.0,0.0,0.0,0.1378978788852691,0.0,0.0
fast,16.568724074363708,15.640195846557615,18.152320861816406,0.0376125425100326,-0.03976868093013772,0.937917709350586,0.03976868093013772,0.0,1.0,0.0952330231666565,0.2698293924331665,0.5019417405128479,0.0,0.0,0.0952330231666565,0.0,0.0
fast,16.723386754989622,15.640195846557615,18.152320861816406,0.026113167405128507,-0.03282113373279569,0.937917709350586,0.03282113373279569,0.0,1.0,0.1230048537254333,0.2777642011642456,0.3729972243309021,0.0,0.0,0.1230048537254333,0.0,0.0
fast,16.878629964659726,15.640195846557615,18.152320861816406,0.026113167405128507,-0.03258156776428217,0.937917709350586,0.03258156776428217,0.0,1.0,0.1507919430732727,0.2777642011642456,0.3729972243309021,0.0,0.0,0.1507919430732727,0.0,0.0
fast,17.03335096832123,15.640195846557615,18.152320861816406,0.026113167405128507,-0.03258156776428217,0.937917709350586,0.03258156776428217,0.0,1.0,0.1507919430732727,0.2777642011642456,0.3729972243309021,0.0,0.0,0.1507919430732727,0.0,0.0
fast,17.184779240290325,15.640195846557615,18.152320861816406,0.026113167405128507,-0.03258156776428217,0.937917709350586,0.03258156776428217,0.0,1.0,0.1507919430732727,0.3214209377765655,0.3729972243309021,0.0,0.0,0.1507919430732727,0.0,0.0
fast,17.335997546513877,15.640195846557615,18.152320861816406,0.026113167405128507,-0.03258156776428217,0.937917709350586,0.03258156776428217,0.0,1.0,0.1825312077999115,0.3214209377765655,0.3729972243309021,0.0,0.0,0.1825312077999115,0.0,0.0
fast,17.516576090320722,15.640195846557615,18.152320861816406,0.026113167405128507,-0.03258156776428217,0.937917709350586,0.03258156776428217,0.0,1.0,0.3134861290454864,0.3253883421421051,0.3729972243309021,0.0,0.0,0.3134861290454864,0.0,0.0
fast,17.727274499870898,15.916927337646484,18.152320861816406,0.026113167405128507,-0.03258156776428217,0.937917709350586,0.03258156776428217,0.0,1.0,0.2797479033470154,0.3214209377765655,0.3392742872238159,0.0,0.0,0.2797479033470154,0.0,0.0
fast,17.804050614039102,17.028167724609375,18.152320861816406,0.026592314243316595,-0.03258156776428217,0.937917709350586,0.03258156776428217,0.0,1.0,0.2063356339931488,0.3214209377765655,0.3253883421421051,0.0,0.0,0.2063356339931488,0.0,0.0
fast,17.738884687423706,17.028167724609375,18.107786178588867,0.026592314243316595,-0.03330028057098389,1.233307957649231,0.03330028057098389,0.0,0.535157322883606,0.2222205400466919,0.3214209377765655,0.3253883421421051,0.0,0.0,0.2222205400466919,0.0,0.0
fast,17.694447587331137,17.028167724609375,17.947006225585938,0.026592314243316595,-0.03330028057098389,1.233307957649231,0.03330028057098389,0.0,1.0,0.3045594692230224,0.3214209377765655,0.365062415599823,0.0,0.0,0.3045594692230224,0.0,0.0
fast,17.75161498615857,17.028167724609375,19.106359481811523,0.026592314243316595,-0.03330028057098389,1.233307957649231,0.03330028057098389,0.0,1.0,0.3055513203144073,0.3253883421421051,0.5214850306510925,0.0,0.0,0.3055513203144073,0.0,0.0
fast,17.948189670353283,17.028167724609375,20.44784164428711,0.026592314243316595,-0.03330028057098389,1.233307957649231,0.03330028057098389,0.0,1.0,0.3214209377765655,0.3253883421421051,0.6171910762786865,0.0,0.0,0.3214209377765655,0.0,0.0
fast,18.275610450108847,17.028167724609375,21.77657127380371,0.026592314243316595,-0.03330028057098389,1.233307957649231,0.03330028057098389,0.0,1.0,0.3214209377765655,0.36902981996536255,1.0,0.0,0.0,0.3214209377765655,0.0,0.0
fast,18.687706724802652,17.028167724609375,22.09747886657715,0.026592314243316595,-0.03330028057098389,1.233307957649231,0.03330028057098389,0.0,1.0,0.3055513203144073,0.5097659230232239,1.0,0.0,0.0,0.3055513203144073,0.0,0.0
fast,19.072734572092692,17.028167724609375,22.09747886657715,0.026592314243316595,-0.03330028057098389,1.233307957649231,0.03330028057098389,0.0,1.0,0.04563662409782407,0.5097659230232239,1.0,0.0,0.0,0.04563662409782407,0.0,0.0
fast,19.411842231940906,17.028167724609375,22.09747886657715,0.026592314243316595,-0.03330028057098389,1.233307957649231,0.03330028057098389,0.0,1.0,0.0,0.5078127384185791,1.0,0.0,0.0,0.0,0.0,0.0
fast,19.714813971876502,17.028167724609375,22.09747886657715,0.026592314243316595,-0.03330028057098389,1.233307957649231,0.03330028057098389,0.0,1.0,0.0,0.5078127384185791,1.0,0.0,0.0,0.0,0.0,0.0
fast,20.032269509633384,17.03066062927246,22.09747886657715,0.023238301277160422,-0.03330028057098389,1.233307957649231,0.03330028057098389,0.0,1.0,0.0,0.5097659230232239,1.0,0.0,0.0,0.0,0.0,0.0
fast,20.31680457750956,17.25152587890625,22.09747886657715,0.0186864826828241,-0.0218008980154991,0.9225852489471436,0.0218008980154991,0.0,1.0,0.0,0.0,1.0,0.0,0.0257957726716995,0.0,0.0,0.0
fast,20.355907204553162,14.32943344116211,22.09747886657715,0.0186864826828241,-0.04575794935226446,0.8943158984184265,0.04575794935226446,0.0,1.0,0.0,0.0,1.0,0.0,2.736304759979248,0.0,0.0,0.0
fast,19.73907371844706,11.869340896606444,22.09747886657715,0.03952908515930176,-0.10469222068786666,0.5534073710441589,0.10469222068786666,0.0,1.0,0.0,0.0,0.2976165115833282,0.0,2.736304759979248,0.0,0.0,0.0
fast,18.974371388753255,11.82254409790039,22.09747886657715,0.07235026359558105,-0.10469222068786666,0.335398405790329,0.10469222068786666,0.0,1.0,0.0,0.0,0.06051821261644362,0.0,2.736304759979248,0.0,0.0,0.0
fast,18.234337339401247,11.82254409790039,22.09747886657715,0.07235026359558105,-0.10469222068786666,0.4899212718009949,0.10469222068786666,0.0,1.0,0.0,0.0,0.06051821261644362,0.0,2.736304759979248,0.0,0.0,0.0
fast,17.606343111991883,11.82254409790039,21.92228126525879,0.07235026359558105,-0.10469222068786666,1.1631138324737549,0.10469222068786666,0.0,1.0,0.0,0.0,0.613284707069397,0.0,2.736304759979248,0.0,0.0,0.0
fast,17.19919423945559,11.82254409790039,21.50549697875977,0.07235026359558105,-0.10469222068786666,1.1631138324737549,0.10469222068786666,0.0,1.0,0.0,0.0,1.0,0.0,2.736304759979248,0.0,0.0,0.0
fast,16.86729858557383,11.82254409790039,21.064428329467773,0.07235026359558105,-0.10469222068786666,1.1631138324737549,0.10469222068786666,0.0,1.0,0.0,0.0,1.0,0.0,2.736304759979248,0.0,0.0,0.0
fast,16.531124510765075,11.82254409790039,20.629438400268555,0.07235026359558105,-0.10469222068786666,1.1631138324737549,0.10469222068786666,0.0,1.0,0.0,0.0,1.0,0.0,2.736304759979248,0.0,0.0,0.0
fast,16.192606790860495,11.82254409790039,20.194881439208984,0.07235026359558105,-0.10469222068786666,1.1631138324737549,0.10469222068786666,0.0,1.0,0.0,0.01785331964492795,1.0,0.0,2.736304759979248,0.0,0.0,0.0
fast,15.855800855954488,11.82254409790039,19.673185348510746,0.07235026359558105,-0.10469222068786666,1.1631138324737549,0.10469222068786666,0.0,1.0,0.0,0.0357066690921783,1.0,0.0,2.736304759979248,0.0,0.0,0.0
fast,15.736018945690796,11.82254409790039,18.206024169921875,0.07235026359558105,-0.10469222068786666,1.1631138324737549,0.10469222068786666,0.0,1.0,0.0,0.1666615903377533,1.0,0.0,1.0265846252441406,0.0,0.0,0.0
fast,16.16074003537496,11.82254409790039,18.206024169921875,0.07235026359558105,-0.04096651077270508,1.1631138324737549,0.07235026359558105,0.0,1.0,0.0158696174621582,0.2380901575088501,1.0,0.0,0.0,0.0158696174621582,0.0,0.0
fast,16.615127787590026,12.785106658935549,18.206024169921875,0.06037171185016632,-0.04096651077270508,1.1631138324737549,0.06037171185016632,0.0,1.0,0.0198370218276977,0.2103182971477508,1.0,0.0,0.0,0.0198370218276977,0.0,0.0
fast,16.90795023759206,14.732280731201172,18.206024169921875,0.05390334129333496,-0.04096651077270508,1.1631138324737549,0.05390334129333496,0.0,1.0,0.0198370218276977,0.2023682296276092,0.3620868623256683,0.0,0.0,0.0198370218276977,0.0,0.0
fast,17.00234666188558,16.458723068237305,18.206024169921875,0.029467105865478516,-0.02826929092407232,0.8624531030654907,0.029467105865478516,0.0,1.0,0.0198370218276977,0.1984008252620697,0.2380901575088501,0.0,0.0,0.0198370218276977,0.0,0.0
fast,16.901301522024855,16.458723068237305,18.16767692565918,0.01940518617630005,-0.02012389898300171,0.8344233632087708,0.02012389898300171,0.0,0.4325235784053802,0.0198370218276977,0.1984008252620697,0.2023682296276092,0.0,0.0,0.0198370218276977,0.0,0.0
fast,16.76426991780599,16.458723068237305,17.72352409362793,0.01940518617630005,-0.02012389898300171,0.8375377655029297,0.02012389898300171,0.0,0.4325235784053802,0.0357066690921783,0.1984008252620697,0.2023682296276092,0.0,0.0,0.0357066690921783,0.0,0.0
fast,16.67167864481608,16.458723068237305,17.24579620361328,0.01940518617630005,-0.02084261178970337,0.8375377655029297,0.02084261178970337,0.0,0.4325235784053802,0.1984008252620697,0.1984008252620697,0.2023682296276092,0.0,0.0,0.1984008252620697,0.0,0.0
fast,16.62074543317159,16.458723068237305,16.820758819580078,0.01940518617630005,-0.02084261178970337,0.8375377655029297,0.02084261178970337,0.0,0.4325235784053802,0.1984008252620697,0.1984008252620697,0.2023682296276092,0.0,0.0,0.1984008252620697,0.0,0.0
fast,16.611133387883505,16.4765567779541,16.690032958984375,0.02084261178970337,-0.02084261178970337,0.8375377655029297,0.02084261178970337,0.1666615903377533,0.4325235784053802,0.1984008252620697,0.1984008252620697,0.2023682296276092,0.0,0.0,0.1984008252620697,0.0,0.0
fast,16.589948981602987,16.182327270507812,16.684110641479492,0.02084261178970337,-0.03066498041152954,0.9237830638885498,0.03066498041152954,0.0,0.2380901575088501,0.1984008252620697,0.1984008252620697,0.1984008252620697,0.0,0.0,0.1984008252620697,0.0,0.0
fast,16.495677804708084,14.517178535461426,16.684110641479492,0.02084261178970337,-0.08193302154541016,0.9237830638885498,0.08193302154541016,0.0,0.2380901575088501,0.1984008252620697,0.1984008252620697,0.1984008252620697,0.0,0.4734382033348083,0.1984008252620697,0.0,0.0
fast,16.066032916704813,10.58785915374756,16.673940658569336,0.02084261178970337,-0.08193302154541016,0.9237830638885498,0.08193302154541016,0.0,0.2023682296276092,0.0,0.1984008252620697,0.1984008252620697,0.0,0.6164159178733826,0.0,0.0,0.0
fast,15.397725397745768,9.375611305236816,16.663658142089844,0.12936806678771973,-0.08193302154541016,0.9237830638885498,0.12936806678771973,0.0,0.1984008252620697,0.0,0.1984008252620697,0.1984008252620697,0.0,0.6164159178733826,0.0,0.0,0.0
fast,14.27035697042942,1.1067490577697754,16.645946502685547,0.12936806678771973,-0.08193302154541016,1.1513748168945312,0.12936806678771973,0.0,0.1984008252620697,0.0,0.1984008252620697,0.1984008252620697,0.0,3.5,0.0,0.0,0.0
fast,12.613229421426853,0.0,16.623226165771484,0.12936806678771973,-0.08193302154541016,1.320751070976257,0.12936806678771973,0.0,0.1984008252620697,0.0,0.0,0.1984008252620697,0.0,3.5,0.0,0.0,0.0
fast,10.95278408413132,0.0,16.584409713745117,0.12936806678771973,-0.08193302154541016,1.9477065801620483,0.12936806678771973,0.0,0.1984008252620697,0.0,0.0,0.1984008252620697,0.0,3.5,0.0,0.0,0.0
fast,9.296394780923922,0.0,16.5422420501709,0.12936806678771973,-0.08193302154541016,1.982683777809143,0.12936806678771973,0.0,0.1984008252620697,0.0,0.0,0.0277718305587768,0.0,3.5,0.0,0.0,0.0
fast,7.657064272734478,0.0,16.501323699951172,0.12936806678771973,-0.08193302154541016,1.982683777809143,0.12936806678771973,0.0,0.1984008252620697,0.0,0.0,0.0,0.0,3.5,0.0,0.0,0.0
fast,5.995153332849344,0.0,16.495262145996094,0.12936806678771973,-0.08193302154541016,1.982683777809143,0.12936806678771973,0.0,1.0,0.0,0.0,0.0,0.0,3.5,0.0,0.0,0.0
fast,4.600571868568659,0.0,16.173805236816406,0.12936806678771973,-0.08193302154541016,1.982683777809143,0.12936806678771973,0.0,1.0,0.0,0.0,0.0,0.0,3.5,0.0,0.0,0.0
fast,3.766163469104719,0.0,14.450960159301758,0.12936806678771973,-0.07211065292358398,1.982683777809143,0.12936806678771973,0.0,1.0,0.0,0.0,0.0595263540744781,0.0,3.5,0.0,0.0,0.0
fast,3.5699956180155277,0.0,12.189712524414062,0.12936806678771973,-0.07211065292358398,1.982683777809143,0.12936806678771973,0.0,1.0,0.0,0.0,1.0,0.0,3.5,0.0,0.0,0.0
fast,3.933312093565861,0.0,14.602794647216797,0.10804617404937766,-0.07211065292358398,1.982683777809143,0.10804617404937766,0.0,1.0,0.0,0.0476241409778595,1.0,0.0,3.5,0.0,0.0,0.0
fast,4.925952490611944,0.0,16.341293334960938,0.04120612144470215,-0.07211065292358398,1.982683777809143,0.07211065292358398,0.0,1.0,0.0,0.843745231628418,1.0,0.0,3.5,0.0,0.0,0.0
fast,6.623133013745149,0.0,17.031171798706055,0.04120612144470215,-0.07211065292358398,1.982683777809143,0.07211065292358398,0.0,1.0,0.0,0.8749961853027344,1.0,0.0,0.0,0.0,0.0,0.0
fast,8.320874007244905,0.0,17.072021484375,0.0153324985876679,-0.07211065292358398,1.982683777809143,0.07211065292358398,0.0,1.0,0.0476241409778595,0.8749961853027344,1.0,0.0,0.0,0.0476241409778595,0.0,0.0
fast,9.968255220750967,0.0,17.072021484375,0.0153324985876679,-0.07211065292358398,1.982683777809143,0.07211065292358398,0.0,1.0,0.0476241409778595,0.8749961853027344,1.0,0.0,0.0,0.0476241409778595,0.0,0.0
fast,11.5434391951799,0.0,17.072021484375,0.02132174372673029,-0.07211065292358398,1.982683777809143,0.07211065292358398,0.0,1.0,0.0,0.8710898160934448,1.0,0.0,0.0,0.0,0.0,0.0
fast,13.101085935284694,0.265966534614563,17.072021484375,0.024915307760238703,-0.07211065292358398,1.982683777809143,0.07211065292358398,0.0,1.0,0.0,0.8691366314888,1.0,0.0,0.0,0.0,0.0,0.0
fast,14.33935582558314,4.784755229949951,17.072021484375,0.041685283184051514,-0.027550578117370605,1.1616764068603516,0.041685283184051514,0.0,1.0,0.0,0.4424420893192291,1.0,0.0,0.0,0.0,0.0,0.0
fast,15.050942991574605,9.132491111755373,17.072021484375,0.041685283184051514,-0.015332460403442383,1.6793878078460691,0.041685283184051514,0.0,1.0,0.0,0.0,0.9736320078372955,0.0,0.0,0.0,0.0,0.0
fast,15.358561042149862,12.244356155395508,17.072021484375,0.041685283184051514,-0.03713333606719971,1.6793878078460691,0.041685283184051514,0.0,1.0,0.0,0.0,0.5234382152557373,0.0,0.0,0.0,0.0,0.0
fast,15.033878258864085,6.189990997314453,17.072021484375,0.041685283184051514,-0.03713333606719971,1.6793878078460691,0.041685283184051514,0.0,1.0,0.0,0.0,0.04761269688606255,0.0,3.5,0.0,0.0,0.0
fast,13.707740463099494,0.0,17.072021484375,0.041685283184051514,-0.03713333606719971,1.6793878078460691,0.041685283184051514,0.0,1.0,0.0,0.0,0.0,0.0,3.5,0.0,0.0,0.0
fast,12.276118464861066,0.0,17.072021484375,0.041685283184051514,-0.03713333606719971,1.6793878078460691,0.041685283184051514,0.0,1.0,0.0,0.0,0.0,0.0,3.5,0.0,0.0,0.0
fast,11.333269534502179,0.0,16.74178695678711,0.08912014961242676,-0.03713333606719971,3.391836404800415,0.08912014961242676,0.0,1.0,0.0,0.0,0.0,0.0,3.5,0.0,0.0,0.0
fast,10.736246142834922,0.0,16.206775665283203,0.08912014961242676,-0.10109853744506836,4.3951568603515625,0.10109853744506836,0.0,1.0,0.0,0.0,0.7773369550704956,0.0,3.5,0.0,0.0,0.0
fast,10.349194935554017,0.0,15.66262435913086,0.08912014961242676,-0.11092102527618408,4.3951568603515625,0.11092102527618408,0.0,1.0,0.0,0.0,1.0,0.0,3.5,0.0,0.0,0.0
fast,10.171734986696393,0.0,15.111777305603027,0.08912014961242676,-0.11092102527618408,4.3951568603515625,0.11092102527618408,0.0,1.0,0.0,0.3333231806755066,1.0,0.0,3.5,0.0,0.0,0.0
fast,10.156121507082135,0.0,15.02613925933838,0.08912014961242676,-0.11092102527618408,4.3951568603515625,0.11092102527618408,0.0,1.0,0.0,0.6152378916740417,1.0,0.0,3.5,0.0,0.0,0.0
fast,10.237226989704848,0.0,15.244525909423828,0.08912014961242676,-0.11092102527618408,4.3951568603515625,0.11092102527618408,0.0,1.0,0.0,0.6171910762786865,1.0,0.0,3.5,0.0,0.0,0.0
fast,10.363160539064557,0.0,15.244525909423828,0.08912014961242676,-0.11092102527618408,4.3951568603515625,0.11092102527618408,0.0,1.0,0.0,0.6152378916740417,1.0,0.0,3.5,0.0,0.0,0.0
fast,10.736511271391064,0.0,15.244525909423828,0.08912014961242676,-0.11092102527618408,4.3951568603515625,0.11092102527618408,0.0,1.0,0.0436567366123199,0.6152378916740417,1.0,0.0,3.5,0.0436567366123199,0.0,0.0
fast,11.852559353957574,0.3215536773204803,15.244525909423828,0.08912014961242676,-0.11092102527618408,4.3951568603515625,0.11092102527618408,0.0,1.0,0.0545670986175537,0.6035187840461731,1.0,0.0,0.0,0.0545670986175537,0.0,0.0
fast,12.904241185188294,5.068147659301758,15.244525909423828,0.08912014961242676,-0.11092102527618408,4.3951568603515625,0.11092102527618408,0.0,1.0,0.0545670986175537,0.5468764305114746,0.8398388624191284,0.0,0.0,0.0545670986175537,0.0,0.0
fast,13.474395933151245,9.555567741394045,15.244525909423828,0.06133008003234863,-0.11092102527618408,4.3951568603515625,0.11092102527618408,0.0,1.0,0.0545670986175537,0.3769798874855041,0.7275460064411163,0.0,0.0,0.0545670986175537,0.0,0.0
fast,13.764062364896139,11.145767211914062,15.244525909423828,0.05294501781463634,-0.11092102527618408,2.5368099212646484,0.11092102527618408,0.0,1.0,0.0436567366123199,0.3214209377765655,0.5634784996509552,0.0,0.0,0.0436567366123199,0.0,0.0
fast,13.892744676272075,12.944721221923828,15.244525909423828,0.03377938270568848,-0.0436017961474135,1.3025437593460083,0.0436017961474135,0.0,0.8398388624191284,0.0436567366123199,0.299600213766098,0.4761803150177002,0.0,0.0,0.0436567366123199,0.0,0.0
fast,13.857209078470866,13.028943061828612,15.244525909423828,0.03377938270568848,-0.0436017961474135,0.3785210847854614,0.0436017961474135,0.0,0.6953184604644775,0.0436567366123199,0.2222205400466919,0.329355776309967,0.0,0.0,0.0436567366123199,0.0,0.0
fast,13.727433287440636,13.028943061828612,15.244525909423828,0.03377938270568848,-0.0352168083190918,0.223279520869255,0.0352168083190918,0.0,0.5468764305114746,0.0436567366123199,0.2222205400466919,0.3214209377765655,0.0,0.0,0.0436567366123199,0.0,0.0
fast,13.567081224501827,13.028943061828612,15.234126091003418,0.03377938270568848,-0.0352168083190918,0.0780999138951301,0.0352168083190918,0.0,0.4801477193832397,0.0436567366123199,0.2222205400466919,0.3134861290454864,0.0,0.0,0.0436567366123199,0.0,0.0
fast,13.51902543067932,13.028943061828612,15.376382827758787,0.04000824689865112,-0.0352168083190918,0.0780999138951301,0.04000824689865112,0.0119022130966186,1.0,0.1259918510913849,0.2460249662399292,0.3214209377765655,0.0,0.0,0.1259918510913849,0.0,0.0
fast,13.71934114933014,13.028943061828612,16.68648910522461,0.04000824689865112,-0.0352168083190918,-0.0277901552617549,0.04000824689865112,0.0119022130966186,1.0,0.1626941859722137,0.2856990098953247,0.3809472918510437,0.0,0.0,0.1626941859722137,0.0,0.0
fast,14.107122547041394,13.028943061828612,17.64573860168457,0.04000824689865112,-0.0352168083190918,-0.0021561325993388,0.04000824689865112,0.0,1.0,0.2420575618743896,0.3134861290454864,0.6718802452087402,0.0,0.0,0.2420575618743896,0.0,0.0
fast,14.535073529879252,13.192669868469238,17.64573860168457,0.04000824689865112,-0.0352168083190918,0.0541428886353969,0.04000824689865112,0.0,1.0,0.1309549212455749,0.27578049898147583,0.6718802452087402,0.0,0.0,0.1309549212455749,0.0,0.0
fast,14.91914087931315,13.23837947845459,17.64573860168457,0.04000824689865112,-0.0352168083190918,0.0541428886353969,0.04000824689865112,0.0,1.0,0.1309549212455749,0.2638782858848572,0.6718802452087402,0.0,0.0,0.1309549212455749,0.0,0.0
fast,15.302395236670673,13.23837947845459,17.64573860168457,0.04000824689865112,-0.0352168083190918,0.0907971411943435,0.04000824689865112,0.0,1.0,0.1745963990688324,0.3134861290454864,0.6718802452087402,0.0,0.0,0.1745963990688324,0.0,0.0
fast,15.7259849468867,13.23837947845459,17.64573860168457,0.04000824689865112,-0.0352168083190918,0.1157124564051628,0.04000824689865112,0.0,1.0,0.2420575618743896,0.35712760686874384,0.6718802452087402,0.0,0.0,0.2420575618743896,0.0,0.0
fast,16.113129959106445,13.311861038208008,17.64573860168457,0.04000824689865112,-0.0352168083190918,0.1157124564051628,0.04000824689865112,0.0,1.0,0.125,0.35712760686874384,0.6718802452087402,0.0,0.3071275949478149,0.125,0.0,0.0
fast,16.125821901957195,9.478325843811035,17.64573860168457,0.04000824689865112,-0.027071475982666016,0.1157124564051628,0.04000824689865112,0.0,1.0,0.0,0.35712760686874384,0.6718802452087402,0.0,3.5,0.0,0.0,0.0
fast,15.242023930549621,0.5434923768043518,17.64573860168457,0.04000824689865112,-0.020363479852676336,0.1157124564051628,0.04000824689865112,0.0,1.0,0.0,0.35712760686874384,0.6718802452087402,0.0,3.5,0.0,0.0,0.0
fast,13.800035088658333,0.0,17.64573860168457,0.03737294673919678,-0.018686473369598444,0.1157124564051628,0.03737294673919678,0.0,1.0,0.0,0.0,0.3849146962165832,0.0,3.5,0.0,0.0,0.0
fast,12.189023720224698,0.0,17.64573860168457,0.0110202357172966,-0.011499374173581602,0.1157124564051628,0.011499374173581602,0.0,1.0,0.0,0.0,0.3849146962165832,0.0,3.5,0.0,0.0,0.0
fast,10.471968658553582,0.0,17.594371795654297,0.0110202357172966,-0.011499374173581602,0.1157124564051628,0.011499374173581602,0.0,0.3849146962165832,0.0,0.0,0.1825312077999115,0.0,3.5,0.0,0.0,0.0
fast,8.728964293599129,0.0,17.58954429626465,0.0110202357172966,-0.0033539831638336043,0.1157124564051628,0.0110202357172966,0.0,0.3849146962165832,0.0,0.0,0.1835230588912964,0.0,3.5,0.0,0.0,0.0
fast,7.019850133061409,0.0,17.58954429626465,0.0110202357172966,-0.0033539831638336043,0.1157124564051628,0.0110202357172966,0.0,0.3849146962165832,0.0,0.0,0.0,0.0,3.5,0.0,0.0,0.0
fast,5.28896127363046,0.0,17.58954429626465,0.006468398030847301,-0.0033539831638336043,0.1157124564051628,0.006468398030847301,0.0,0.3849146962165832,0.0,0.0,0.0,0.0,3.5,0.0,0.0,0.0
fast,3.5369276680548984,0.0,17.440027236938477,0.006468398030847301,-0.0033539831638336043,0.0967864021658897,0.006468398030847301,0.0,0.0,0.0,0.0,0.0,0.0,3.5,0.0,0.0,0.0
fast,1.8236926807959875,0.0,16.445241928100586,0.006468398030847301,-0.002635274082422201,0.0356959737837314,0.006468398030847301,0.0,0.0,0.0,0.0,0.0,0.0,3.5,0.0,0.0,0.0
fast,0.5121086192985194,0.0,9.327463150024414,0.006468398030847301,-0.002635274082422201,0.0249153114855289,0.006468398030847301,0.0,1.0,0.0,0.0,0.0,0.0,3.5,0.0,0.0,0.0
fast,0.3685651049794008,0.0,5.8923234939575195,0.03665426373481748,-0.0011978514958173002,0.3428250849246979,0.03665426373481748,0.0,1.0,0.0,0.0,0.0,0.0,3.5,0.0,0.0,0.0
fast,1.1744061195633064,0.0,9.095705032348633,0.03665426373481748,-0.059413433074951116,0.3598345816135406,0.059413433074951116,0.0,1.0,0.0,0.0,0.0,0.0,0.8976745009422302,0.0,0.0,0.0
fast,2.0871914938868334,0.0,9.968785285949709,0.03665426373481748,-0.059413433074951116,0.3598345816135406,0.059413433074951116,0.0,1.0,0.0,0.0,0.5507827997207642,0.0,0.0,0.0,0.0,0.0
fast,3.1823616532267383,0.0,11.31025218963623,0.03665426373481748,-0.059413433074951116,0.3598345816135406,0.059413433074951116,0.0,1.0,0.0,0.0,0.8369090855121613,0.0,0.0,0.0,0.0,0.0
fast,4.272316530126457,0.0,11.31025218963623,0.11163973808288574,-0.059413433074951116,1.0076327323913574,0.11163973808288574,0.0,1.0,0.0,0.0,0.8369090855121613,0.0,0.0,0.0,0.0,0.0
fast,5.326817604434834,0.0,11.31025218963623,0.11163973808288574,-0.08408927917480469,4.028374671936035,0.11163973808288574,0.0,1.0,0.0,0.0,0.8652302622795105,0.0,0.0,0.0,0.0,0.0
fast,6.493447242953504,0.0,11.711834907531738,0.11163973808288574,-0.13775289058685303,4.028374671936035,0.13775289058685303,0.0,1.0,0.0,0.0119022130966186,0.8671834468841553,0.0,0.0,0.0,0.0,0.0
fast,7.717937411842867,0.0,12.978233337402344,0.11163973808288574,-0.13775289058685303,4.028374671936035,0.13775289058685303,0.0,1.0,0.0,0.4464094936847687,0.8671834468841553,0.0,0.0,0.0,0.0,0.0
fast,9.095033845482394,0.0,14.538310050964355,0.11163973808288574,-0.13775289058685303,4.028374671936035,0.13775289058685303,0.0,1.0,0.0,0.7753837704658508,0.8671834468841553,0.0,0.0,0.0,0.0,0.0
fast,10.526727775335312,1.2498723268508911,14.704506874084473,0.11163973808288574,-0.13775289058685303,4.028374671936035,0.13775289058685303,0.0,1.0,0.0,0.734382152557373,0.8671834468841553,0.0,0.8273598551750183,0.0,0.0,0.0
fast,11.162537128925324,5.979846954345703,14.704506874084473,0.11163973808288574,-0.13775289058685303,4.028374671936035,0.13775289058685303,0.0,1.0,0.0,0.3670461177825928,0.8359324932098389,0.0,3.5,0.0,0.0,0.0
fast,11.25697679201762,8.136329650878906,14.704506874084473,0.11163973808288574,-0.13775289058685303,4.028374671936035,0.13775289058685303,0.0,0.9179662466049194,0.0,0.41268654167652125,0.8290963470935822,0.0,3.5,0.0,0.0,0.0
fast,11.340411634445191,8.136329650878906,14.704506874084473,0.11163973808288574,-0.13775289058685303,4.028374671936035,0.13775289058685303,0.0,0.9179662466049194,0.0,0.2936490774154663,0.8124942779541016,0.0,3.5,0.0,0.0,0.0
fast,11.203395972251892,8.136329650878906,14.704506874084473,0.11163973808288574,-0.13775289058685303,4.028374671936035,0.13775289058685303,0.0,0.9179662466049194,0.0,0.1984008252620697,0.7578051090240479,0.0,3.5,0.0,0.0,0.0
fast,11.03339465936025,8.136329650878906,14.704506874084473,0.09151601791381836,-0.13775289058685303,4.028374671936035,0.13775289058685303,0.0,0.9179662466049194,0.0,0.1984008252620697,0.7578051090240479,0.0,3.5,0.0,0.0,0.0
fast,10.858645859653263,8.136329650878906,14.704506874084473,0.08935976028442383,-0.13775289058685303,3.414116382598877,0.13775289058685303,0.0,0.9179662466049194,0.0,0.1547593474388122,0.7382885217666626,0.0,3.5,0.0,0.0,0.0
fast,10.598894243240357,8.136329650878906,14.704506874084473,0.08935976028442383,-0.07139194011688232,0.2091448754072189,0.08935976028442383,0.0,0.8359324932098389,0.0,0.1547593474388122,0.6992248296737671,0.0,3.5,0.0,0.0,0.0
fast,10.359187556902567,8.136329650878906,14.704506874084473,0.08935976028442383,-0.07139194011688232,0.2091448754072189,0.08935976028442383,0.0,0.8359324932098389,0.0,0.1547593474388122,0.5595721304416656,0.0,3.5,0.0,0.0,0.0
fast,9.999794665481492,8.136329650878906,14.704506874084473,0.04072701930999756,-0.07139194011688232,0.2091448754072189,0.07139194011688232,0.0,0.7929624319076538,0.0,0.1547593474388122,0.3690298199653625,0.0,3.5,0.0,0.0,0.0
fast,9.615305196444194,8.136329650878906,13.48842430114746,0.03976869583129872,-0.028029724955558694,0.2091448754072189,0.03976869583129872,0.0,0.7617114782333374,0.0,0.1984008252620697,0.3690298199653625,0.0,3.5,0.0,0.0,0.0
fast,9.732833094596863,8.136739730834961,11.137231826782228,0.03258155286312099,-0.028029724955558694,0.2091448754072189,0.03258155286312099,0.0,0.7617114782333374,0.0634937584400177,0.3234046399593353,0.3690298199653625,0.0,0.0,0.0634937584400177,0.0,0.0
fast,9.916181281407674,8.540714263916016,11.137231826782228,0.024675739929080003,-0.028029724955558694,0.3634281456470489,0.028029724955558694,0.0,0.6875057220458984,0.0,0.1547593474388122,0.3690298199653625,0.0,0.0,0.0,0.0,0.0
fast,9.952120316823324,8.540714263916016,11.137231826782228,0.024675739929080003,-0.028029724955558694,0.3634281456470489,0.028029724955558694,0.0,0.6875057220458984,0.0,0.1329386234283447,0.3690298199653625,0.0,0.0,0.0,0.0,0.0
fast,10.001232193311056,8.540714263916016,11.137231826782228,0.024675739929080003,-0.053424179553985596,0.3634281456470489,0.053424179553985596,0.0,0.6875057220458984,0.0198370218276977,0.1706289947032928,0.3690298199653625,0.0,0.0,0.0198370218276977,0.0,0.0
fast,10.162356154123943,8.540714263916016,11.137231826782228,0.04551815986633301,-0.053424179553985596,0.3634281456470489,0.053424179553985596,0.0,0.6875057220458984,0.0198370218276977,0.3333231806755066,0.3690298199653625,0.0,0.0,0.0198370218276977,0.0,0.0
fast,10.385519131024678,8.540714263916016,11.186748504638672,0.04551815986633301,-0.053424179553985596,0.3634281456470489,0.053424179553985596,0.0,0.6875057220458984,0.0238044261932373,0.3333231806755066,0.3690298199653625,0.0,0.0,0.0238044261932373,0.0,0.0
fast,10.562929253578186,9.750540733337402,11.186748504638672,0.04551815986633301,-0.053424179553985596,0.3634281456470489,0.053424179553985596,0.0,0.6875057220458984,0.0158696174621582,0.3095187246799469,0.3690298199653625,0.0,0.0,0.0158696174621582,0.0,0.0
fast,10.608308347915369,9.909889221191406,11.186748504638672,0.04551815986633301,-0.053424179553985596,0.3634281456470489,0.053424179553985596,0.0,0.8671834468841553,0.0079348087310791,0.3095187246799469,0.3690298199653625,0.0,0.0,0.0079348087310791,0.0,0.0
fast,10.73804761883423,9.909889221191406,11.972392082214355,0.056299030780792236,-0.053424179553985596,0.434580534696579,0.056299030780792236,0.0,0.91405987739563,0.0079348087310791,0.3095187246799469,0.3690298199653625,0.0,0.0,0.0079348087310791,0.0,0.0
fast,10.843033866882324,9.909889221191406,11.972392082214355,0.056299030780792236,-0.053424179553985596,0.6542664766311646,0.056299030780792236,0.0,0.91405987739563,0.0,0.09126560389995575,0.3690298199653625,0.0,0.0,0.0,0.0,0.0
fast,10.85671045144399,9.909889221191406,11.972392082214355,0.056299030780792236,-0.08384966850280762,0.6542664766311646,0.08384966850280762,0.0,0.91405987739563,0.0,0.0357066690921783,0.3501846492290497,0.0,0.0,0.0,0.0,0.0
fast,10.887793292585318,9.909889221191406,11.972392082214355,0.056299030780792236,-0.08384966850280762,0.6542664766311646,0.08384966850280762,0.0,0.91405987739563,0.0079348087310791,0.1944334208965301,0.35117650032043457,0.0,0.0,0.0079348087310791,0.0,0.0
fast,11.02508165359497,9.909889221191406,12.02259635925293,0.056299030780792236,-0.08384966850280762,0.6542664766311646,0.08384966850280762,0.0,0.91405987739563,0.0079348087310791,0.2638782858848572,0.4087191224098205,0.0,0.0,0.0079348087310791,0.0,0.0
fast,11.249414138793945,10.12341594696045,12.55238437652588,0.056299030780792236,-0.08384966850280762,0.6542664766311646,0.08384966850280762,0.0,0.91405987739563,0.0079348087310791,0.3095187246799469,0.4087191224098205,0.0,0.0,0.0079348087310791,0.0,0.0
fast,11.408784695977161,10.12341594696045,12.570952415466309,0.0677984356880188,-0.08384966850280762,0.6542664766311646,0.08384966850280762,0.0,0.91405987739563,0.0079348087310791,0.2420575618743896,0.386898398399353,0.0,0.0,0.0079348087310791,0.0,0.0
fast,11.506533869107564,10.12341594696045,12.570952415466309,0.0677984356880188,-0.08384966850280762,0.6542664766311646,0.08384966850280762,0.0,0.91405987739563,0.0158696174621582,0.1745963990688324,0.3859065473079681,0.0,0.0,0.0158696174621582,0.0,0.0
fast,11.60565301100413,10.12341594696045,12.570952415466309,0.0677984356880188,-0.08384966850280762,0.6542664766311646,0.08384966850280762,0.0,0.91405987739563,0.0238044261932373,0.1745963990688324,0.3859065473079681,0.0,0.0,0.0238044261932373,0.0,0.0
fast,11.715636354912935,10.70036506652832,12.570952415466309,0.0677984356880188,-0.08384966850280762,0.6542664766311646,0.08384966850280762,0.0,0.91405987739563,0.0238044261932373,0.099200427532196,0.3571276068687439,0.0,0.0,0.0238044261932373,0.0,0.0
fast,11.692568968452873,10.97654914855957,12.570952415466309,0.0677984356880188,-0.08384966850280762,0.6542664766311646,0.08384966850280762,0.0,0.4087191224098205,0.0198370218276977,0.0793633759021759,0.2579271793365478,0.0,0.0,0.0198370218276977,0.0,0.0
fast,11.570137195587158,10.017170906066896,12.570952415466309,0.0677984356880188,-0.08384966850280762,0.5004623532295227,0.08384966850280762,0.0,0.4087191224098205,0.0158696174621582,0.0714285671710968,0.2579271793365478,0.0,0.0,0.0158696174621582,0.0,0.0
fast,11.439778745969136,9.828149795532228,12.570952415466309,0.0677984356880188,-0.05989253520965554,0.3243781924247741,0.0677984356880188,0.0,0.4087191224098205,0.0198370218276977,0.0912655889987945,0.2579271793365478,0.0,0.0,0.0198370218276977,0.0,0.0
fast,11.322879216833638,9.828149795532228,12.570952415466309,0.0677984356880188,-0.050788938999176025,0.6868480443954468,0.0677984356880188,0.0,0.5937528610229492,0.0198370218276977,0.0912655889987945,0.3452253937721252,0.0,0.0,0.0198370218276977,0.0,0.0
fast,11.224696890513103,9.828149795532228,12.570952415466309,0.0677984356880188,-0.050788938999176025,0.6868480443954468,0.0677984356880188,0.0,0.6367229223251343,0.0198370218276977,0.0912655889987945,0.3452253937721252,0.0,0.0,0.0198370218276977,0.0,0.0
fast,11.110148750940958,9.828149795532228,12.570952415466309,0.0677984356880188,-0.050788938999176025,0.6868480443954468,0.0677984356880188,0.0,0.6367229223251343,0.0158696174621582,0.0595263540744781,0.2420575618743896,0.0,0.0,0.0158696174621582,0.0,0.0
fast,10.94667586709021,9.828149795532228,12.21185302734375,0.06779837608337402,-0.050788938999176025,0.6868480443954468,0.06779837608337402,0.0,0.6367229223251343,0.0,0.0396740734577178,0.2380901575088501,0.0,0.0,0.0,0.0,0.0
fast,10.535175764102968,3.9514577388763423,11.942500114440918,0.08624529838562012,-0.050788938999176025,0.787227988243103,0.08624529838562012,0.0,0.6367229223251343,0.0,0.0238044261932373,0.24007385969161985,0.0,2.8261513710021973,0.0,0.0,0.0
fast,9.458845099138845,0.0,11.543163299560549,0.09367191791534424,-0.0457579279318452,4.588490009307861,0.09367191791534424,0.0,1.0,0.0,0.0238044261932373,0.2519760727882385,0.0,3.5,0.0,0.0,0.0
fast,8.638813099457572,0.0,11.331457138061523,0.09463024139404297,-0.0457579279318452,5.594445705413818,0.09463024139404297,0.0,1.0,0.0,0.04166540503501885,0.5898464918136597,0.0,3.5,0.0,0.0,0.0
fast,8.332311433874777,0.0,11.28346347808838,0.09463024139404297,-0.05486154556274414,5.594445705413818,0.09463024139404297,0.0,1.0,0.0,0.2261879444122314,0.6367229223251343,0.0,3.5,0.0,0.0,0.0
fast,8.361364010566225,0.0,11.28346347808838,0.09463024139404297,-0.06444442272186279,5.594445705413818,0.09463024139404297,0.0,1.0,0.0,0.2539597749710083,0.8535111546516418,0.0,3.5,0.0,0.0,0.0
fast,8.504268014027426,0.0,12.040289878845217,0.09463024139404297,-0.06444442272186279,5.594445705413818,0.09463024139404297,0.0,1.0,0.0,0.47816401720046997,0.9179662466049194,0.0,3.5,0.0,0.0,0.0
fast,8.791342462295045,0.0,13.537813186645508,0.09463024139404297,-0.06444442272186279,5.594445705413818,0.09463024139404297,0.0,1.0,0.0,0.5976592302322388,0.9179662466049194,0.0,3.5,0.0,0.0,0.0
fast,9.09226876615857,0.0,13.804157257080078,0.09463024139404297,-0.06444442272186279,5.594445705413818,0.09463024139404297,0.0,1.0,0.0,0.35911130905151367,0.9179662466049194,0.0,3.5,0.0,0.0,0.0
fast,9.3192605181473,0.0,13.804157257080078,0.09463024139404297,-0.06444442272186279,5.594445705413818,0.09463024139404297,0.0,1.0,0.0,0.35911130905151367,0.939451277256012,0.0,3.5,0.0,0.0,0.0
fast,9.699258265886456,0.0,15.547736167907717,0.09463024139404297,-0.06444442272186279,5.594445705413818,0.09463024139404297,0.0,1.0,0.0,0.7695242166519165,1.0,0.0,3.5,0.0,0.0,0.0
fast,10.529340916181512,0.0,16.559324264526367,0.09463024139404297,-0.06444442272186279,5.594445705413818,0.09463024139404297,0.0,1.0,0.0833307802677154,0.8632770776748657,1.0,0.0,3.5,0.0833307802677154,0.0,0.0
fast,12.045974241120248,1.0147967338562012,16.559324264526367,0.09463024139404297,-0.06444442272186279,5.594445705413818,0.09463024139404297,0.0,1.0,0.0,0.8320261240005493,1.0,0.0,0.0,0.0,0.0,0.0
fast,13.298161922295888,5.848988056182861,16.559324264526367,0.036654263734817505,-0.06444442272186279,5.224788665771484,0.06444442272186279,0.0,1.0,0.0,0.4801477193832397,1.0,0.0,0.0,0.0,0.0,0.0
fast,14.001254583994548,9.904420852661133,16.559324264526367,0.036654263734817505,-0.09606769680976873,3.388242721557617,0.09606769680976873,0.0,1.0,0.0,0.19244971871376035,0.8984344005584717,0.0,0.3904660046100616,0.0,0.0,0.0
fast,13.966780988123261,6.083542346954346,16.559324264526367,0.07091283798217773,-0.09606769680976873,1.5483428239822388,0.09606769680976873,0.0,1.0,0.0,0.0,0.8652302622795105,0.0,3.5,0.0,0.0,0.0
fast,13.04210692395352,0.0,16.559324264526367,0.07091283798217773,-0.09606769680976873,1.5483428239822388,0.09606769680976873,0.0,1.0,0.0,0.0,0.6054719686508179,0.0,3.5,0.0,0.0,0.0
fast,11.733429083228112,0.0,16.559324264526367,0.07091283798217773,-0.09606769680976873,1.5483428239822388,0.09606769680976873,0.0,1.0,0.0,0.0,0.22321239113807678,0.0,3.5,0.0,0.0,0.0
fast,10.379261404723675,0.0,16.559324264526367,0.07091283798217773,-0.09606769680976873,1.5483428239822388,0.09606769680976873,0.0,1.0,0.0,0.0,0.0,0.0,3.5,0.0,0.0,0.0
fast,9.017920164465904,0.0,16.559324264526367,0.07091283798217773,-0.09606769680976873,1.5483428239822388,0.09606769680976873,0.0,1.0,0.0,0.0,0.0,0.0,3.5,0.0,0.0,0.0
fast,7.561717399954796,0.0,16.559324264526367,0.07091283798217773,-0.09606769680976873,1.5483428239822388,0.09606769680976873,0.0,1.0,0.0,0.0,0.0,0.0,3.5,0.0,0.0,0.0
fast,5.932490257620811,0.0,16.424001693725586,0.07091283798217773,-0.09606769680976873,1.5483428239822388,0.09606769680976873,0.0,0.0,0.0,0.0,0.0,0.0,3.5,0.0,0.0,0.0
fast,4.313678418199221,0.0,15.94359016418457,0.07091283798217773,-0.09606769680976873,1.5483428239822388,0.09606769680976873,0.0,0.0,0.0,0.0,0.0,0.0,3.5,0.0,0.0,0.0
fast,2.743843151132266,0.0,15.434003829956056,0.07091283798217773,-0.09606769680976873,0.9362407326698304,0.09606769680976873,0.0,0.0,0.0,0.0,0.0,0.0,3.5,0.0,0.0,0.0
fast,1.229092282652855,0.0,14.64722728729248,0.07091283798217773,-0.02395707368850708,-0.0574968717992305,0.07091283798217773,0.0,0.0,0.0,0.0,0.0,0.0,3.5,0.0,0.0,0.0
fast,0.20627785542245317,0.0,5.939420223236084,0.034977227449417114,-0.02395707368850708,0.0594134330749511,0.034977227449417114,0.0,0.0,0.0,0.0,0.0,0.0,3.5,0.0,0.0,0.0
fast,0.04905547848592202,0.0,2.075173854827881,0.03449812531471261,-0.0222800374031066,0.1154728829860687,0.03449812531471261,0.0,1.0,0.0,0.0,0.0,0.0,0.0,0.0,0.0,0.0
fast,0.5001591836536924,0.0,7.063880920410156,0.03138370811939237,-0.0222800374031066,0.3186284899711609,0.03138370811939237,0.0,1.0,0.0,0.0,0.0,0.0,0.0,0.0,0.0,0.0
fast,1.4032209606096149,0.0,10.62123203277588,0.045757949352264404,-0.0222800374031066,1.5351665019989014,0.045757949352264404,0.0,1.0,0.0,0.0,0.03174687922000885,0.0,0.0,0.0,0.0,0.0
fast,2.5273611807390326,0.0,11.98133373260498,0.045757949352264404,-0.039768576622009055,1.5351665019989014,0.045757949352264404,0.0,1.0,0.0,0.0,0.8144474625587463,0.0,0.0,0.0,0.0,0.0
fast,3.792776030215124,0.0,13.02259635925293,0.045757949352264404,-0.04192477464675903,1.5351665019989014,0.045757949352264404,0.0,1.0,0.0,0.0,0.8095645010471344,0.0,0.0,0.0,0.0,0.0
fast,5.097640988342464,0.0,13.39411735534668,0.045757949352264404,-0.04192477464675903,1.5351665019989014,0.045757949352264404,0.0,1.0,0.0,0.01586963236331935,0.8095645010471344,0.0,0.0,0.0,0.0,0.0
fast,6.285911125723328,0.0,13.39411735534668,0.045757949352264404,-0.04192477464675903,1.5351665019989014,0.045757949352264404,0.0,1.0,0.0,0.1666615903377533,0.8144474625587463,0.0,2.421842098236084,0.0,0.0,0.0
fast,6.8109434862062335,0.0,13.39411735534668,0.045757949352264404,-0.04192477464675903,1.5351665019989014,0.045757949352264404,0.0,1.0,0.0,0.1666615903377533,0.8095645010471344,0.0,2.421842098236084,0.0,0.0,0.0
fast,7.110166859683987,0.0,13.39411735534668,0.045757949352264404,-0.04192477464675903,1.5351665019989014,0.045757949352264404,0.0,1.0,0.0,0.1666615903377533,0.8144474625587463,0.0,2.421842098236084,0.0,0.0,0.0
fast,7.0983165815845135,0.0,13.39411735534668,0.045757949352264404,-0.04192477464675903,1.5351665019989014,0.045757949352264404,0.0,1.0,0.0,0.1666615903377533,0.8095645010471344,0.0,2.421842098236084,0.0,0.0,0.0
fast,7.049261103098591,0.0,13.39411735534668,0.045757949352264404,-0.04192477464675903,1.5351665019989014,0.045757949352264404,0.0,1.0,0.0,0.05952635407447815,0.7538987398147583,0.0,2.421842098236084,0.0,0.0,0.0
fast,6.609172685740388,0.0,13.39411735534668,0.045757949352264404,-0.04192477464675903,1.5351665019989014,0.045757949352264404,0.0,1.0,0.0,0.0,0.6328165531158447,0.0,2.421842098236084,0.0,0.0,0.0
fast,5.695095620974898,0.0,13.39411735534668,0.014374226331710815,-0.04192477464675903,1.5351665019989014,0.04192477464675903,0.0,0.8398388624191284,0.0,0.0,0.1666615903377533,0.0,2.421842098236084,0.0,0.0,0.0
fast,4.567555077683906,0.0,13.39411735534668,0.014374226331710815,-0.04192477464675903,0.793696403503418,0.04192477464675903,0.0,0.6640675067901611,0.0,0.0,0.0,0.0,2.421842098236084,0.0,0.0,0.0
fast,3.305540551369389,0.0,13.39411735534668,0.014374226331710815,-0.029946288093924498,0.0809747576713562,0.029946288093924498,0.0,0.6640675067901611,0.0,0.0,0.0,0.0,2.421842098236084,0.0,0.0,0.0
fast,1.9973466821052073,0.0,13.151714324951172,0.014374226331710815,-0.011499375104904203,0.0809747576713562,0.014374226331710815,0.0,0.1666615903377533,0.0,0.0,0.0,0.0,2.421842098236084,0.0,0.0,0.0
fast,0.821512786426679,0.0,8.273687362670898,0.007905818521976506,-0.011499375104904203,0.0809747576713562,0.011499375104904203,0.0,0.0436567366123199,0.0,0.0,0.0,0.0,1.8378398418426511,0.0,0.0,0.0
fast,0.2873730953782797,0.0,4.033746719360352,0.0014374218881131051,-0.007905818521976499,-0.030425427481532,0.007905818521976499,0.0,0.0,0.0,0.0,0.0,0.0,0.0714285671710968,0.0,0.0,0.0
fast,0.0017405390956749518,0.0,0.3483005166053772,0.0,-0.01054109632968911,-0.1351176500320434,0.01054109632968911,0.0,1.0,0.0,0.0,0.0,0.0,0.0,0.0,0.0,0.0
fast,0.2576603881735355,0.0,4.858944892883301,0.0,-0.01054109632968911,-0.1351176500320434,0.01054109632968911,0.0,1.0,0.0,0.0,0.0,0.0,0.0,0.0,0.0,0.0
fast,1.008530886194979,0.0,9.320372581481934,0.0270714461803436,-0.01054109632968911,0.0354564040899276,0.0270714461803436,0.0,1.0,0.0,0.0,0.0,0.0,0.0,0.0,0.0,0.0
fast,2.087505580210601,0.0,12.55397129058838,0.0270714461803436,-0.01054109632968911,0.0354564040899276,0.0270714461803436,0.0,1.0,0.0,0.0,1.0,0.0,0.0,0.0,0.0,0.0
fast,3.5102141399568754,0.0,15.201859474182127,0.0270714461803436,-0.0088641000911593,0.0543824583292007,0.0270714461803436,0.0,1.0,0.0,0.0,1.0,0.0,0.0,0.0,0.0,0.0
fast,5.108548009158649,0.0,16.596576690673828,0.0270714461803436,-0.0088641000911593,0.1032548025250434,0.0270714461803436,0.0,1.0,0.0,0.3412579894065857,1.0,0.0,0.0,0.0,0.0,0.0
fast,6.769858480316277,0.0,16.59990692138672,0.0270714461803436,-0.0088641000911593,0.1032548025250434,0.0270714461803436,0.0,1.0,0.0,0.3392742872238159,1.0,0.0,0.0,0.0,0.0,0.0
fast,8.364884253364677,0.0,16.59990692138672,0.0270714461803436,-0.0088641000911593,0.1032548025250434,0.0270714461803436,0.0,1.0,0.0,0.3392742872238159,1.0,0.0,0.0,0.0,0.0,0.0
fast,9.916639613332228,0.0,16.59990692138672,0.0270714461803436,-0.0088641000911593,0.1032548025250434,0.0270714461803436,0.0,1.0,0.0,0.3392742872238159,1.0,0.0,0.0,0.0,0.0,0.0
fast,11.413777503447735,0.0,16.59990692138672,0.0385708212852478,-0.0088641000911593,0.4046342372894287,0.0385708212852478,0.0,1.0,0.0,0.3412579894065857,1.0,0.0,0.0,0.0,0.0,0.0
fast,12.870180155436199,0.4229449927806854,16.59990692138672,0.0385708212852478,-0.0088641000911593,1.3025437593460083,0.0385708212852478,0.0,1.0,0.0,0.2599108815193176,1.0,0.0,0.0,0.0,0.0,0.0
fast,14.006823852856954,4.942535877227783,16.59990692138672,0.0385708212852478,-0.017728209495544434,1.3025437593460083,0.0385708212852478,0.0,1.0,0.0,0.0436567366123199,1.0,0.0,0.0,0.0,0.0,0.0
fast,14.708164175351461,9.37259292602539,16.59990692138672,0.0385708212852478,-0.028988003730774037,1.3025437593460083,0.0385708212852478,0.0,1.0,0.0,0.0436567366123199,1.0,0.0,0.0,0.0,0.0,0.0
fast,15.045325779081779,12.611649513244627,16.59990692138672,0.0385708212852478,-0.028988003730774037,1.4007675647735596,0.0385708212852478,0.0,1.0,0.0,0.0436567366123199,0.3333231806755066,0.0,0.0,0.0,0.0,0.0
fast,15.059397772153218,14.094897270202637,16.59990692138672,0.0385708212852478,-0.028988003730774037,1.5543321371078491,0.0385708212852478,0.0,1.0,0.0,0.0436567366123199,0.22321239113807678,0.0,0.0,0.0,0.0,0.0
fast,14.83540839165102,13.593607902526855,16.59990692138672,0.0385708212852478,-0.028988003730774037,1.6149433851242063,0.0385708212852478,0.0,0.3333231806755066,0.0,0.0396740734577178,0.1349223256111145,0.0,0.0,0.0,0.0,0.0
fast,14.553331823349,13.532767295837402,16.18149185180664,0.0385708212852478,-0.028988003730774037,1.6149433851242063,0.0385708212852478,0.0,0.3531602025032043,0.0,0.0436567366123199,0.17955565452575678,0.0,0.0,0.0,0.0,0.0
fast,14.36261096318563,13.532767295837402,15.715145111083984,0.0385708212852478,-0.028988003730774037,1.6149433851242063,0.0385708212852478,0.0,0.3531602025032043,0.0277718305587768,0.1309549212455749,0.2618945837020874,0.0,0.0,0.0277718305587768,0.0,0.0
fast,14.231407918930053,13.532767295837402,15.29910945892334,0.0385708212852478,-0.028988003730774037,1.6149433851242063,0.0385708212852478,0.0,0.3531602025032043,0.0277718305587768,0.1309549212455749,0.2618945837020874,0.0,0.0,0.0277718305587768,0.0,0.0
fast,14.142129623552725,13.532767295837402,14.754356384277344,0.034258544445037786,-0.028988003730774037,1.6149433851242063,0.034258544445037786,0.0,0.3531602025032043,0.0277718305587768,0.1309549212455749,0.2618945837020874,0.0,0.0,0.0277718305587768,0.0,0.0
fast,14.015744659856882,10.7382230758667,14.413768768310549,0.02443617582321167,-0.028988003730774037,1.6149433851242063,0.028988003730774037,0.0,0.3531602025032043,0.0,0.1309549212455749,0.2618945837020874,0.0,1.613223671913147,0.0,0.0,0.0
fast,13.23434724783937,2.6895911693573,14.413768768310549,0.02443617582321167,-0.028988003730774037,1.6149433851242063,0.028988003730774037,0.0,0.3531602025032043,0.0,0.0912655889987945,0.2539597749710083,0.0,1.613223671913147,0.0,0.0,0.0
fast,11.846958578725657,0.0,14.413768768310549,0.020842671394348145,-0.02443617582321167,1.6149433851242063,0.02443617582321167,0.0,0.3531602025032043,0.0,0.0,0.1349223256111145,0.0,1.613223671913147,0.0,0.0,0.0
fast,10.409225913981597,0.0,14.306167602539062,0.01509293168783181,-0.02443617582321167,1.6149433851242063,0.02443617582321167,0.0,0.3531602025032043,0.0,0.0,0.1309549212455749,0.0,1.613223671913147,0.0,0.0,0.0
fast,8.988191371262074,0.0,14.220778465270996,0.01509293168783181,-0.02443617582321167,1.6149433851242063,0.02443617582321167,0.0,0.3531602025032043,0.0,0.0,0.0476241409778595,0.0,1.613223671913147,0.0,0.0,0.0
fast,7.603485805491607,0.0,14.220778465270996,0.01509293168783181,-0.02443617582321167,1.345905900001526,0.02443617582321167,0.0,0.3531602025032043,0.0,0.0,0.0277718305587768,0.0,1.613223671913147,0.0,0.0,0.0
fast,6.240463336606821,0.0,14.220778465270996,0.01509293168783181,-0.02443617582321167,1.2337870597839355,0.02443617582321167,0.0,0.3531602025032043,0.0,0.0,0.0,0.0,1.613223671913147,0.0,0.0,0.0
fast,4.83615842372179,0.0,14.220778465270996,0.01509293168783181,-0.019644767045974787,0.4563814103603363,0.019644767045974787,0.0,0.1031678318977356,0.0,0.0,0.0,0.0,1.613223671913147,0.0,0.0,0.0
fast,3.4156061080098152,0.0,14.1832914352417,0.01509293168783181,-0.017488631419837503,0.2556215226650238,0.017488631419837503,0.0,0.0,0.0,0.0,0.0,0.0,1.613223671913147,0.0,0.0,0.0
fast,2.0031992597381274,0.0,14.081945419311523,0.01509293168783181,-0.01365549862384799,0.2556215226650238,0.01509293168783181,0.0,0.0,0.0,0.0,0.0,0.0,1.613223671913147,0.0,0.0,0.0
fast,0.6981842199498524,0.0,10.596774101257324,0.0011978521943092,-0.011259801685810103,0.0749855041503906,0.011259801685810103,0.0,0.0,0.0,0.0,0.0,0.0,1.613223671913147,0.0,0.0,0.0
fast,0.04283629982220709,0.0,2.555720329284668,0.0,-0.001676993444562,0.0294671468436718,0.001676993444562,0.0,0.0,0.0,0.0,0.0,0.0,0.249192789196968,0.0,0.0,0.0
fast,0.14603125543422213,0.0,3.6862826347351074,0.0,0.0,0.0172490607947111,0.0,0.0,1.0,0.0,0.0,0.0,0.0,0.0,0.0,0.0,0.0
fast,0.7959010310160617,0.0,8.725021362304688,0.0,-0.02683187276124961,0.0172490607947111,0.02683187276124961,0.0,1.0,0.0,0.0,0.0,0.0,0.0,0.0,0.0,0.0
fast,1.778308956939727,0.0,10.21382999420166,0.014134645462036202,-0.02683187276124961,0.0182073432952165,0.02683187276124961,0.0,1.0,0.0,0.0,0.0,0.0,0.0,0.0,0.0,0.0
fast,2.8013993608144423,0.0,10.9347505569458,0.014134645462036202,-0.02683187276124961,0.0182073432952165,0.02683187276124961,0.0,1.0,0.0,0.0,0.7900326550006866,0.0,0.0,0.0,0.0,0.0
fast,3.9984812334366144,0.0,12.983440399169922,0.014134645462036202,-0.02683187276124961,0.0182073432952165,0.02683187276124961,0.0,1.0,0.0,0.0,1.0,0.0,0.0,0.0,0.0,0.0
fast,5.402265161989877,0.0,15.058710098266602,0.014134645462036202,-0.02683187276124961,0.0637257024645805,0.02683187276124961,0.0,1.0,0.0,0.4603030383586883,1.0,0.0,0.0,0.0,0.0,0.0
fast,7.004345499853078,0.0,17.192895889282227,0.014134645462036202,-0.02683187276124961,0.0766624957323074,0.02683187276124961,0.0,1.0,0.0,1.0,1.0,0.0,0.0,0.0,0.0,0.0
fast,8.822699856280039,0.0,18.44695472717285,0.017728202044963802,-0.02683187276124961,0.0766624957323074,0.02683187276124961,0.0,1.0,0.0,1.0,1.0,0.0,0.0,0.0,0.0,0.0
fast,10.56528533511921,0.0,18.44695472717285,0.017728202044963802,-0.029467135667800903,0.0766624957323074,0.029467135667800903,0.0,1.0,0.0079348087310791,1.0,1.0,0.0,0.9328318238258362,0.0079348087310791,0.0,0.0
fast,11.943761324404429,0.0,18.44695472717285,0.02587360143661499,-0.029467135667800903,0.0766624957323074,0.029467135667800903,0.0,1.0,0.09027373790740963,1.0,1.0,0.0,1.7030701637268066,0.09027373790740963,0.0,0.0
fast,13.172279212872187,3.7692153453826904,18.44695472717285,0.02587360143661499,-0.029467135667800903,0.0766624957323074,0.029467135667800903,0.0,1.0,0.0476241409778595,1.0,1.0,0.0,1.7030701637268066,0.0476241409778595,0.0,0.0
fast,13.785928568840028,8.778468132019043,18.44695472717285,0.02587360143661499,-0.06252789497375488,0.0766624957323074,0.06252789497375488,0.0,1.0,0.0,0.8242133855819702,1.0,0.0,1.7030701637268066,0.0,0.0,0.0
fast,14.21507809436779,9.881148338317873,18.44695472717285,0.06923580169677734,-0.06252789497375488,0.0766624957323074,0.06923580169677734,0.0,1.0,0.0,0.7929624319076538,1.0,0.0,1.7030701637268066,0.0,0.0,0.0
fast,14.382551679611206,10.968329429626465,18.44695472717285,0.06923580169677734,-0.06252789497375488,0.0766624957323074,0.06923580169677734,0.0,1.0,0.0,0.6972716450691223,1.0,0.0,1.7030701637268066,0.0,0.0,0.0
fast,14.446714873313903,11.31891632080078,18.44695472717285,0.06923580169677734,-0.06252789497375488,0.0766624957323074,0.06923580169677734,0.0,1.0,0.0,0.6367229223251343,1.0,0.0,1.7030701637268066,0.0,0.0,0.0
fast,14.359975023269653,11.31891632080078,18.44695472717285,0.06923580169677734,-0.06252789497375488,0.1420651823282241,0.06923580169677734,0.0,1.0,0.0,0.1031678318977356,1.0,0.0,1.7030701637268066,0.0,0.0,0.0
fast,14.017034403483073,11.31891632080078,18.44695472717285,0.06923580169677734,-0.06252789497375488,0.4530274271965027,0.06923580169677734,0.0,1.0,0.0,0.0,0.8447218239307404,0.0,1.7030701637268066,0.0,0.0,0.0
fast,13.56509783744812,11.31891632080078,18.33995246887207,0.06923580169677734,-0.06252789497375488,0.4530274271965027,0.06923580169677734,0.0,1.0,0.0,0.0238044261932373,0.9687490463256836,0.0,1.7030701637268066,0.0,0.0,0.0
fast,13.380545622497152,11.31891632080078,16.69843292236328,0.06923580169677734,-0.06252789497375488,0.4530274271965027,0.06923580169677734,0.0,1.0,0.0,0.3452253937721252,1.0,0.0,1.7030701637268066,0.0,0.0,0.0
fast,13.77456066608429,11.31891632080078,18.255353927612305,0.06923580169677734,-0.06252789497375488,0.4530274271965027,0.06923580169677734,0.0,1.0,0.0,0.6250038146972656,1.0,0.0,1.014865517616272,0.0,0.0,0.0
fast,14.198956164266425,11.31891632080078,18.29397964477539,0.06923580169677734,-0.06252789497375488,0.4530274271965027,0.06923580169677734,0.0,1.0,0.0,0.4126865267753601,1.0,0.0,1.014865517616272,0.0,0.0,0.0
fast,14.761747339566549,11.31891632080078,18.29397964477539,0.06923580169677734,-0.044320523738861084,0.4530274271965027,0.06923580169677734,0.0,1.0,0.0,0.19244971871376035,1.0,0.0,0.803921639919281,0.0,0.0,0.0
fast,15.131077839411832,11.31891632080078,18.29397964477539,0.031623288989067105,-0.044320523738861084,0.4530274271965027,0.044320523738861084,0.0,1.0,0.0,0.1031678318977356,1.0,0.0,0.803921639919281,0.0,0.0,0.0
fast,15.71674979628625,11.679525375366213,18.29397964477539,0.031623288989067105,-0.022998750209808405,0.4530274271965027,0.031623288989067105,0.0,1.0,0.0,0.1507919430732727,1.0,0.0,0.0,0.0,0.0,0.0
fast,16.243350795110068,12.568784713745115,18.29397964477539,0.031623288989067105,-0.022998750209808405,0.4832133054733276,0.031623288989067105,0.0,1.0,0.0,0.1507919430732727,0.6875057220458984,0.0,0.0,0.0,0.0,0.0
fast,16.72024970213572,12.568784713745115,18.29397964477539,0.02635274827480319,-0.022998750209808405,0.6585787534713745,0.02635274827480319,0.0,1.0,0.0,0.1904660165309906,0.6875057220458984,0.0,0.0,0.0,0.0,0.0
fast,17.257047549883524,12.673481941223145,18.29397964477539,0.018446922302246094,-0.027790158987045288,0.6585787534713745,0.027790158987045288,0.0,1.0,0.0,0.19244971871376035,0.6875057220458984,0.0,0.0,0.0,0.0,0.0
fast,17.672417709032693,14.578533172607422,18.29397964477539,0.018446922302246094,-0.027790158987045288,0.6585787534713745,0.027790158987045288,0.0,1.0,0.0,0.1626941859722137,0.31646168231964106,0.0,0.0,0.0,0.0,0.0
fast,17.827758438798142,16.735570907592773,18.29397964477539,0.018446922302246094,-0.027790158987045288,0.6585787534713745,0.027790158987045288,0.0,1.0,0.0,0.1230048537254333,0.2182531058788299,0.0,0.0,0.0,0.0,0.0
fast,17.730994571050008,16.658493041992188,18.29397964477539,0.018446922302246094,-0.027790158987045288,0.6585787534713745,0.027790158987045288,0.0,0.3769798874855041,0.0,0.0396740734577178,0.1904660165309906,0.0,0.0,0.0,0.0,0.0
fast,17.61129265277334,16.658493041992188,18.125049591064453,0.018446922302246094,-0.027790158987045288,0.6585787534713745,0.027790158987045288,0.0,1.0,0.0,0.1507919430732727,0.21626940369606015,0.0,0.0,0.0,0.0,0.0
fast,17.6313578637441,16.658493041992188,18.85553550720215,0.018446922302246094,-0.027790158987045288,0.6585787534713745,0.027790158987045288,0.0,1.0,0.0158696174621582,0.1745963990688324,0.30455946922302246,0.0,0.0,0.0158696174621582,0.0,0.0
fast,17.76855732721956,16.658493041992188,19.377384185791016,0.018446922302246094,-0.027790158987045288,0.6585787534713745,0.027790158987045288,0.0,1.0,0.0158696174621582,0.1904660165309906,0.3769798874855041,0.0,0.0,0.0158696174621582,0.0,0.0
fast,17.88470074023661,16.658493041992188,19.377384185791016,0.01700948923826219,-0.0424039363861084,0.6585787534713745,0.0424039363861084,0.0,1.0,0.0,0.1904660165309906,0.3769798874855041,0.0,0.0,0.0,0.0,0.0
fast,17.921352189381917,16.658493041992188,19.377384185791016,0.021800875663757324,-0.0424039363861084,0.6585787534713745,0.0424039363861084,0.0,1.0,0.0,0.05159154534339905,0.3769798874855041,0.0,0.0,0.0,0.0,0.0
fast,17.849058373769125,16.658493041992188,19.377384185791016,0.022040456533432007,-0.0424039363861084,0.534241795539856,0.0424039363861084,0.0,1.0,0.0,0.0,0.3541520535945892,0.0,0.0,0.0,0.0,0.0
fast,17.674387556085602,15.90659523010254,19.377384185791016,0.022040456533432007,-0.0424039363861084,0.2618503272533417,0.0424039363861084,0.0,1.0,0.0,0.0,0.28173160552978516,0.0,0.0,0.0,0.0,0.0
fast,17.351610004107158,12.034180641174316,19.377384185791016,0.022040456533432007,-0.0424039363861084,0.2618503272533417,0.0424039363861084,0.0,1.0,0.0,0.0,0.2797479033470154,0.0,0.8976745009422302,0.0,0.0,0.0
fast,16.675380671819052,8.264480590820312,19.377384185791016,0.022040456533432007,-0.0424039363861084,0.2618503272533417,0.0424039363861084,0.0,1.0,0.0,0.0,0.2797479033470154,0.0,0.8976745009422302,0.0,0.0,0.0
fast,15.644353462060293,6.100356101989746,19.377384185791016,0.022040456533432007,-0.0424039363861084,0.2618503272533417,0.0424039363861084,0.0,1.0,0.0,0.0,0.35514390468597407,0.0,0.8976745009422302,0.0,0.0,0.0
fast,14.656078225165952,6.100356101989746,19.377384185791016,0.022040456533432007,-0.0424039363861084,0.2618503272533417,0.0424039363861084,0.0,1.0,0.0,0.0,0.0912655889987945,0.0,0.8976745009422302,0.0,0.0,0.0
fast,13.504619540373485,5.3137030601501465,19.377384185791016,0.023957043886184748,-0.0424039363861084,0.2618503272533417,0.0424039363861084,0.0,1.0,0.0,0.0,0.0,0.0,0.8976745009422302,0.0,0.0,0.0
fast,12.264389822764722,5.150035858154297,19.18051528930664,0.023957043886184748,-0.0424039363861084,0.2618503272533417,0.0424039363861084,0.0,1.0,0.0,0.0,0.0,0.0,0.8976745009422302,0.0,0.0,0.0
fast,11.391577622890473,5.150035858154297,18.616165161132812,0.023957043886184748,-0.028988003730773926,-0.1729697585105896,0.028988003730773926,0.0,1.0,0.0,0.0,0.36506623029708857,0.0,0.8976745009422302,0.0,0.0,0.0
fast,10.927621495723724,5.150035858154297,17.7207088470459,0.023957043886184748,-0.024915307760238703,-0.1729697585105896,0.024915307760238703,0.0,1.0,0.0,0.0,1.0,0.0,0.8976745009422302,0.0,0.0,0.0
fast,10.791068624655406,5.150035858154297,16.876270294189453,0.023957043886184748,-0.02323830127716059,-0.0757042169570922,0.023957043886184748,0.0,1.0,0.0,0.0912655889987945,1.0,0.0,0.8976745009422302,0.0,0.0,0.0
fast,10.912972279674003,5.150035858154297,17.6235408782959,0.023957043886184748,-0.02323830127716059,-0.0757042169570922,0.023957043886184748,0.0,1.0,0.0,0.2976165115833282,1.0,0.0,0.8976745009422302,0.0,0.0,0.0
fast,11.172207787036896,5.150035858154297,17.6235408782959,0.023957043886184748,-0.02323830127716059,-0.0757042169570922,0.023957043886184748,0.0,1.0,0.0,0.3075350224971771,1.0,0.0,0.5906292796134949,0.0,0.0,0.0
fast,11.848285409257734,5.150035858154297,17.6235408782959,0.023957043886184748,-0.04072695970535278,-0.0757042169570922,0.04072695970535278,0.0,1.0,0.0,0.365062415599823,1.0,0.0,0.5906292796134949,0.0,0.0,0.0
fast,12.863881885210674,5.150035858154297,17.6235408782959,0.023957043886184748,-0.04072695970535278,-0.0757042169570922,0.04072695970535278,0.0,1.0,0.0,0.365062415599823,1.0,0.0,0.5906292796134949,0.0,0.0,0.0
fast,13.769915105501811,5.150035858154297,17.6235408782959,0.023957043886184748,-0.04072695970535278,-0.0757042169570922,0.04072695970535278,0.0,1.0,0.0,0.1726126968860626,1.0,0.0,0.5906292796134949,0.0,0.0,0.0
fast,14.659754292170208,5.150035858154297,17.6235408782959,0.042883098125457764,-0.04072695970535278,-0.0757042169570922,0.042883098125457764,0.0,1.0,0.0,0.1726126968860626,1.0,0.0,0.0,0.0,0.0,0.0
fast,15.511315340995788,8.739703178405762,17.6235408782959,0.042883098125457764,-0.04072695970535278,0.1734488904476165,0.042883098125457764,0.0,1.0,0.0,0.0476241409778595,1.0,0.0,0.0,0.0,0.0,0.0
fast,15.961271487871805,11.984474182128906,17.6235408782959,0.042883098125457764,-0.04072695970535278,0.1734488904476165,0.042883098125457764,0.0,1.0,0.0,0.0476241409778595,0.365062415599823,0.0,0.0,0.0,0.0,0.0
fast,16.103404059410096,14.72849464416504,17.6235408782959,0.042883098125457764,-0.04072695970535278,0.1734488904476165,0.042883098125457764,0.0,1.0,0.0,0.0476241409778595,0.3412579894065857,0.0,0.0,0.0,0.0,0.0
fast,16.04449624330651,14.72849464416504,17.6235408782959,0.042883098125457764,-0.04072695970535278,0.1734488904476165,0.042883098125457764,0.0,1.0,0.0,0.0476241409778595,0.3313394784927368,0.0,0.0,0.0,0.0,0.0
fast,15.57703651746114,8.670988082885742,17.375320434570312,0.042883098125457764,-0.04072695970535278,0.1734488904476165,0.042883098125457764,0.0,0.4642780721187591,0.0,0.0476241409778595,0.2856990098953247,0.0,3.5,0.0,0.0,0.0
fast,14.277181554486354,0.0,17.147838592529297,0.042883098125457764,-0.04072695970535278,0.1734488904476165,0.042883098125457764,0.0,0.4642780721187591,0.0,0.0,0.2757804989814758,0.0,3.5,0.0,0.0,0.0
fast,12.773047876550505,0.0,16.913951873779297,0.042883098125457764,-0.024436235427856445,0.1734488904476165,0.042883098125457764,0.0,1.0,0.0,0.0277718305587768,0.3769798874855041,0.0,3.5,0.0,0.0,0.0
fast,11.79685638844346,0.0,16.397605895996094,0.042883098125457764,-0.017249062657356318,0.1734488904476165,0.042883098125457764,0.0,1.0,0.0,0.05555894970893855,0.4414502382278442,0.0,3.5,0.0,0.0,0.0
fast,11.244986387286335,0.0,15.902458190917969,0.042883098125457764,-0.017249062657356318,0.2031556069850921,0.042883098125457764,0.0,1.0,0.0,0.3154698312282562,1.0,0.0,3.5,0.0,0.0,0.0
fast,11.057815702405069,0.0,15.43889331817627,0.029467135667800903,-0.017249062657356318,0.2031556069850921,0.029467135667800903,0.0,1.0,0.0218207240104675,0.3849146962165832,1.0,0.0,3.5,0.0218207240104675,0.0,0.0
fast,11.11222334165747,0.0,16.02621078491211,0.025634020566940308,-0.017249062657356318,0.2031556069850921,0.025634020566940308,0.0,1.0,0.0704367160797119,0.4424420893192291,1.0,0.0,3.5,0.0704367160797119,0.0,0.0
fast,10.74682105322058,0.0,16.02621078491211,0.025634020566940308,-0.017249062657356318,0.2031556069850921,0.025634020566940308,0.0,1.0,0.0,0.4424420893192291,1.0,0.0,3.5,0.0,0.0,0.0
fast,9.808271149986734,0.0,16.02621078491211,0.025634020566940308,-0.017249062657356318,0.2031556069850921,0.025634020566940308,0.0,1.0,0.0,0.3849146962165832,1.0,0.0,3.5,0.0,0.0,0.0
fast,8.398826514923325,0.0,16.02621078491211,0.025634020566940308,-0.017249062657356318,0.2031556069850921,0.025634020566940308,0.0,1.0,0.0,0.0,1.0,0.0,3.5,0.0,0.0,0.0
fast,7.095970126831284,0.0,16.02621078491211,0.025634020566940308,-0.017249062657356318,0.2031556069850921,0.025634020566940308,0.0,1.0,0.0,0.0,1.0,0.0,3.5,0.0,0.0,0.0
fast,6.677984068586181,0.0,16.02621078491211,0.025634020566940308,-0.0110202357172966,0.2031556069850921,0.025634020566940308,0.0,1.0,0.0,0.0,1.0,0.0,1.5233771800994873,0.0,0.0,0.0
fast,6.474169150839249,0.0,16.02621078491211,0.025634020566940308,-0.0110202357172966,0.2031556069850921,0.025634020566940308,0.0,1.0,0.0,0.0,1.0,0.0,1.5233771800994873,0.0,0.0,0.0
fast,5.794447932945866,0.0,16.02621078491211,0.025634020566940308,-0.0110202357172966,0.2031556069850921,0.025634020566940308,0.0,1.0,0.0,0.0,0.5246436893939972,0.0,1.5233771800994873,0.0,0.0,0.0
fast,4.766267737771074,0.0,16.02621078491211,0.0014374218881130002,-0.0110202357172966,0.1499710083007812,0.0110202357172966,0.0,1.0,0.0,0.0,0.0,0.0,1.5233771800994873,0.0,0.0,0.0
fast,3.8348037091993454,0.0,16.02621078491211,0.0014374218881130002,-0.0014374214224516998,0.0074266791343688,0.0014374218881130002,0.0,1.0,0.0,0.0,0.0,0.0,1.5233771800994873,0.0,0.0,0.0
fast,3.1178984150713394,0.0,15.289280891418455,0.0014374218881130002,-0.0359355211257934,0.0074266791343688,0.0359355211257934,0.0,1.0,0.0,0.0,0.0,0.0,1.5233771800994873,0.0,0.0,0.0
fast,3.129331235314409,0.0,11.709543228149414,0.0,-0.04623699188232422,0.0074266791343688,0.04623699188232422,0.0,1.0,0.0,0.0,0.7812433242797852,0.0,0.8976745009422302,0.0,0.0,0.0
fast,3.7098051701237758,0.0,11.709543228149414,0.14398174732923508,-0.04623699188232422,1.4208914041519165,0.14398174732923508,0.0,1.0,0.0,0.0,0.7812433242797852,0.0,0.8976745009422302,0.0,0.0,0.0
fast,4.338598600813434,0.0,11.709543228149414,0.14398174732923508,-0.04623699188232422,2.294843912124634,0.14398174732923508,0.0,1.0,0.0,0.0,0.7812433242797852,0.0,2.19722580909729,0.0,0.0,0.0
fast,4.621655358620399,0.0,11.709543228149414,0.14398174732923508,-0.04623699188232422,2.661146879196167,0.14398174732923508,0.0,1.0,0.0,0.0,0.7812433242797852,0.0,2.19722580909729,0.0,0.0,0.0
fast,4.613952599689364,0.0,11.709543228149414,0.14398174732923508,-0.04623699188232422,2.702353000640869,0.14398174732923508,0.0,1.0,0.0,0.0,0.7812433242797852,0.0,2.19722580909729,0.0,0.0,0.0
fast,4.613952599689364,0.0,11.709543228149414,0.14398174732923508,-0.04623699188232422,2.702353000640869,0.14398174732923508,0.0,1.0,0.0,0.0,0.7812433242797852,0.0,2.19722580909729,0.0,0.0,0.0
fast,4.606275473899532,0.0,11.709543228149414,0.14398174732923508,-0.04623699188232422,2.702353000640869,0.14398174732923508,0.0,1.0,0.0,0.0,0.7812433242797852,0.0,2.19722580909729,0.0,0.0,0.0
fast,4.568848491460085,0.0,11.709543228149414,0.14398174732923508,-0.04623699188232422,2.702353000640869,0.14398174732923508,0.0,1.0,0.0,0.0,0.7812433242797852,0.0,2.19722580909729,0.0,0.0,0.0
fast,4.133261722673972,0.0,11.709543228149414,0.14398174732923508,-0.04623699188232422,2.702353000640869,0.14398174732923508,0.0,1.0,0.0,0.0,0.0,0.0,2.19722580909729,0.0,0.0,0.0
fast,3.261709539297218,0.0,11.709543228149414,0.14398174732923508,-0.04623699188232422,2.702353000640869,0.14398174732923508,0.0,0.7812433242797852,0.0,0.0,0.0,0.0,2.19722580909729,0.0,0.0,0.0
fast,2.13513518884778,0.0,11.670503616333008,0.14398174732923508,-0.028029918670654297,2.702353000640869,0.14398174732923508,0.0,0.0,0.0,0.0,0.0,0.0,2.19722580909729,0.0,0.0,0.0
fast,0.9941504501799743,0.0,10.992232322692873,0.05438244342803955,-0.028029918670654297,2.702353000640869,0.05438244342803955,0.0,0.0,0.0,0.0,0.0,0.0,2.19722580909729,0.0,0.0,0.0
normal,0.00013902124017477018,0.0,0.0560013428330421,0.0328211300075054,-0.006707967258989799,0.0807351917028427,0.0328211300075054,0.0,0.5,0.5,0.5,0.5,0.0,0.449999988079071,0.5,0.449999988079071,0.449999988079071
normal,0.12133645113557577,0.0,2.4408905506134033,0.0328211300075054,-0.017249062657356304,0.1296075284481048,0.0328211300075054,0.0,0.5820337533950806,0.5,0.5,0.5,0.0,0.449999988079071,0.5,0.449999988079071,0.0
normal,0.4645775454863906,0.0,4.196939945220947,0.0328211300075054,-0.06228834390640259,0.1296075284481048,0.06228834390640259,0.0,0.5820337533950806,0.3720053732395172,0.5,0.5,0.0,0.449999988079071,0.3720053732395172,0.449999988079071,0.0
normal,0.9474669307097793,0.0,5.365881443023682,0.0328211300075054,-0.06228834390640259,0.1296075284481048,0.06228834390640259,0.0,0.5820337533950806,0.3571276068687439,0.5,0.5,0.0,0.449999988079071,0.3571276068687439,0.0,0.0
normal,1.4548654303575554,0.0,5.404495716094971,0.10708796977996848,-0.06228834390640259,0.1296075284481048,0.10708796977996848,0.0,0.5820337533950806,0.0952330231666565,0.4761803150177002,0.5,0.0,0.449999988079071,0.0952330231666565,0.0,0.0
normal,1.8742945696537694,0.0,5.404495716094971,0.12601399421691895,-0.06228834390640259,4.629456520080566,0.12601399421691895,0.0,0.5820337533950806,0.0,0.3610950112342834,0.5,0.0,0.449999988079071,0.0,0.0,0.0
normal,2.2575705589478217,0.0,5.404495716094971,0.12601399421691895,-0.06228834390640259,6.8986663818359375,0.12601399421691895,0.0,0.5820337533950806,0.0,0.2797479033470154,0.5,0.0,0.449999988079071,0.0,0.0,0.0
normal,2.730797322355211,0.0,5.4855451583862305,0.12601399421691895,-0.06228834390640259,6.8986663818359375,0.12601399421691895,0.0,0.5820337533950806,0.0,0.2797479033470154,0.4325235784053802,0.0,0.449999988079071,0.0,0.0,0.0
normal,3.331163759790361,0.0,6.268483638763428,0.12601399421691895,-0.16410565376281738,6.8986663818359375,0.16410565376281738,0.0,0.5820337533950806,0.0,0.2559434771537781,0.404751718044281,0.0,0.0,0.0,0.0,0.0
normal,3.9517523564522463,0.0,6.268483638763428,0.12601399421691895,-0.16410565376281738,6.8986663818359375,0.16410565376281738,0.0,0.5820337533950806,0.0228125751018524,0.2559434771537781,0.404751718044281,0.0,0.0,0.0228125751018524,0.0,0.0
normal,4.544326909780502,0.0860630422830581,6.268483638763428,0.12601399421691895,-0.16410565376281738,6.8986663818359375,0.16410565376281738,0.0,0.5820337533950806,0.0,0.2103106677532196,0.404751718044281,0.0,0.0,0.0,0.0,0.0
normal,4.991106270154317,2.480607271194458,6.268483638763428,0.12601399421691895,-0.16410565376281738,6.8986663818359375,0.16410565376281738,0.0,0.5273445844650269,0.0,0.10118412971496579,0.3610950112342834,0.0,0.0,0.0,0.0,0.0
normal,5.1663930610815685,3.766488552093506,6.268483638763428,0.12601399421691895,-0.16410565376281738,6.8986663818359375,0.16410565376281738,0.0,0.4325235784053802,0.0,0.0317392647266387,0.3224127888679504,0.0,0.0,0.0,0.0,0.0
normal,5.264000326395035,3.766488552093506,6.268483638763428,0.12601399421691895,-0.18494820594787598,6.8986663818359375,0.18494820594787598,0.0,0.5429700613021851,0.0,0.0317392647266387,0.273796796798706,0.0,0.0,0.0,0.0,0.0
normal,5.346830268303553,3.766488552093506,6.268483638763428,0.12601399421691895,-0.18494820594787598,6.8986663818359375,0.18494820594787598,0.0,0.5429700613021851,0.0,0.0357066690921783,0.273796796798706,0.0,0.0,0.0,0.0,0.0
normal,5.4958658667405444,3.766488552093506,6.268483638763428,0.11140012741088867,-0.18494820594787598,6.8986663818359375,0.18494820594787598,0.0,0.5429700613021851,0.0,0.0357066690921783,0.273796796798706,0.0,0.0,0.0,0.0,0.0
normal,5.630770795345306,4.054200172424316,6.268483638763428,0.11140012741088867,-0.18494820594787598,6.8986663818359375,0.18494820594787598,0.0,0.5429700613021851,0.0,0.0317392647266387,0.2549516260623932,0.0,0.0,0.0,0.0,0.0
normal,5.657284909884135,4.926750183105469,6.268483638763428,0.11140012741088867,-0.18494820594787598,6.7767252922058105,0.18494820594787598,0.0,0.5429700613021851,0.0,0.0317392647266387,0.15575120598077768,0.0,0.0,0.0,0.0,0.0
normal,5.51967204729716,4.189863681793213,6.268348217010498,0.11140012741088867,-0.18494820594787598,6.7767252922058105,0.18494820594787598,0.0,0.5429700613021851,0.0,0.0,0.1071352362632751,0.0,0.0,0.0,0.0,0.0
normal,5.286402870814006,3.626628637313843,6.0695977210998535,0.11140012741088867,-0.18494820594787598,6.7767252922058105,0.18494820594787598,0.0,0.5429700613021851,0.0,0.0,0.0684530138969421,0.0,0.0,0.0,0.0,0.0
normal,4.804917744994164,0.0,6.038874626159668,0.11140012741088867,-0.18494820594787598,6.7767252922058105,0.18494820594787598,0.0,0.5429700613021851,0.0,0.0,0.11606189608573911,0.0,0.0,0.0,0.0,0.0
normal,4.335668247162054,0.0,6.038874626159668,0.026592314243316595,-0.18494820594787598,6.762829780578613,0.18494820594787598,0.0,0.6445356607437134,0.0,0.0317392647266387,0.1904660165309906,0.0,0.0,0.0,0.0,0.0
normal,4.187796664653967,0.0,6.038874626159668,0.03976869583129883,-0.18494820594787598,5.265994548797607,0.18494820594787598,0.0,0.6601611375808716,0.0,0.0357066690921783,0.2549516260623932,0.0,0.0,0.0,0.0,0.0
normal,4.065425579963873,0.0,5.989501953125,0.10325479507446289,-0.05605944991111761,4.741096019744873,0.10325479507446289,0.0,0.6601611375808716,0.0,0.0357066690921783,0.23114719986915588,0.0,0.0,0.0,0.0,0.0
normal,4.050903236487259,0.0,6.461221218109131,0.10325479507446289,-0.011499404907226562,4.760501384735107,0.10325479507446289,0.0,0.6601611375808716,0.0,0.1269875168800354,0.4493850469589233,0.0,0.0,0.0,0.0,0.0
normal,4.173783441800624,0.0,7.0978593826293945,0.10325479507446289,-0.06612133979797363,4.760501384735107,0.10325479507446289,0.0,0.6601611375808716,0.0,0.1547593474388122,0.5039063692092896,0.0,0.0992004126310348,0.0,0.0,0.0
normal,4.142027463335544,0.0,7.0978593826293945,0.10325479507446289,-0.06612133979797363,4.760501384735107,0.10325479507446289,0.0,0.6601611375808716,0.0,0.1547593474388122,0.5039063692092896,0.0,2.2870724201202393,0.0,0.0,0.0
normal,3.6692724317653727,0.0,7.0978593826293945,0.10325479507446289,-0.06612133979797363,4.760501384735107,0.10325479507446289,0.0,0.6640675067901611,0.0,0.10118412971496579,0.5195318460464478,0.0,2.2870724201202393,0.0,0.0,0.0
normal,3.479738443031286,0.0,7.0978593826293945,0.10325479507446289,-0.06612133979797363,4.760501384735107,0.10325479507446289,0.0,0.8281197547912598,0.0,0.29562516510486603,0.5322275459766388,0.0,2.2870724201202393,0.0,0.0,0.0
normal,3.6683765722656,0.0,7.0978593826293945,0.10325479507446289,-0.06612133979797363,4.760501384735107,0.10325479507446289,0.0,0.8281197547912598,0.0,0.4444257915019989,0.6054719686508179,0.0,2.2870724201202393,0.0,0.0,0.0
normal,4.203853080207482,0.0,7.0978593826293945,0.10325479507446289,-0.06612133979797363,4.760501384735107,0.10325479507446289,0.0,0.8281197547912598,0.0,0.4444257915019989,0.6054719686508179,0.0,2.2870724201202393,0.0,0.0,0.0
normal,4.717600395396973,0.0,7.0978593826293945,0.10325479507446289,-0.06612133979797363,4.760501384735107,0.10325479507446289,0.0,0.8281197547912598,0.0,0.3412579894065857,0.5312509536743164,0.0,2.2870724201202393,0.0,0.0,0.0
normal,4.8674191837664695,0.0,7.0978593826293945,0.10325479507446289,-0.06612133979797363,4.760501384735107,0.10325479507446289,0.0,0.8281197547912598,0.0,0.13690602779388425,0.5273445844650269,0.0,2.2870724201202393,0.0,0.0,0.0
normal,4.691053485861048,0.0,7.0978593826293945,0.027790158987045288,-0.06612133979797363,4.760501384735107,0.06612133979797363,0.0,0.8281197547912598,0.0,0.0,0.5273445844650269,0.0,2.2870724201202393,0.0,0.0,0.0
normal,4.115347387781367,0.0,7.0978593826293945,0.03210246562957764,-0.06612133979797363,4.577949047088623,0.06612133979797363,0.0,0.8281197547912598,0.0,0.0,0.4295480251312256,0.0,2.2870724201202393,0.0,0.0,0.0
normal,3.4240024447347968,0.0,6.851716041564941,0.03737306594848633,-0.050549328327178955,2.1539766788482666,0.050549328327178955,0.0,0.8281197547912598,0.0,0.0,0.338282436132431,0.0,2.2870724201202393,0.0,0.0,0.0
normal,2.9444345040308932,0.0,6.579428195953369,0.06204867362976074,-0.050549328327178955,2.9869625568389893,0.06204867362976074,0.0,0.8281197547912598,0.0,0.0,0.3769798874855041,0.0,1.2987608909606934,0.0,0.0,0.0
normal,3.0918798231116185,0.0,6.579428195953369,0.06204867362976074,-0.013176366686820984,5.189332485198975,0.06204867362976074,0.0,0.8281197547912598,0.0,0.0,0.457323670387268,0.0,0.1460249722003936,0.0,0.0,0.0
normal,3.2394251116147887,0.0,6.579428195953369,0.06204867362976074,-0.0086245308630168,5.904210090637207,0.06204867362976074,0.0,0.7695242166519165,0.0,0.0,0.452360600233078,0.0,0.1460249722003936,0.0,0.0,0.0
normal,3.238374525709078,0.0,6.579428195953369,0.06204867362976074,-0.07139205932617188,5.904210090637207,0.07139205932617188,0.0,0.5625019073486328,0.0,0.0,0.3819391429424286,0.0,0.1460249722003936,0.0,0.0,0.0
normal,3.1905321510663875,0.0,6.311853885650635,0.06204867362976074,-0.09055757522582986,5.904210090637207,0.09055757522582986,0.0,0.5625019073486328,0.0,0.0,0.3819391429424286,0.0,0.1460249722003936,0.0,0.0,0.0
normal,3.238064979715273,0.0,6.966662406921387,0.06204867362976074,-0.09055757522582986,5.904210090637207,0.09055757522582986,0.0,0.5625019073486328,0.0,0.1805475056171417,0.3819391429424286,0.0,0.1460249722003936,0.0,0.0,0.0
normal,3.4554476650586974,0.0,7.841702461242676,0.06204867362976074,-0.09055757522582986,5.904210090637207,0.09055757522582986,0.0,0.5625019073486328,0.0,0.3372905850410461,0.4364909827709198,0.0,0.1460249722003936,0.0,0.0,0.0
normal,4.003546124029284,0.0,8.61606502532959,0.06204867362976074,-0.09055757522582986,5.904210090637207,0.09055757522582986,0.0,0.5625019073486328,0.061510056257247925,0.3571276068687439,0.4483931958675384,0.0,0.1460249722003936,0.061510056257247925,0.0,0.0
normal,4.890174163707221,0.0,9.108368873596191,0.06204867362976074,-0.09055757522582986,5.904210090637207,0.09055757522582986,0.0,0.5625019073486328,0.2966246530413627,0.3571276068687439,0.4483931958675384,0.0,0.0,0.2966246530413627,0.0,0.0
normal,5.828576806910957,0.0,9.690783500671388,0.06204867362976074,-0.09055757522582986,5.904210090637207,0.09055757522582986,0.0,0.5625019073486328,0.3015839159488678,0.3571276068687439,0.4483931958675384,0.0,0.0,0.3015839159488678,0.0,0.0
normal,6.816508923768997,0.5373823642730713,10.171526908874512,0.0567781925201416,-0.09055757522582986,5.904210090637207,0.09055757522582986,0.0396740734577178,0.5625019073486328,0.3055513203144073,0.3610950112342834,0.4483931958675384,0.0,0.0,0.3055513203144073,0.0,0.0
normal,7.682565332253774,3.0488696098327637,10.648359298706056,0.03401899337768555,-0.09055757522582986,5.904210090637207,0.09055757522582986,0.0396740734577178,0.5625019073486328,0.3055513203144073,0.3610950112342834,0.4007843136787414,0.0,0.0,0.3055513203144073,0.0,0.0
normal,8.35551950931549,5.254867076873779,11.220243453979492,0.033300273120403304,-0.09055757522582986,5.849108695983887,0.09055757522582986,0.0396740734577178,0.4483931958675384,0.3055513203144073,0.3610950112342834,0.4007843136787414,0.0,0.0,0.3055513203144073,0.0,0.0
normal,8.929570616881053,5.909246444702148,11.717884063720703,0.033300273120403304,-0.09055757522582986,4.394917011260986,0.09055757522582986,0.0396740734577178,0.4483931958675384,0.3124942779541015,0.3610950112342834,0.404751718044281,0.0,0.0,0.3124942779541015,0.0,0.0
normal,9.522342931429545,6.233614921569824,12.141253471374512,0.033300273120403304,-0.0776207447052002,0.7048158049583435,0.0776207447052002,0.3015839159488678,0.4483931958675384,0.3253883421421051,0.3610950112342834,0.404751718044281,0.0,0.0,0.3253883421421051,0.0,0.0
normal,10.1047674425443,6.978702068328857,12.674633979797363,0.012697219848632785,-0.017488631419837503,0.3076082766056061,0.017488631419837503,0.3015839159488678,0.4483931958675384,0.3253883421421051,0.3610950112342834,0.404751718044281,0.0,0.0,0.3253883421421051,0.0,0.0
normal,10.64467707792918,7.858531951904297,12.811174392700195,0.012697219848632785,-0.0107806635496672,0.3076082766056061,0.012697219848632785,0.1309549212455749,0.4483931958675384,0.3055513203144073,0.3571276068687439,0.3888821005821228,0.0,0.0,0.3055513203144073,0.0,0.0
normal,11.096508167584737,8.624422073364258,12.818687438964844,0.012697219848632785,-0.004312269389629392,0.3076082766056061,0.012697219848632785,0.1150700449943542,0.4364909827709198,0.3015839159488678,0.3452253937721252,0.3849146962165832,0.0,0.0,0.3015839159488678,0.0,0.0
normal,11.492036590576172,9.116621017456056,12.82460594177246,0.012697219848632785,-0.004312269389629392,0.3076082766056061,0.012697219848632785,0.099200427532196,0.4364909827709198,0.17658010125160212,0.3452253937721252,0.3849146962165832,0.0,0.0,0.17658010125160212,0.0,0.0
normal,11.83187140782674,9.70197868347168,12.82460594177246,0.012697219848632785,-0.004312269389629392,0.3076082766056061,0.012697219848632785,0.0555589497089386,0.4364909827709198,0.1150700449943542,0.3452253937721252,0.3849146962165832,0.0,0.0,0.1150700449943542,0.0,0.0
normal,12.10373051961263,10.178953170776367,12.82460594177246,0.012697219848632785,-0.004312269389629392,0.3076082766056061,0.012697219848632785,0.0555589497089386,0.4364909827709198,0.1150700449943542,0.3115024268627167,0.3849146962165832,0.0,0.0,0.1150700449943542,0.0,0.0
normal,12.322618344624837,10.657161712646484,12.82460594177246,0.012697219848632785,-0.004312269389629392,0.3722922503948211,0.012697219848632785,0.0555589497089386,0.4364909827709198,0.0912655889987945,0.1309549212455749,0.3660542666912079,0.0,0.0,0.0912655889987945,0.0,0.0
normal,12.480952547391256,11.22982120513916,12.82460594177246,0.011020228266715976,-0.004312261939048795,0.4266746938228607,0.011020228266715976,0.0,0.4364909827709198,0.0912655889987945,0.1150700449943542,0.3253883421421051,0.0,0.0,0.0912655889987945,0.0,0.0
normal,12.557821071942648,11.724116325378418,12.82460594177246,0.011020228266715976,-0.004072695970535306,0.5498138666152954,0.011020228266715976,0.0,0.3888821005821228,0.0555589497089386,0.099200427532196,0.17261269688606257,0.0,0.0,0.0555589497089386,0.0,0.0
normal,12.563569075277135,11.856681823730469,12.82460594177246,0.011020228266715976,-0.004072695970535306,0.6116229891777039,0.011020228266715976,0.0,0.3888821005821228,0.0555589497089386,0.0912655889987945,0.1150700449943542,0.0,0.0,0.0555589497089386,0.0,0.0
normal,12.498292957941691,11.729814529418944,12.82460594177246,0.011020228266715976,-0.005989253520965576,0.6116229891777039,0.011020228266715976,0.0,0.3095187246799469,0.0555589497089386,0.0912655889987945,0.1150700449943542,0.0,0.0,0.0555589497089386,0.0,0.0
normal,12.39815026919047,11.715728759765623,12.82460594177246,0.011020228266715976,-0.015811637043952914,0.6116229891777039,0.015811637043952914,0.0,0.329355776309967,0.0555589497089386,0.0912655889987945,0.1150700449943542,0.0,0.0,0.0555589497089386,0.0,0.0
normal,12.318775696754455,11.715728759765623,12.82460594177246,0.011020235717296586,-0.015811637043952914,0.6116229891777039,0.015811637043952914,0.0,0.329355776309967,0.0555589497089386,0.0912655889987945,0.1150700449943542,0.0,0.0,0.0555589497089386,0.0,0.0
normal,12.212040406862895,11.505996704101562,12.819802284240724,0.011020235717296586,-0.015811637043952914,0.6116229891777039,0.015811637043952914,0.0,0.329355776309967,0.0158696174621582,0.0714285671710968,0.099200427532196,0.0,0.0,0.0158696174621582,0.0,0.0
normal,12.05829465866089,10.954750061035156,12.725099563598633,0.011020235717296586,-0.015811637043952914,0.6116229891777039,0.015811637043952914,0.0,0.329355776309967,0.0,0.0714285671710968,0.099200427532196,0.0,0.029763177037239,0.0,0.0,0.0
normal,11.844572653770447,10.032503128051758,12.615410804748535,0.011020235717296586,-0.015811637043952914,0.6116229891777039,0.015811637043952914,0.0,0.329355776309967,0.0,0.0634937584400177,0.099200427532196,0.0,0.0515839159488678,0.0,0.0,0.0
normal,11.531709756851196,8.869060516357422,12.569190979003906,0.011020235717296586,-0.015811637043952914,0.6116229891777039,0.015811637043952914,0.0,0.329355776309967,0.0,0.00991851091384885,0.099200427532196,0.0,0.0793633908033371,0.0,0.0,0.0
normal,11.095717137654622,7.442000389099121,12.412128448486328,0.011020235717296586,-0.015811637043952914,0.6116229891777039,0.015811637043952914,0.0,0.329355776309967,0.0,0.0,0.099200427532196,0.0,0.1103182956576347,0.0,0.0,0.0
normal,10.494666225115457,4.684760093688965,12.097835540771484,0.011020235717296586,-0.015811637043952914,0.6116229891777039,0.015811637043952914,0.0,0.329355776309967,0.0,0.0,0.099200427532196,0.0,0.3844920098781585,0.0,0.0,0.0
normal,9.490742996235854,0.0,12.097835540771484,0.011020235717296586,-0.015811637043952914,0.6116229891777039,0.015811637043952914,0.0,0.329355776309967,0.0,0.0,0.099200427532196,0.0,0.3844920098781585,0.0,0.029763177037239,0.0
normal,8.308465789382657,0.0,12.097835540771484,0.011020235717296586,-0.015811637043952914,0.4616519808769226,0.015811637043952914,0.0,0.329355776309967,0.0,0.0,0.0,0.0,0.3844920098781585,0.0,0.049600213766098,0.0
normal,7.1308410662660995,0.0,12.097835540771484,0.011020235717296586,-0.008145390078425397,0.2165715545415878,0.011020235717296586,0.0,0.329355776309967,0.0,0.0,0.0,0.0,0.3844920098781585,0.0,0.049600213766098,0.0
normal,5.9285262221346295,0.0,12.003870964050291,0.004551835358142799,-0.008145390078425397,0.2048325985670089,0.008145390078425397,0.0,0.0,0.0,0.0,0.0,0.0,0.3844920098781585,0.0,0.049600213766098,0.0
normal,4.753105049356818,0.0,11.49794578552246,0.004551835358142799,-0.008145390078425397,0.1276909708976745,0.008145390078425397,0.0,0.0,0.0,0.0,0.0,0.0,0.3844920098781585,0.0,0.049600213766098,0.0
normal,3.628613337104519,0.0,10.943626403808594,0.004551835358142799,-0.0045518356491811,0.0309045687317848,0.0045518356491811,0.0,0.0,0.0,0.0,0.0,0.0,0.3844920098781585,0.0,0.049600213766098,0.0
normal,2.575687114621202,0.0,10.014677047729492,0.0035935546038672,-0.0033539850264787015,0.0201239045709371,0.0035935546038672,0.0,0.0,0.0,0.0,0.0,0.0,0.3844920098781585,0.0,0.0,0.0
normal,1.629174612586697,0.0,8.847580909729004,0.002395702525973299,-0.0033539850264787015,0.0201239045709371,0.0033539850264787015,0.0,0.0,0.0,0.0,0.0,0.0,0.3844920098781585,0.0,0.0,0.0
normal,0.8131139773378769,0.0,7.415804862976074,0.002395702525973299,-0.0033539850264787015,0.0201239045709371,0.0033539850264787015,0.0,0.0,0.0,0.0,0.0,0.0,0.3844920098781585,0.0,0.0,0.0
normal,0.18833829425275325,0.0,4.615001201629639,0.002395702525973299,-0.0033539850264787015,0.0201239045709371,0.0033539850264787015,0.0,0.0,0.0,0.0,0.0,0.0,0.3844920098781585,0.0,0.0,0.0
normal,0.0022635119191060458,0.0,0.281512975692749,0.0,0.0,0.0134159363806247,0.0,0.0,0.4563280045986175,0.0,0.0,0.0,0.0,0.0,0.0,0.0,0.0
normal,0.16454371323498587,0.0,2.9902238845825195,0.0,0.0,0.0134159363806247,0.0,0.0,0.6093783378601074,0.0,0.0,0.0,0.0,0.0,0.0,0.0,0.0
normal,0.6023112645776322,0.0,5.659730434417725,0.0,0.0,0.0134159363806247,0.0,0.0,0.613284707069397,0.0,0.0,0.16269797831773752,0.0,0.0,0.0,0.0,0.0
normal,1.2514108585348973,0.0,7.286591529846191,0.0,0.0,0.0134159363806247,0.0,0.0,0.613284707069397,0.0,0.0,0.6054719686508179,0.0,0.0,0.0,0.0,0.0
normal,2.057788224918768,0.0,8.801905632019043,0.0,0.0,0.0134159363806247,0.0,0.0,0.613284707069397,0.0,0.0,0.6093783378601074,0.0,0.0,0.0,0.0,0.0
normal,3.011378362082566,0.0,10.10926342010498,0.0,0.0,0.0134159363806247,0.0,0.0,0.613284707069397,0.0,0.4662541598081589,0.6093783378601074,0.0,0.0,0.0,0.0,0.0
normal,4.0674651820492,0.0,10.97714900970459,0.0,0.0,0.0134159363806247,0.0,0.0,0.613284707069397,0.0,0.5820337533950806,0.6093783378601074,0.0,0.0,0.0,0.0,0.0
normal,5.190663737359767,0.0,11.40476894378662,0.03425855934619901,0.0,0.3984054028987884,0.03425855934619901,0.0,0.613284707069397,0.19444485753774637,0.5820337533950806,0.6093783378601074,0.0,0.0,0.19444485753774637,0.0,0.0
normal,6.336954381369675,0.0,11.500657081604004,0.03425855934619901,-0.028029724955558777,0.3984054028987884,0.03425855934619901,0.0,0.613284707069397,0.3610950112342834,0.5820337533950806,0.6093783378601074,0.0,0.0,0.3610950112342834,0.0,0.0
normal,7.487737107975408,0.0,11.614275932312012,0.03425855934619901,-0.028029724955558777,0.3984054028987884,0.03425855934619901,0.0,0.613284707069397,0.3888821005821228,0.5820337533950806,0.6093783378601074,0.0,0.0,0.3888821005821228,0.0,0.0
normal,8.644338035384814,0.316880464553833,11.627235412597656,0.03425855934619901,-0.028029724955558777,0.3984054028987884,0.03425855934619901,0.2142857015132904,0.613284707069397,0.4364909827709198,0.5820337533950806,0.6093783378601074,0.0,0.0,0.4364909827709198,0.0,0.0
normal,9.630381981929144,3.036820888519287,11.66644287109375,0.03425855934619901,-0.028029724955558777,0.3984054028987884,0.03425855934619901,0.2142857015132904,0.613284707069397,0.395825058221817,0.5820337533950806,0.5937528610229492,0.0,0.0,0.395825058221817,0.0,0.0
normal,10.390473363399506,5.687245845794678,12.302602767944336,0.03425855934619901,-0.028029724955558777,0.3984054028987884,0.03425855934619901,0.2142857015132904,0.6406292915344238,0.395825058221817,0.5820337533950806,0.5937528610229492,0.0,0.0,0.395825058221817,0.0,0.0
normal,11.0104310576121,7.31312894821167,12.997031211853027,0.03425855934619901,-0.028029724955558777,0.3984054028987884,0.03425855934619901,0.2142857015132904,0.6601611375808716,0.395825058221817,0.5488296151161194,0.5898464918136597,0.0,0.0,0.395825058221817,0.0,0.0
normal,11.52487954934438,8.826982498168945,13.38693618774414,0.03425855934619901,-0.028029724955558777,0.3984054028987884,0.03425855934619901,0.2142857015132904,0.6601611375808716,0.395825058221817,0.4920499324798584,0.5820337533950806,0.0,0.0,0.395825058221817,0.0,0.0
normal,11.923850285212199,10.124225616455078,13.615804672241213,0.03425855934619901,-0.028029724955558777,0.3984054028987884,0.03425855934619901,0.2142857015132904,0.6601611375808716,0.3610950112342834,0.4404583871364593,0.5820337533950806,0.0,0.0,0.3610950112342834,0.0,0.0
normal,12.232139156659445,10.988495826721191,13.663153648376465,0.03425855934619901,-0.028029724955558777,0.3984054028987884,0.03425855934619901,0.2142857015132904,0.6601611375808716,0.3204290866851806,0.4126865267753601,0.5117191076278687,0.0,0.0,0.3204290866851806,0.0,0.0
normal,12.47500018119812,11.400747299194336,13.670860290527344,0.011020243167877197,-0.028029724955558777,0.3984054028987884,0.028029724955558777,0.1547593474388122,0.6601611375808716,0.2539597749710083,0.4126865267753601,0.5117191076278687,0.0,0.0,0.2539597749710083,0.0,0.0
normal,12.689070936838785,11.400747299194336,13.670860290527344,0.011020243167877197,-0.027790158987045344,-0.2553819417953491,0.027790158987045344,0.1309549212455749,0.6601611375808716,0.2222205400466919,0.4126865267753601,0.5117191076278687,0.0,0.0,0.2222205400466919,0.0,0.0
normal,12.889312335650127,11.413531303405762,13.670860290527344,0.011020243167877197,-0.011020243167877197,-0.2199255377054214,0.011020243167877197,0.1269875168800354,0.6601611375808716,0.1825312077999115,0.3214209377765655,0.4920499324798584,0.0,0.0,0.1825312077999115,0.0,0.0
normal,13.068396080334981,11.413531303405762,13.670860290527344,0.009103670716285706,-0.005030989646911566,-0.1133167520165443,0.009103670716285706,0.1269875168800354,0.6601611375808716,0.1547593474388122,0.26784569025039673,0.4920499324798584,0.0,0.0,0.1547593474388122,0.0,0.0
normal,13.24982892672221,11.676054954528809,13.670860290527344,0.009103670716285706,-0.011020228266715976,-0.1133167520165443,0.011020228266715976,0.1190374493598938,0.6601611375808716,0.1547593474388122,0.2222205400466919,0.4126865267753601,0.0,0.0,0.1547593474388122,0.0,0.0
normal,13.365214387575785,12.31525707244873,13.670860290527344,0.009103670716285706,-0.011020228266715976,-0.1133167520165443,0.011020228266715976,0.0634937584400177,0.6601611375808716,0.1269875168800354,0.1666615903377533,0.3214209377765655,0.0,0.0,0.1269875168800354,0.0,0.0
normal,13.381393454869588,12.686925888061523,13.670860290527344,0.011259794235229492,-0.011020228266715976,-0.1133167520165443,0.011259794235229492,0.051591545343399,0.4920499324798584,0.1269875168800354,0.1547593474388122,0.2222205400466919,0.0,0.0,0.1269875168800354,0.0,0.0
normal,13.332159191767374,12.663931846618652,13.670860290527344,0.027071444317698496,-0.011020228266715976,0.2992233037948608,0.027071444317698496,0.051591545343399,0.4126865267753601,0.1269875168800354,0.1547593474388122,0.2222205400466919,0.0,0.0,0.1269875168800354,0.0,0.0
normal,13.266518144607543,12.663931846618652,13.670860290527344,0.027071444317698496,-0.033060699701309204,0.4927960932254791,0.033060699701309204,0.0,0.273796796798706,0.1190374493598938,0.1507919430732727,0.1944334208965301,0.0,0.0,0.1190374493598938,0.0,0.0
normal,13.163362007141114,12.415255546569824,13.670860290527344,0.029227569699287415,-0.033060699701309204,0.9393551349639891,0.033060699701309204,0.0,0.273796796798706,0.087298184633255,0.1269875168800354,0.1666615903377533,0.0,0.0,0.087298184633255,0.0,0.0
normal,13.01956932067871,12.053279876708984,13.636987686157228,0.029227569699287415,-0.033060699701309204,1.098669409751892,0.033060699701309204,0.0,0.273796796798706,0.051591545343399,0.1269875168800354,0.1547593474388122,0.0,0.0,0.051591545343399,0.0,0.0
normal,12.848950327237446,11.741314888000488,13.568765640258787,0.029227569699287415,-0.033060699701309204,1.098669409751892,0.033060699701309204,0.0,0.273796796798706,0.0,0.09721672534942624,0.1349223256111145,0.0,0.0,0.0,0.0,0.0
normal,12.652991027832032,11.375189781188965,13.441587448120115,0.029227569699287415,-0.033060699701309204,1.098669409751892,0.033060699701309204,0.0,0.273796796798706,0.0,0.0674611628055572,0.1349223256111145,0.0,0.0,0.0,0.0,0.0
normal,12.433367606798807,10.971240997314451,13.33782958984375,0.029227569699287415,-0.033060699701309204,1.098669409751892,0.033060699701309204,0.0,0.273796796798706,0.0,0.051591545343399,0.1190374493598938,0.0,0.0,0.0,0.0,0.0
normal,12.180094703038533,10.51866626739502,13.229840278625488,0.029227569699287415,-0.033060699701309204,1.098669409751892,0.033060699701309204,0.0,0.273796796798706,0.0,0.0,0.087298184633255,0.0,0.0,0.0,0.0,0.0
normal,11.885533310572306,9.8557767868042,13.01288604736328,0.029227569699287415,-0.033060699701309204,1.098669409751892,0.033060699701309204,0.0,0.273796796798706,0.0,0.0,0.051591545343399,0.0,0.0,0.0,0.0,0.0
normal,11.560651319821675,9.50164031982422,12.916977882385254,0.038570818491279996,-0.033060699701309204,1.098669409751892,0.038570818491279996,0.0,0.273796796798706,0.0,0.0,0.0833307802677154,0.0,0.0,0.0,0.0,0.0
normal,11.2655428870519,9.50164031982422,12.916977882385254,0.038570818491279996,-0.04623708128929138,1.098669409751892,0.04623708128929138,0.0,0.3333231806755066,0.0,0.0,0.0833307802677154,0.0,0.0,0.0,0.0,0.0
normal,11.009995997746785,9.50164031982422,12.810073852539062,0.038570818491279996,-0.04623708128929138,1.098669409751892,0.04623708128929138,0.0,0.5507827997207642,0.0,0.0,0.0833307802677154,0.0,0.0,0.0,0.0,0.0
normal,10.873381428718567,9.50164031982422,12.408589363098145,0.038570818491279996,-0.04623708128929138,1.098669409751892,0.04623708128929138,0.0,0.7031311988830566,0.0,0.0,0.3095187246799469,0.0,0.0,0.0,0.0,0.0
normal,10.847108124097188,9.50164031982422,12.05974578857422,0.038570818491279996,-0.04623708128929138,1.0440473556518557,0.04623708128929138,0.0,0.7031311988830566,0.0,0.0,0.3105105757713318,0.0,0.0,0.0,0.0,0.0
normal,10.819510289827983,9.50164031982422,12.05974578857422,0.038570818491279996,-0.04623708128929138,0.8166951537132263,0.04623708128929138,0.0,0.7031311988830566,0.0,0.0,0.3105105757713318,0.0,0.0,0.0,0.0,0.0
normal,10.782350432078044,9.50164031982422,12.05974578857422,0.038570818491279996,-0.04623708128929138,0.8166951537132263,0.04623708128929138,0.0,0.7031311988830566,0.0,0.0,0.3105105757713318,0.0,0.0158696323633193,0.0,0.0,0.0
normal,10.733983880678812,9.50164031982422,12.05974578857422,0.038570818491279996,-0.04623708128929138,0.8166951537132263,0.04623708128929138,0.0,0.7031311988830566,0.0,0.0,0.3105105757713318,0.0,0.0178533345460891,0.0,0.0,0.0
normal,10.658438609441122,9.34469509124756,12.05974578857422,0.038570818491279996,-0.04623708128929138,0.8166951537132263,0.04623708128929138,0.0,0.7031311988830566,0.0,0.0,0.3105105757713318,0.0,0.1579271852970123,0.0,0.0,0.0
normal,10.461751577854157,7.1712822914123535,12.05974578857422,0.038570818491279996,-0.04623708128929138,0.8166951537132263,0.04623708128929138,0.0,0.7031311988830566,0.0,0.0,0.3105105757713318,0.0,0.2055513262748718,0.0,0.0,0.0
normal,10.191524970511562,6.616132736206055,12.05974578857422,0.023238323628902505,-0.04623708128929138,0.8166951537132263,0.04623708128929138,0.0,0.7031311988830566,0.0,0.0,0.3115024268627167,0.0,0.2055513262748718,0.0,0.0,0.0
normal,9.849397705396017,6.213376045227051,12.05974578857422,0.023238323628902505,-0.018446892499923706,0.6034775972366333,0.023238323628902505,0.0,0.7031311988830566,0.0,0.0,0.10713905096054073,0.0,0.2055513262748718,0.0,0.0,0.0
normal,9.422801963488261,5.901042938232422,12.05974578857422,0.023238323628902505,-0.018446892499923706,0.6034775972366333,0.023238323628902505,0.0,0.7031311988830566,0.0,0.0,0.0,0.0,0.2055513262748718,0.0,0.0,0.0
normal,8.874810262521107,5.620248794555664,12.05974578857422,0.023238323628902505,-0.018446892499923706,0.6034775972366333,0.023238323628902505,0.0,0.5117191076278687,0.0,0.0,0.0,0.0,0.2055513262748718,0.0,0.0,0.0
normal,8.17344942331314,3.994499683380127,11.84043025970459,0.023238323628902505,-0.018446892499923706,0.6034775972366333,0.023238323628902505,0.0,0.0,0.0,0.0,0.0,0.0,0.2055513262748718,0.0,0.0,0.0
normal,7.161968907838067,0.0,11.395588874816896,0.023238323628902505,-0.018446892499923706,0.6034775972366333,0.023238323628902505,0.0,0.0,0.0,0.0,0.0,0.0,0.2055513262748718,0.0,0.0,0.0
normal,6.044063939576348,0.0,10.948311805725098,0.023238323628902505,-0.018446892499923706,0.6034775972366333,0.023238323628902505,0.0,0.0,0.0,0.0,0.0,0.0,0.2055513262748718,0.0,0.0039674043655395,0.0
normal,4.974105727995435,0.0,10.41098690032959,0.023238323628902505,-0.018446892499923706,0.6034775972366333,0.023238323628902505,0.0,0.0,0.0,0.0,0.0,0.0,0.2055513262748718,0.0,0.0,0.0
normal,3.9736291448088985,0.0,9.3123197555542,0.023238323628902505,-0.018446892499923706,0.6034775972366333,0.023238323628902505,0.0,0.3928495049476623,0.0,0.0,0.0,0.0,0.2055513262748718,0.0,0.0,0.0
normal,3.283073375405123,0.0,7.150294303894043,0.023238323628902505,-0.031383633613586426,0.6034775972366333,0.031383633613586426,0.0,0.6367229223251343,0.0,0.0,0.0,0.0,0.1777642220258712,0.0,0.0,0.0
normal,2.9572637689899586,0.0,6.609022617340088,0.010301530361175482,-0.07067322731018066,0.5788018703460693,0.07067322731018066,0.0,0.6367229223251343,0.0,0.0,0.051591545343399,0.0,0.1777642220258712,0.0,0.0,0.0
normal,2.777485339026898,0.0,6.20745325088501,0.010301530361175482,-0.07067322731018066,0.5126804113388062,0.07067322731018066,0.0,0.6367229223251343,0.0,0.0,0.2817316055297851,0.0,0.1777642220258712,0.0,0.0,0.0
normal,2.6691615416420005,0.0,5.896491527557373,0.0031142234802246094,-0.07067322731018066,0.2048325985670089,0.07067322731018066,0.0,0.6367229223251343,0.0,0.0,0.2817316055297851,0.0,0.1777642220258712,0.0,0.0,0.0
normal,2.5890776572438576,0.0,5.613261699676514,0.07977676391601562,-0.07067322731018066,0.0356959737837314,0.07977676391601562,0.0,0.6367229223251343,0.0,0.1150700449943542,0.3055513203144073,0.0,0.1777642220258712,0.0,0.0,0.0
normal,2.6842741928311686,0.0,6.32659387588501,0.1269722580909728,-0.07067322731018066,1.28601336479187,0.1269722580909728,0.0,0.6367229223251343,0.0,0.1626941859722137,0.3095187246799469,0.0,0.1777642220258712,0.0,0.0,0.0
normal,3.2017316602232557,0.0,7.134067058563232,0.1269722580909728,-0.07067322731018066,1.3679463863372805,0.1269722580909728,0.0,0.6367229223251343,0.06051820516586302,0.1706289947032928,0.3134861290454864,0.0,0.0833307951688766,0.06051820516586302,0.0,0.0
normal,4.016831329520792,0.0,9.375292778015137,0.1269722580909728,-0.07067322731018066,1.3679463863372805,0.1269722580909728,0.0,0.7578051090240479,0.1378978788852691,0.2460249662399292,0.4097109735012054,0.0,0.0,0.1378978788852691,0.0,0.0
normal,5.078789912716796,0.0,11.592211723327637,0.1269722580909728,-0.07067322731018066,1.3679463863372805,0.1269722580909728,0.0,0.7578051090240479,0.1587267816066742,0.2876827120780945,0.4960173368453979,0.0,0.0,0.1587267816066742,0.0,0.0
normal,6.311275479197502,0.1411734223365783,12.686378479003906,0.1269722580909728,-0.07067322731018066,1.3679463863372805,0.1269722580909728,0.1150700449943542,0.7578051090240479,0.186498612165451,0.3134861290454864,0.613284707069397,0.0,0.0,0.186498612165451,0.0,0.0
normal,7.451038610935211,2.6300764083862305,12.736239433288574,0.1269722580909728,-0.07067322731018066,1.3679463863372805,0.1269722580909728,0.1150700449943542,0.7578051090240479,0.1706289947032928,0.2856990098953247,0.4404583871364593,0.0,0.0,0.1706289947032928,0.0,0.0
normal,8.345958794752757,4.3058366775512695,12.736239433288574,0.1269722580909728,-0.0567781925201416,1.3679463863372805,0.1269722580909728,0.1150700449943542,0.7578051090240479,0.1468245387077331,0.2579271793365478,0.4285561740398407,0.0,0.0,0.1468245387077331,0.0,0.0
normal,9.082852130730947,4.854026794433594,12.736239433288574,0.1269722580909728,-0.0567781925201416,1.3679463863372805,0.1269722580909728,0.1150700449943542,0.7578051090240479,0.1428571343421936,0.230155348777771,0.4285561740398407,0.0,0.0,0.1428571343421936,0.0,0.0
normal,9.777670063972472,4.854026794433594,12.736239433288574,0.1269722580909728,-0.0567781925201416,1.3679463863372805,0.1269722580909728,0.1150700449943542,0.7578051090240479,0.1468245387077331,0.27578049898147583,0.4285561740398407,0.0,0.0,0.1468245387077331,0.0,0.0
normal,10.470524733861287,5.354635238647461,12.736239433288574,0.1269722580909728,-0.0567781925201416,1.3679463863372805,0.1269722580909728,0.1269875168800354,0.7578051090240479,0.1696371436119079,0.3214209377765655,0.4285561740398407,0.0,0.0,0.1696371436119079,0.0,0.0
normal,11.077170407772064,6.338737487792969,12.736239433288574,0.015811637043952886,-0.0567781925201416,1.3679463863372805,0.0567781925201416,0.1269875168800354,0.7578051090240479,0.1736045479774475,0.347209095954895,0.6064485609531403,0.0,0.0,0.1736045479774475,0.0,0.0
normal,11.672935152848561,7.157906532287598,13.008587837219238,0.015811637043952886,-0.015092931687831893,0.4434446096420288,0.015811637043952886,0.1269875168800354,0.7578051090240479,0.2579271793365478,0.3729972243309021,0.6523483991622925,0.0,0.0,0.2579271793365478,0.0,0.0
normal,12.190406977335613,9.42081069946289,13.566387176513672,0.015811637043952886,-0.015092931687831893,0.4434446096420288,0.015811637043952886,0.1269875168800354,0.7499923706054688,0.2579271793365478,0.3729972243309021,0.6328165531158447,0.0,0.0,0.2579271793365478,0.0,0.0
normal,12.499448218345641,11.621158599853516,13.82832145690918,0.015811637043952886,-0.015092931687831893,0.4434446096420288,0.015811637043952886,0.1269875168800354,0.6757866144180298,0.2579271793365478,0.3729972243309021,0.5673848688602448,0.0,0.0,0.2579271793365478,0.0,0.0
normal,12.667376200358072,11.842427253723145,14.131988525390623,0.015811637043952886,-0.015092931687831893,0.4669225215911865,0.015811637043952886,0.1269875168800354,0.6757866144180298,0.2847071588039398,0.3729972243309021,0.5546891689300537,0.0,0.0,0.2847071588039398,0.0,0.0
normal,12.77571539402008,11.842427253723145,14.131988525390623,0.015092939138412503,-0.0062288269400596966,0.4669225215911865,0.015092939138412503,0.0714285671710968,0.6757866144180298,0.1587267816066742,0.3729972243309021,0.5546891689300537,0.0,0.0,0.1587267816066742,0.0,0.0
normal,12.855762097040811,11.842427253723145,14.131988525390623,0.015092939138412503,-0.007905811071395874,0.4669225215911865,0.015092939138412503,0.0714285671710968,0.6757866144180298,0.1825312077999115,0.3729972243309021,0.5546891689300537,0.0,0.0,0.1825312077999115,0.0,0.0
normal,12.942957360676811,11.842427253723145,14.131988525390623,0.010541081428527777,-0.007905811071395874,0.4669225215911865,0.010541081428527777,0.0714285671710968,0.6757866144180298,0.2658619880676269,0.3729972243309021,0.5546891689300537,0.0,0.0,0.2658619880676269,0.0,0.0
normal,13.069390977223714,11.842427253723145,14.131988525390623,0.010541081428527777,-0.007905811071395874,0.4669225215911865,0.010541081428527777,0.0714285671710968,0.6757866144180298,0.2658619880676269,0.4920499324798584,0.5937528610229492,0.0,0.0,0.2658619880676269,0.0,0.0
normal,13.238487930297852,11.842427253723145,14.131988525390623,0.008624553680419922,-0.007905811071395874,0.4669225215911865,0.008624553680419922,0.0714285671710968,0.6757866144180298,0.2658619880676269,0.5,0.5937528610229492,0.0,0.0,0.2658619880676269,0.0,0.0
normal,13.394595119158426,12.255292892456056,14.131988525390623,0.008624553680419922,-0.007905811071395874,0.4669225215911865,0.008624553680419922,0.0714285671710968,0.6757866144180298,0.230155348777771,0.4503768980503082,0.5625019073486328,0.0,0.0,0.230155348777771,0.0,0.0
normal,13.47891843954722,12.84743881225586,14.131988525390623,0.008624553680419922,-0.013895064592361395,0.4669225215911865,0.013895064592361395,0.0714285671710968,0.6210974454879761,0.2261879444122314,0.28173160552978516,0.5507827997207642,0.0,0.0,0.2261879444122314,0.0,0.0
normal,13.492923760414124,12.84743881225586,14.131988525390623,0.008624553680419922,-0.013895064592361395,0.4669225215911865,0.013895064592361395,0.0714285671710968,0.613284707069397,0.2261879444122314,0.2618945837020874,0.4960173368453979,0.0,0.0,0.2261879444122314,0.0,0.0
normal,13.46507943312327,12.84743881225586,14.131988525390623,0.008624553680419922,-0.013895064592361395,0.4669225215911865,0.013895064592361395,0.0714285671710968,0.613284707069397,0.2261879444122314,0.230155348777771,0.3710173368453979,0.0,0.0,0.2261879444122314,0.0,0.0
normal,13.40936495621999,12.84743881225586,14.09908962249756,0.006468415260314886,-0.013895064592361395,0.4616519808769226,0.013895064592361395,0.0714285671710968,0.613284707069397,0.2261879444122314,0.230155348777771,0.273796796798706,0.0,0.0,0.2261879444122314,0.0,0.0
normal,13.35885660012563,12.84743881225586,13.615222930908203,0.006468415260314886,-0.013895064592361395,0.4554231464862823,0.013895064592361395,0.1587267816066742,0.613284707069397,0.2261879444122314,0.2658619880676269,0.3055513203144073,0.0,0.0,0.2261879444122314,0.0,0.0
normal,13.325103918711344,12.697739601135254,13.615222930908203,0.006468415260314886,-0.013895064592361395,0.449673444032669,0.013895064592361395,0.2222205400466919,0.613284707069397,0.2261879444122314,0.273796796798706,0.3055513203144073,0.0,0.0,0.2261879444122314,0.0,0.0
normal,13.275139358000033,12.124845504760742,13.615222930908203,0.00790581107139593,-0.013895064592361395,0.449673444032669,0.013895064592361395,0.2261879444122314,0.613284707069397,0.2261879444122314,0.273796796798706,0.3055513203144073,0.0,0.0,0.2261879444122314,0.0,0.0
normal,13.144600483576456,11.679510116577148,13.615222930908203,0.00790581107139593,-0.013895064592361395,0.449673444032669,0.013895064592361395,0.2261879444122314,0.5937528610229492,0.2261879444122314,0.273796796798706,0.3055513203144073,0.0,0.0,0.2261879444122314,0.0,0.0
normal,12.948356601352087,11.564122200012209,13.564446449279783,0.00790581107139593,-0.013895064592361395,0.449673444032669,0.013895064592361395,0.2261879444122314,0.4880825281143188,0.2261879444122314,0.2856990098953247,0.3055513203144073,0.0,0.0,0.2261879444122314,0.0,0.0
normal,12.757734789848328,11.564122200012209,13.491924285888672,0.00790581107139593,-0.013895064592361395,0.4249977171421051,0.013895064592361395,0.2261879444122314,0.4920499324798584,0.2261879444122314,0.3055513203144073,0.377971738576889,0.0,0.0,0.2261879444122314,0.0,0.0
normal,12.595252318382263,11.564122200012209,13.491910934448242,0.00790581107139593,-0.011978507041931152,0.1950102299451828,0.011978507041931152,0.2261879444122314,0.4920499324798584,0.273796796798706,0.3055513203144073,0.4176458120346069,0.0,0.0,0.273796796798706,0.0,0.0
normal,12.476573988596598,11.564122200012209,13.472622871398926,0.00790581107139593,-0.011978507041931152,0.1372737884521484,0.011978507041931152,0.2261879444122314,0.5859401226043701,0.3055513203144073,0.3333231806755066,0.4801477193832397,0.0,0.0,0.3055513203144073,0.0,0.0
normal,12.442500797907512,11.564122200012209,13.475746154785156,0.00790581107139593,-0.011978507041931152,-0.0026352733839303,0.011978507041931152,0.273796796798706,0.5859401226043701,0.3055513203144073,0.3849146962165832,0.4920499324798584,0.0,0.0,0.3055513203144073,0.0,0.0
normal,12.451221563021342,11.564122200012209,13.596193313598633,0.01102021336555481,-0.011978507041931152,-0.0340189822018146,0.011978507041931152,0.2698293924331665,0.5859401226043701,0.3055513203144073,0.3849146962165832,0.4920499324798584,0.0,0.0,0.3055513203144073,0.0,0.0
normal,12.487022280693054,11.564122200012209,13.679642677307127,0.01102021336555481,-0.011978507041931152,-0.111879326403141,0.011978507041931152,0.2698293924331665,0.5859401226043701,0.3055513203144073,0.3849146962165832,0.4920499324798584,0.0,0.0,0.3055513203144073,0.0,0.0
normal,12.56619224389394,11.564122200012209,13.783502578735352,0.01102021336555481,-0.011978507041931152,-0.1744071841239929,0.011978507041931152,0.2698293924331665,0.5859401226043701,0.3491927981376648,0.416653960943222,0.4920499324798584,0.0,0.0,0.3491927981376648,0.0,0.0
normal,12.706778542200725,11.564122200012209,13.83986473083496,0.01102021336555481,-0.010541081428527777,-0.2201651036739349,0.01102021336555481,0.2698293924331665,0.5859401226043701,0.3690298199653625,0.4325235784053802,0.4920499324798584,0.0,0.0,0.3690298199653625,0.0,0.0
normal,12.891986805597941,11.564122200012209,13.83986473083496,0.01102021336555481,-0.010541081428527777,-0.3095248341560364,0.01102021336555481,0.2698293924331665,0.5859401226043701,0.3690298199653625,0.4285561740398407,0.4920499324798584,0.0,0.0,0.3690298199653625,0.0,0.0
normal,13.077133145387874,11.5670804977417,13.83986473083496,0.01102021336555481,-0.010541081428527777,-0.3095248341560364,0.01102021336555481,0.2698293924331665,0.5859401226043701,0.3690298199653625,0.3888821005821228,0.4920499324798584,0.0,0.0,0.3690298199653625,0.0,0.0
normal,13.23312613328298,11.762507438659668,13.83986473083496,0.01102021336555481,-0.010541081428527777,-0.3095248341560364,0.01102021336555481,0.2698293924331665,0.5859401226043701,0.3690298199653625,0.3690298199653625,0.4325235784053802,0.0,0.0,0.3690298199653625,0.0,0.0
normal,13.353937770525615,11.986950874328612,13.83986473083496,0.01102021336555481,-0.010541081428527777,-0.2925153374671936,0.01102021336555481,0.2698293924331665,0.5859401226043701,0.3690298199653625,0.3690298199653625,0.4325235784053802,0.0,0.0,0.3690298199653625,0.0,0.0
normal,13.471782069206238,12.6663818359375,13.83986473083496,0.01102021336555481,-0.010061979293823187,-0.0869640186429023,0.01102021336555481,0.2698293924331665,0.6718802452087402,0.3690298199653625,0.3690298199653625,0.4325235784053802,0.0,0.0,0.3690298199653625,0.0,0.0
normal,13.59289885044098,13.022896766662598,14.855648040771484,0.01102021336555481,-0.010061979293823187,-0.0869640186429023,0.01102021336555481,0.2698293924331665,0.6757866144180298,0.3690298199653625,0.3690298199653625,0.4325235784053802,0.0,0.0,0.3690298199653625,0.0,0.0
normal,13.76385844707489,13.022896766662598,15.54315948486328,0.01054111123085022,-0.010061979293823187,-0.0412060916423797,0.01054111123085022,0.3491927981376648,0.6757866144180298,0.3690298199653625,0.3928495049476623,0.5468764305114746,0.0,0.0,0.3690298199653625,0.0,0.0
normal,13.973522621790568,13.022896766662598,15.907649040222168,0.01054111123085022,-0.010061979293823187,0.0282692946493625,0.01054111123085022,0.3610950112342834,0.6757866144180298,0.3690298199653625,0.4245887696743011,0.5468764305114746,0.0,0.0,0.3690298199653625,0.0,0.0
normal,14.200472494761149,13.022896766662598,16.05363655090332,0.010780666023492903,-0.011259803548455197,0.1171498745679855,0.011259803548455197,0.2856990098953247,0.6757866144180298,0.3690298199653625,0.3968169093132019,0.5468764305114746,0.0,0.0,0.3690298199653625,0.0,0.0
normal,14.420886953671774,13.022896766662598,16.061161041259766,0.012697224970906999,-0.011259803548455197,0.1171498745679855,0.012697224970906999,0.0,0.6757866144180298,0.3690298199653625,0.3749885559082031,0.5468764305114746,0.0,0.0,0.3690298199653625,0.0,0.0
normal,14.610225798288981,13.022896766662598,16.061161041259766,0.012697224970906999,-0.011259803548455197,0.1171498745679855,0.012697224970906999,0.0,0.6757866144180298,0.329355776309967,0.3749885559082031,0.5468764305114746,0.0,0.0,0.329355776309967,0.0,0.0
normal,14.773047156333924,13.022896766662598,16.061161041259766,0.012936800718307495,-0.011259803548455197,0.2048325985670089,0.012936800718307495,0.0,0.6757866144180298,0.1666615903377533,0.3749885559082031,0.5468764305114746,0.0,0.0,0.1666615903377533,0.0,0.0
normal,14.915659132003784,13.022896766662598,16.061161041259766,0.018207311630249023,-0.011259803548455197,0.8892849683761597,0.018207311630249023,0.0,0.6757866144180298,0.0,0.3749885559082031,0.5468764305114746,0.0,0.0,0.0,0.0,0.0
normal,15.003801679611206,13.188417434692385,16.061161041259766,0.018207311630249023,-0.011259803548455197,1.1331675052642822,0.018207311630249023,0.0,0.6757866144180298,0.0,0.28371530771255493,0.5468764305114746,0.0,0.0,0.0,0.0,0.0
normal,14.980609920819601,13.085651397705078,16.061161041259766,0.018207311630249023,-0.017967820167541393,1.1873104572296145,0.018207311630249023,0.0,0.6757866144180298,0.0,0.15872676670551294,0.4801477193832397,0.0,0.0,0.0,0.0,0.0
normal,14.87119741598765,13.085651397705078,16.061161041259766,0.018207311630249023,-0.026113182306289673,1.1873104572296145,0.026113182306289673,0.0,0.6757866144180298,0.0,0.15872676670551294,0.329355776309967,0.0,0.0,0.0,0.0,0.0
normal,14.711412870089212,13.085651397705078,16.061161041259766,0.018207311630249023,-0.026113182306289673,1.1873104572296145,0.026113182306289673,0.0,0.6640675067901611,0.0,0.15872676670551294,0.3224127888679504,0.0,0.0,0.0,0.0,0.0
normal,14.598782955805461,13.085651397705078,16.061161041259766,0.018207311630249023,-0.026113182306289673,1.1873104572296145,0.026113182306289673,0.0,0.6640675067901611,0.0,0.09721672534942624,0.28272345662117,0.0,0.0,0.0,0.0,0.0
normal,14.458111553192138,13.085651397705078,16.061161041259766,0.018207311630249023,-0.026113182306289673,1.1873104572296145,0.026113182306289673,0.0,0.6640675067901611,0.0,0.0,0.2698293924331665,0.0,0.0,0.0,0.0,0.0
normal,14.27734803199768,13.085651397705078,15.873589515686035,0.018207311630249023,-0.03593552112579346,1.1873104572296145,0.03593552112579346,0.0,0.6640675067901611,0.0,0.0,0.2698293924331665,0.0,0.0,0.0,0.0,0.0
normal,14.09444970925649,13.085651397705078,15.34446907043457,0.018207311630249023,-0.03593552112579346,1.1873104572296145,0.03593552112579346,0.0,0.6640675067901611,0.0,0.0,0.2698293924331665,0.0,0.0,0.0,0.0,0.0
normal,13.951182718276977,13.085651397705078,14.85768699645996,0.018207311630249023,-0.03593552112579346,1.1873104572296145,0.03593552112579346,0.0,0.6640675067901611,0.0,0.069444864988327,0.2698293924331665,0.0,0.0,0.0,0.0,0.0
normal,13.85283974011739,13.085651397705078,14.82183074951172,0.03689384460449219,-0.03593552112579346,1.1873104572296145,0.03689384460449219,0.0,0.6640675067901611,0.0,0.1785638034343719,0.2698293924331665,0.0,0.0,0.0,0.0,0.0
normal,13.816033045450846,13.085651397705078,14.82183074951172,0.043601796030998285,-0.03593552112579346,1.1873104572296145,0.043601796030998285,0.0,0.6640675067901611,0.0317392647266387,0.1785638034343719,0.2698293924331665,0.0,0.0,0.0317392647266387,0.0,0.0
normal,13.858778058687847,13.092544555664062,14.82183074951172,0.043601796030998285,-0.03593552112579346,0.8938367962837219,0.043601796030998285,0.0,0.6640675067901611,0.04266107082366937,0.1944334208965301,0.2698293924331665,0.0,0.0,0.04266107082366937,0.0,0.0
normal,13.946590752601624,13.354254722595217,14.82183074951172,0.043601796030998285,-0.03593552112579346,0.1576372534036636,0.043601796030998285,0.0,0.6640675067901611,0.04266107082366937,0.1944334208965301,0.3739928901195526,0.0,0.0,0.04266107082366937,0.0,0.0
normal,14.036469812393188,13.545700073242188,14.82183074951172,0.043601796030998285,-0.03593552112579346,0.1576372534036636,0.043601796030998285,0.0,0.6640675067901611,0.04266107082366937,0.1944334208965301,0.3809472918510437,0.0,0.0,0.04266107082366937,0.0,0.0
normal,14.063622434933981,13.545700073242188,14.97327995300293,0.043601796030998285,-0.03593552112579346,0.1576372534036636,0.043601796030998285,0.0,0.3888821005821228,0.12102115154266352,0.1944334208965301,0.3888821005821228,0.0,0.0,0.12102115154266352,0.0,0.0
normal,14.109442893664042,13.545700073242188,15.075766563415527,0.043601796030998285,-0.03593552112579346,0.3351588547229767,0.043601796030998285,0.0,0.4761803150177002,0.1745963990688324,0.1944334208965301,0.3888821005821228,0.0,0.0,0.1745963990688324,0.0,0.0
normal,14.192353003819784,13.545700073242188,15.075766563415527,0.043601796030998285,-0.0141346480231732,0.3859477639198303,0.043601796030998285,0.0,0.4761803150177002,0.1944334208965301,0.365062415599823,0.3888821005821228,0.0,0.0,0.1944334208965301,0.0,0.0
normal,14.305109589894613,13.545700073242188,15.075766563415527,0.043601796030998285,-0.0141346480231732,0.3859477639198303,0.043601796030998285,0.1745963990688324,0.4761803150177002,0.1944334208965301,0.365062415599823,0.3888821005821228,0.0,0.0,0.1944334208965301,0.0,0.0
normal,14.417117001215617,13.545700073242188,15.075766563415527,0.043601796030998285,-0.0141346480231732,0.3859477639198303,0.043601796030998285,0.1745963990688324,0.4761803150177002,0.3015839159488678,0.365062415599823,0.3888821005821228,0.0,0.0,0.3015839159488678,0.0,0.0
normal,14.531349832216899,13.545700073242188,15.075766563415527,0.043601796030998285,-0.0141346480231732,0.3859477639198303,0.043601796030998285,0.1745963990688324,0.4761803150177002,0.3015839159488678,0.365062415599823,0.3888821005821228,0.0,0.0,0.3015839159488678,0.0,0.0
normal,14.624113841056824,13.545700073242188,15.075766563415527,0.017728202044963802,-0.010541096329689095,0.3859477639198303,0.017728202044963802,0.1745963990688324,0.4761803150177002,0.3015839159488678,0.365062415599823,0.3888821005821228,0.0,0.0,0.3015839159488678,0.0,0.0
normal,14.672142499287924,13.854865074157717,15.075766563415527,0.018686503171920832,-0.010541096329689026,0.6164143681526184,0.018686503171920832,0.2460249662399292,0.4761803150177002,0.3015839159488678,0.3055513203144073,0.3888821005821228,0.0,0.0,0.3015839159488678,0.0,0.0
normal,14.624165862401327,13.2501859664917,15.075766563415527,0.018686503171920832,-0.010541096329689026,0.7400326728820801,0.018686503171920832,0.2460249662399292,0.4761803150177002,0.2460249662399292,0.3015839159488678,0.3888821005821228,0.0,0.0,0.2460249662399292,0.0,0.0
normal,14.462569153965614,12.580355644226074,15.075766563415527,0.018686503171920832,-0.015332460403442383,0.7400326728820801,0.018686503171920832,0.2142857015132904,0.4761803150177002,0.2460249662399292,0.3015839159488678,0.36902981996536255,0.0,0.0,0.2460249662399292,0.0,0.0
normal,14.188844275474548,11.779864311218262,15.075766563415527,0.018686503171920832,-0.015332460403442383,0.7400326728820801,0.018686503171920832,0.1349223256111145,0.4761803150177002,0.2460249662399292,0.299600213766098,0.3055513203144073,0.0,0.0,0.2460249662399292,0.0,0.0
normal,13.807442531585693,10.608912467956545,15.07542324066162,0.018686503171920832,-0.015332460403442383,0.7400326728820801,0.018686503171920832,0.0,0.3888821005821228,0.230155348777771,0.2460249662399292,0.3015839159488678,0.0,0.0,0.230155348777771,0.0,0.0
normal,13.283069222768148,9.036843299865724,14.985260009765623,0.018686503171920832,-0.015332460403442383,0.7400326728820801,0.018686503171920832,0.0,0.3055513203144073,0.2023682296276092,0.2460249662399292,0.3015839159488678,0.0,0.0,0.2023682296276092,0.0,0.0
normal,12.619653017520905,7.552643775939941,14.84067153930664,0.018686503171920832,-0.015332460403442383,0.7400326728820801,0.018686503171920832,0.0,0.3015839159488678,0.12201300263404842,0.2460249662399292,0.2460249662399292,0.0,0.0,0.12201300263404842,0.0,0.0
normal,11.853945250511169,6.799907207489014,14.804012298583984,0.018686503171920832,-0.015332460403442383,0.7400326728820801,0.018686503171920832,0.0,0.3015839159488678,0.09622486680746076,0.2103182971477508,0.2460249662399292,0.0,0.0,0.09622486680746076,0.0,0.0
normal,11.018776658376058,6.010772228240967,14.700227737426758,0.018686503171920832,-0.015332460403442383,0.7400326728820801,0.018686503171920832,0.0,0.2976165115833282,0.04563662409782407,0.2023682296276092,0.2460249662399292,0.0,0.0,0.04563662409782407,0.0,0.0
normal,10.108112105528514,4.6439595222473145,14.262490272521973,0.018686503171920832,-0.015332460403442383,0.7400326728820801,0.018686503171920832,0.0,0.2460249662399292,0.0,0.1468245387077331,0.230155348777771,0.0,0.0,0.0,0.0,0.0
normal,9.06082099755605,1.408921718597412,13.979156494140623,0.01365551352500921,-0.015332460403442383,0.7400326728820801,0.015332460403442383,0.0,0.2460249662399292,0.0,0.1031678318977356,0.2023682296276092,0.0,0.0,0.0,0.0,0.0
normal,7.72848655633318,0.0,13.23890209197998,0.01365551352500921,-0.015332460403442383,0.717273473739624,0.015332460403442383,0.0,0.4483931958675384,0.0,0.1031678318977356,0.2023682296276092,0.0,0.0,0.0,0.0,0.0
normal,6.585399418545518,0.0,12.568527221679688,0.01365551352500921,-0.01078066229820246,0.4990249276161194,0.01365551352500921,0.0,0.4483931958675384,0.0,0.1031678318977356,0.2023682296276092,0.0,0.0,0.0,0.0,0.0
normal,5.609136258286114,0.0,11.763559341430664,0.01365551352500921,-0.003593534231185913,0.5486159920692444,0.01365551352500921,0.0,0.4483931958675384,0.0,0.1031678318977356,0.2063356339931488,0.0,0.0,0.0,0.0,0.0
normal,4.760680019777889,0.0,10.581938743591309,0.01365551352500921,-0.006707966327667236,0.5486159920692444,0.01365551352500921,0.0,0.4483931958675384,0.0,0.1091189384460449,0.2063356339931488,0.0,0.0,0.0,0.0,0.0
normal,3.851851318301633,0.0,9.011466026306152,0.005989253520965576,-0.006707966327667236,0.5486159920692444,0.006707966327667236,0.0,0.4483931958675384,0.0,0.1428571343421936,0.2063356339931488,0.0,0.0,0.0,0.0,0.0
normal,3.024249716224149,0.0,7.528513431549072,0.005989253520965576,-0.006707966327667236,0.5486159920692444,0.006707966327667236,0.0,0.4483931958675384,0.051591545343399,0.1507919430732727,0.2063356339931488,0.0,0.0,0.051591545343399,0.0,0.0
normal,2.310797597191607,0.0,6.788629055023193,0.005989253520965576,-0.006707966327667236,0.5486159920692444,0.006707966327667236,0.0,0.4483931958675384,0.0,0.12897121906280515,0.1745963990688324,0.0,0.0,0.0,0.0,0.0
normal,1.669725664081052,0.0,5.993228912353516,0.005989253520965576,-0.006707966327667236,0.5486159920692444,0.006707966327667236,0.0,0.4483931958675384,0.0,0.0912655889987945,0.1745963990688324,0.0,0.0,0.0,0.0,0.0
normal,1.1297516000488153,0.0,4.615915298461914,0.005989253520965576,-0.006707966327667236,0.5486159920692444,0.006707966327667236,0.0,0.4483931958675384,0.0,0.0912655889987945,0.1745963990688324,0.0,0.0,0.0,0.0,0.0
normal,0.7637180117983371,0.0,2.754826545715332,0.005989253520965576,-0.006707966327667236,0.5486159920692444,0.006707966327667236,0.0,0.4483931958675384,0.0,0.0912655889987945,0.1745963990688324,0.0,0.0,0.0,0.0,0.0
normal,0.7354298133651416,0.0,2.754826545715332,0.005989253520965576,-0.006707966327667236,0.5486159920692444,0.006707966327667236,0.0,0.4483931958675384,0.0,0.0,0.1706289947032928,0.0,0.0,0.0,0.0,0.0
normal,0.5983060925205549,0.0,2.754826545715332,0.005989253520965576,-0.006707966327667236,0.5486159920692444,0.006707966327667236,0.0,0.4483931958675384,0.0,0.0,0.1468245387077331,0.0,0.0,0.0,0.0,0.0
normal,0.3461437448859215,0.0,2.754826545715332,0.004551827907562256,-0.006707966327667236,0.5469390153884888,0.006707966327667236,0.0,0.1745963990688324,0.0,0.0,0.051591545343399,0.0,0.0,0.0,0.0,0.0
normal,0.07125758061806362,0.0,2.7542946338653564,0.0043122768402100164,-0.005749702453613281,0.5469390153884888,0.005749702453613281,0.0,0.1745963990688324,0.0,0.0,0.0,0.0,0.0,0.0,0.0,0.0
normal,0.013482750287900368,0.0,0.5422859787940979,0.001677006483078003,0.0,0.3536057472229004,0.001677006483078003,0.0,0.4126865267753601,0.0,0.0,0.0,0.0,0.0,0.0,0.0,0.0
normal,0.06612426008408269,0.0,1.0678669214248655,0.001677006483078003,0.0,0.3538453280925751,0.001677006483078003,0.0,0.4126865267753601,0.0,0.0,0.16765344142913818,0.0,0.0,0.0,0.0,0.0
normal,0.07430622593189279,0.0,1.0678669214248655,0.0026352703571320135,0.0,0.3859477639198303,0.0026352703571320135,0.0,0.6171910762786865,0.0,0.0,0.2063356339931488,0.0,0.0,0.0,0.0,0.0
normal,0.24159566080197692,0.0,2.779660224914551,0.013415932655334473,0.0,0.7067323923110962,0.013415932655334473,0.0,0.6484420299530029,0.0,0.06547746062278745,0.329355776309967,0.0,0.0,0.0,0.0,0.0
normal,0.6111445354980727,0.0,4.362583160400391,0.033539891242980735,0.0,1.7939023971557615,0.033539891242980735,0.0,0.6484420299530029,0.0,0.1706289947032928,0.4126865267753601,0.0,0.0,0.0,0.0,0.0
normal,1.0826332155428826,0.0,5.031405448913574,0.05054926872253418,0.0,3.0998001098632812,0.05054926872253418,0.0,0.6484420299530029,0.0,0.2559434771537781,0.4126865267753601,0.0,0.0,0.0,0.0,0.0
normal,1.5911579004488885,0.0,5.109896659851074,0.05054926872253418,0.0,3.4696967601776123,0.05054926872253418,0.0,0.6484420299530029,0.1468245387077331,0.2559434771537781,0.4126865267753601,0.0,0.0,0.1468245387077331,0.0,0.0
normal,2.085283350106329,0.0,5.109896659851074,0.05054926872253418,0.0,3.6869869232177734,0.05054926872253418,0.0,0.6484420299530029,0.1468245387077331,0.2559434771537781,0.4126865267753601,0.0,0.0,0.1468245387077331,0.0,0.0
normal,2.5696504687828323,0.0,5.109896659851074,0.05054926872253418,-0.010541200637817383,3.6869869232177734,0.05054926872253418,0.0674611628055572,0.6484420299530029,0.1617023348808288,0.2559434771537781,0.4126865267753601,0.0,0.0,0.1617023348808288,0.0,0.0
normal,3.048656641598791,0.0,5.109896659851074,0.05054926872253418,-0.05318450927734375,3.6869869232177734,0.05318450927734375,0.0,0.6484420299530029,0.1468245387077331,0.2261879444122314,0.4126865267753601,0.0,0.0,0.1468245387077331,0.0,0.0
normal,3.4427775048464535,0.0,5.109896659851074,0.05054926872253418,-0.05318450927734375,3.6869869232177734,0.05318450927734375,0.0,0.6484420299530029,0.1468245387077331,0.1706289947032928,0.4097109735012054,0.0,0.0,0.1468245387077331,0.0,0.0
normal,3.6281397039443255,0.0,5.109896659851074,0.05054926872253418,-0.05318450927734375,3.6869869232177734,0.05318450927734375,0.0,0.6484420299530029,0.1111026406288147,0.16071048378944394,0.38689839839935297,0.0,0.0,0.1111026406288147,0.0,0.0
normal,3.6199577380965153,0.0,5.109896659851074,0.05054926872253418,-0.05318450927734375,3.6869869232177734,0.05318450927734375,0.0,0.6484420299530029,0.0,0.1468245387077331,0.3610950112342834,0.0,0.0,0.0,0.0,0.0
normal,3.452668303226431,0.0,5.109896659851074,0.05054926872253418,-0.05318450927734375,3.6869869232177734,0.05318450927734375,0.0,0.6484420299530029,0.0,0.1468245387077331,0.1706289947032928,0.0,0.0,0.0,0.0,0.0
normal,3.0831194285303356,0.0,5.109896659851074,0.05054926872253418,-0.05318450927734375,3.6869869232177734,0.05318450927734375,0.0,0.4245887696743011,0.0,0.0,0.1468245387077331,0.0,0.0,0.0,0.0,0.0
normal,2.6116307484855255,0.0,5.109896659851074,0.015332460403442383,-0.05318450927734375,3.6869869232177734,0.05318450927734375,0.0,0.2380901575088501,0.0,0.0,0.1468245387077331,0.0,0.0,0.0,0.0,0.0
normal,2.10310606357952,0.0,5.039921760559082,0.013176441192626953,-0.05318450927734375,3.6869869232177734,0.05318450927734375,0.0,0.1706289947032928,0.0,0.0,0.1111026406288147,0.0,0.0,0.0,0.0,0.0
normal,1.6089806139220795,0.0,4.90518045425415,0.007666250690817802,-0.05318450927734375,3.6869869232177734,0.05318450927734375,0.0,0.2182531058788299,0.0,0.0,0.0,0.0,0.0,0.0,0.0,0.0
normal,1.2596096972934903,0.0,4.90518045425415,0.007666250690817802,-0.05318450927734375,3.5892422199249268,0.05318450927734375,0.0,0.6757866144180298,0.0,0.0,0.0,0.0,0.0,0.0,0.0,0.0
normal,1.214369350305448,0.0,5.674267292022705,0.007666250690817802,-0.04743492603302002,1.9321345090866089,0.04743492603302002,0.0,0.6757866144180298,0.0,0.0,0.0,0.0,0.0,0.0,0.0,0.0
normal,1.457702329189827,0.0,7.284775733947754,0.007666250690817802,-0.017488634213805202,0.1657826453447342,0.017488634213805202,0.0,0.6757866144180298,0.0,0.0,0.6171910762786865,0.0,0.0,0.0,0.0,0.0
normal,2.016054091906796,0.0,8.68172550201416,0.007666250690817802,-0.017488634213805202,0.1353572160005569,0.017488634213805202,0.0,0.6757866144180298,0.0,0.0,0.6171910762786865,0.0,0.0,0.0,0.0,0.0
normal,2.9591161525808274,0.0,10.028133392333984,0.005749687552452101,-0.007666248828172701,0.1353572160005569,0.007666248828172701,0.0,0.6757866144180298,0.0,0.2619022130966186,0.6171910762786865,0.0,0.0,0.0,0.0,0.0
normal,3.9997672133209803,0.0,10.762439727783203,0.005749687552452101,-0.00982238352298731,0.1353572160005569,0.00982238352298731,0.0,0.6757866144180298,0.0,0.5195318460464478,0.6171910762786865,0.0,0.0,0.0,0.0,0.0
normal,5.114544438179582,0.0,11.545646667480469,0.005749687552452101,-0.010780662298202515,0.1353572160005569,0.010780662298202515,0.0,0.6757866144180298,0.0,0.5429700613021851,0.6171910762786865,0.0,0.0,0.0,0.0,0.0
normal,6.310595161573341,0.0,12.341967582702637,0.005749687552452101,-0.010780662298202515,0.1353572160005569,0.010780662298202515,0.0,0.6757866144180298,0.5078127384185791,0.5429700613021851,0.6171910762786865,0.0,0.0,0.5078127384185791,0.0,0.0
normal,7.579028185661882,0.0,12.97080135345459,0.005749687552452101,-0.010780692100524847,0.1353572160005569,0.010780692100524847,0.0,0.6757866144180298,0.5078127384185791,0.5429700613021851,0.6171910762786865,0.0,0.0,0.5078127384185791,0.0,0.0
normal,8.89711078212286,0.0,13.349983215332031,0.005749687552452101,-0.010780692100524847,0.1353572160005569,0.010780692100524847,0.3055513203144073,0.6757866144180298,0.5078127384185791,0.5429700613021851,0.6171910762786865,0.0,0.0,0.5078127384185791,0.0,0.0
normal,10.10451570947965,2.898169994354248,13.457989692687988,0.005749687552452101,-0.012457668781280518,0.1353572160005569,0.012457668781280518,0.1587267816066742,0.6757866144180298,0.4563280045986175,0.5234382152557373,0.578127384185791,0.0,0.0,0.4563280045986175,0.0,0.0
normal,11.005832929611206,5.702438831329346,13.457989692687988,0.005749687552452101,-0.015332520008087047,0.1353572160005569,0.015332520008087047,0.0555589497089386,0.6171910762786865,0.3333231806755066,0.5078127384185791,0.5595721304416656,0.0,0.0,0.3333231806755066,0.0,0.0
normal,11.65714959939321,7.305902004241943,13.457989692687988,0.016051292419433594,-0.015332520008087047,0.1353572160005569,0.016051292419433594,0.0119022130966186,0.578127384185791,0.2341227531433105,0.4980010390281677,0.5429700613021851,0.0,0.0,0.2341227531433105,0.0,0.0
normal,12.118592197100321,8.70702838897705,13.457989692687988,0.026113152503967285,-0.015332520008087047,0.1310449540615081,0.026113152503967285,0.0,0.578127384185791,0.099200427532196,0.3968169093132019,0.5087893307209015,0.0,0.0,0.099200427532196,0.0,0.0
normal,12.38439052581787,10.04196548461914,13.457989692687988,0.036175116896629306,-0.015332520008087047,0.1978850662708282,0.036175116896629306,0.0,0.5468764305114746,0.0198370218276977,0.3055513203144073,0.5078127384185791,0.0,0.0,0.0198370218276977,0.0,0.0
normal,12.50559819062551,10.774385452270508,13.457989692687988,0.036175116896629306,-0.0328211300075054,0.1978850662708282,0.036175116896629306,0.0,0.5429700613021851,0.0119022130966186,0.1567430645227432,0.4563280045986175,0.0,0.0,0.0119022130966186,0.0,0.0
normal,12.523165121078492,11.22268295288086,13.457989692687988,0.036175116896629306,-0.0328211300075054,0.1978850662708282,0.036175116896629306,0.0,0.5429700613021851,0.0119022130966186,0.1031678318977356,0.3333231806755066,0.0,0.0,0.0119022130966186,0.0,0.0
normal,12.439866525332134,11.030478477478027,13.457989692687988,0.036175116896629306,-0.0328211300075054,0.1978850662708282,0.036175116896629306,0.0,0.4960173368453979,0.0119022130966186,0.1031678318977356,0.2341227531433105,0.0,0.0,0.0119022130966186,0.0,0.0
normal,12.26554803689321,10.887409210205078,13.457989692687988,0.036175116896629306,-0.0328211300075054,0.1978850662708282,0.036175116896629306,0.0,0.3968169093132019,0.0119022130966186,0.1031678318977356,0.1190374493598938,0.0,0.0,0.0119022130966186,0.0,0.0
normal,12.04383103688558,10.887409210205078,13.457989692687988,0.036175116896629306,-0.0328211300075054,0.2683187425136566,0.036175116896629306,0.0,0.4206213653087616,0.0119022130966186,0.1031678318977356,0.1190374493598938,0.0,0.0,0.0119022130966186,0.0,0.0
normal,11.83839058081309,10.887409210205078,13.452958106994627,0.036175116896629306,-0.0328211300075054,0.2683187425136566,0.036175116896629306,0.0,0.4880825281143188,0.0119022130966186,0.1031678318977356,0.1190374493598938,0.0,0.0,0.0119022130966186,0.0,0.0
normal,11.698533101081848,10.887409210205078,13.208919525146484,0.036175116896629306,-0.0328211300075054,0.2683187425136566,0.036175116896629306,0.0,0.4880825281143188,0.0119022130966186,0.1190374493598938,0.2499923706054687,0.0,0.0,0.0119022130966186,0.0,0.0
normal,11.604709178606669,10.887409210205078,12.805612564086914,0.036175116896629306,-0.0328211300075054,0.2683187425136566,0.036175116896629306,0.0,0.4880825281143188,0.06547746062278742,0.1190374493598938,0.2499923706054687,0.0,0.0,0.06547746062278742,0.0,0.0
normal,11.540581889152527,10.887409210205078,12.332720756530762,0.036175116896629306,-0.0328211300075054,0.3291696012020111,0.036175116896629306,0.0,0.4880825281143188,0.0793633759021759,0.1190374493598938,0.2499923706054687,0.0,0.0,0.0793633759021759,0.0,0.0
normal,11.505250191688537,10.887409210205078,12.131355285644531,0.025154884904623094,-0.0328211300075054,0.3658238351345062,0.0328211300075054,0.0,0.4880825281143188,0.1111026406288147,0.13690602779388425,0.2579271793365478,0.0,0.0,0.1111026406288147,0.0,0.0
normal,11.530053906440735,10.887409210205078,12.131355285644531,0.014134645462036202,-0.010541096329688998,0.5433454513549805,0.014134645462036202,0.0793633759021759,0.4880825281143188,0.1190374493598938,0.1428571343421936,0.2936490774154663,0.0,0.0,0.1190374493598938,0.0,0.0
normal,11.605777194384542,10.887409210205078,12.148850440979004,0.01221808791160578,-0.010541096329688998,0.6633701324462891,0.01221808791160578,0.0793633759021759,0.4880825281143188,0.1190374493598938,0.2420575618743896,0.2936490774154663,0.0,0.0,0.1190374493598938,0.0,0.0
normal,11.706487477620442,10.887409210205078,12.148850440979004,0.007905825972557096,-0.004791408777236883,0.7338038086891174,0.007905825972557096,0.0793633759021759,0.4880825281143188,0.1428571343421936,0.24007385969161985,0.2936490774154663,0.0,0.0,0.1428571343421936,0.0,0.0
normal,11.808131605784098,10.902220726013184,12.148850440979004,0.007905840873718262,-0.004791408777236883,0.7778847813606262,0.007905840873718262,0.0634937584400177,0.4880825281143188,0.138889729976654,0.22222052514553065,0.2936490774154663,0.0,0.0,0.138889729976654,0.0,0.0
normal,11.868041237195333,11.07190990447998,12.148850440979004,0.007905840873718262,-0.004791408777236883,0.8684423565864563,0.007905840873718262,0.0,0.4880825281143188,0.1071352362632751,0.1587267816066742,0.2936490774154663,0.0,0.0,0.1071352362632751,0.0,0.0
normal,11.834995541572571,10.780099868774414,12.148850440979004,0.007905840873718262,-0.005989253520965576,0.8787438869476318,0.007905840873718262,0.0,0.4880825281143188,0.0704367160797119,0.1428571343421936,0.2896664142608642,0.0,0.0,0.0704367160797119,0.0,0.0
normal,11.682481609980265,10.041034698486328,12.148850440979004,0.007905840873718262,-0.008385002613067627,0.8787438869476318,0.008385002613067627,0.0,0.2936490774154663,0.0,0.1269875168800354,0.1904660165309906,0.0,0.0158696323633193,0.0,0.0,0.0
normal,11.420092662175497,8.812294960021973,12.148850440979004,0.007905840873718262,-0.011978507041931208,0.8787438869476318,0.011978507041931208,0.0,0.2936490774154663,0.0,0.0793633759021759,0.186498612165451,0.0,0.1103182956576347,0.0,0.0,0.0
normal,10.955209625562032,5.288232803344727,12.148850440979004,0.007905840873718262,-0.011978507041931208,0.8787438869476318,0.011978507041931208,0.0,0.2936490774154663,0.0,0.0634937584400177,0.186498612165451,0.0,0.5320337414741516,0.0,0.0,0.0
normal,9.989662143240372,0.0,12.148850440979004,0.007905840873718262,-0.011978507041931208,0.8787438869476318,0.011978507041931208,0.0,0.2936490774154663,0.0,0.0,0.16765344142913818,0.0,0.5730506181716919,0.0,0.0,0.0
normal,8.802999702940385,0.0,12.148850440979004,0.007905840873718262,-0.011978507041931208,0.8787438869476318,0.011978507041931208,0.0,0.2936490774154663,0.0,0.0,0.0684530138969421,0.0,0.5730506181716919,0.0,0.0,0.0
normal,7.601605878544727,0.0,12.148723602294922,0.007905840873718262,-0.011978507041931208,0.8787438869476318,0.011978507041931208,0.0,0.1944334208965301,0.0,0.0,0.0,0.0,0.5730506181716919,0.0,0.0158696323633193,0.0
normal,6.381469848801692,0.0,12.07779598236084,0.007905840873718262,-0.011978507041931208,0.8787438869476318,0.011978507041931208,0.0,0.1468245387077331,0.0,0.0,0.0,0.0,0.5730506181716919,0.0,0.0595187246799469,0.0
normal,5.18571118498842,0.0,11.78822898864746,0.005270540714263916,-0.011978507041931208,0.8787438869476318,0.011978507041931208,0.0,0.0634937584400177,0.0,0.0,0.0,0.0,0.5730506181716919,0.0,0.0872981995344162,0.0
normal,4.029435957123836,0.0,11.300506591796877,0.0043122768402100164,-0.011978507041931208,0.8787438869476318,0.011978507041931208,0.0,0.0,0.0,0.0,0.0,0.0,0.5730506181716919,0.0,0.0872981995344162,0.02529984712600705
normal,2.9255209794143835,0.0,10.771409034729004,0.0043122768402100164,-0.011978507041931208,0.7824366092681885,0.011978507041931208,0.0,0.0,0.0,0.0,0.0,0.0,0.5730506181716919,0.0,0.0872981995344162,0.02529984712600705
normal,1.8863257874020685,0.0,10.026190757751465,0.004791378974914551,-0.011978507041931208,0.5931760668754578,0.011978507041931208,0.0,0.5312509536743164,0.0,0.0,0.0,0.0,0.5730506181716919,0.0,0.0872981995344162,0.02529984712600705
normal,1.1305865022509047,0.0,8.784067153930664,0.004791378974914551,-0.001677006483078003,0.6293511986732483,0.004791378974914551,0.0,0.8164006471633911,0.0,0.0,0.0,0.0,0.5730506181716919,0.0,0.0872981995344162,0.0
normal,0.9330360882449895,0.0,6.742007732391357,0.004791378974914551,-0.0074266791343688965,0.6293511986732483,0.0074266791343688965,0.0,0.8164006471633911,0.0,0.0,0.057542651891708374,0.0,0.5730506181716919,0.0,0.06448560953140256,0.0
normal,1.492871960249419,0.0,8.532730102539062,0.004791378974914551,-0.0074266791343688965,0.6293511986732483,0.0074266791343688965,0.0,0.8164006471633911,0.0,0.0,0.6953184604644775,0.0,0.3964171111583709,0.0,0.0,0.0
normal,2.423298567381377,0.0,9.8962984085083,0.015332520008087214,-0.00790581107139593,0.6293511986732483,0.015332520008087214,0.0,0.8164006471633911,0.0,0.0,0.6953184604644775,0.0,0.1301553547382354,0.0,0.0,0.0
normal,3.444999529765919,0.0,10.46045970916748,0.015332520008087214,-0.015332520008087103,0.6293511986732483,0.015332520008087214,0.0,0.8164006471633911,0.0,0.4325235784053802,0.6953184604644775,0.0,0.0912656038999557,0.0,0.0,0.0
normal,4.519898497508839,0.0,11.044792175292969,0.015332520008087214,-0.015332520008087103,0.6293511986732483,0.015332520008087214,0.0,0.8164006471633911,0.0,0.535157322883606,0.6953184604644775,0.0,0.0872981995344162,0.0,0.0,0.0
normal,5.65584256196705,0.0,11.64924144744873,0.015332520008087214,-0.015332520008087103,0.6293511986732483,0.015332520008087214,0.0,0.8164006471633911,0.061510056257247925,0.5468764305114746,0.6953184604644775,0.0,0.0872981995344162,0.061510056257247925,0.0,0.0
normal,6.848599410302316,0.0,12.198660850524902,0.015332520008087214,-0.015332520008087103,0.6293511986732483,0.015332520008087214,0.0,0.8164006471633911,0.5039063692092896,0.5468764305114746,0.6953184604644775,0.0,0.0,0.5039063692092896,0.0,0.0
normal,8.08996367320108,0.0,12.544599533081056,0.015332520008087214,-0.015332520008087103,0.6293511986732483,0.015332520008087214,0.0,0.8164006471633911,0.5039063692092896,0.5468764305114746,0.6953184604644775,0.0,0.0,0.5039063692092896,0.0,0.0
normal,9.341412868102392,0.4049474000930786,12.553028106689451,0.015332520008087214,-0.015332520008087103,0.6293511986732483,0.015332520008087214,0.2618945837020874,0.8164006471633911,0.5,0.5468764305114746,0.6953184604644775,0.0,0.0,0.5,0.0,0.0
normal,10.411593042612076,3.6244616508483887,12.63518524169922,0.015332520008087214,-0.015332520008087103,0.6293511986732483,0.015332520008087214,0.230155348777771,0.7851496934890747,0.4325235784053802,0.5292977690696716,0.5976592302322388,0.0,0.0,0.4325235784053802,0.0,0.0
normal,11.13723303715388,6.775052547454834,12.63518524169922,0.015332520008087214,-0.015332520008087103,0.505014181137085,0.015332520008087214,0.051591545343399,0.7851496934890747,0.2966246530413627,0.5117191076278687,0.5507827997207642,0.0,0.0,0.2966246530413627,0.0,0.0
normal,11.593090750376383,8.561025619506836,12.63518524169922,0.015332520008087214,-0.015332520008087103,0.4915982484817505,0.015332520008087214,0.0396740734577178,0.6875057220458984,0.2618945837020874,0.4603106677532196,0.535157322883606,0.0,0.0,0.2618945837020874,0.0,0.0
normal,11.847353262901306,9.907795906066896,12.63518524169922,0.0083849600632674,-0.015332520008087103,0.4312265515327453,0.015332520008087103,0.0396740734577178,0.5585955381393433,0.1468245387077331,0.3372905850410461,0.5117191076278687,0.0,0.0,0.1468245387077331,0.0,0.0
normal,11.976071740786235,10.466880798339844,12.63518524169922,0.0083849600632674,-0.009103670716285699,0.1470961570739746,0.009103670716285699,0.0396740734577178,0.5507827997207642,0.0396740734577178,0.2618945837020874,0.5117191076278687,0.0,0.0,0.0396740734577178,0.0,0.0
normal,12.027051798502605,11.055171966552734,12.63518524169922,0.0083849600632674,-0.009103670716285699,0.1456587463617324,0.009103670716285699,0.0357066690921783,0.5507827997207642,0.0396740734577178,0.230155348777771,0.4414502382278442,0.0,0.0,0.0396740734577178,0.0,0.0
normal,12.001866272290547,11.059040069580078,12.63518524169922,0.0083849600632674,-0.0083849616348744,0.0982238203287124,0.0083849616348744,0.0357066690921783,0.5117191076278687,0.0396740734577178,0.051591545343399,0.2946409359574318,0.0,0.0,0.0396740734577178,0.0,0.0
normal,11.911779104868572,11.005840301513672,12.63518524169922,0.0083849600632674,-0.0083849616348744,0.0982238203287124,0.0083849616348744,0.0317392647266387,0.5,0.0396740734577178,0.0396740734577178,0.2618945837020874,0.0,0.0,0.0396740734577178,0.0,0.0
normal,11.786419728597005,11.005840301513672,12.63518524169922,0.005989260971546201,-0.0083849616348744,0.0982238203287124,0.0083849616348744,0.0317392647266387,0.3372905850410461,0.0396740734577178,0.0396740734577178,0.230155348777771,0.0,0.0,0.0396740734577178,0.0,0.0
normal,11.688797143300375,11.005840301513672,12.63518524169922,0.005989260971546201,-0.0083849616348744,0.0982238203287124,0.0083849616348744,0.0317392647266387,0.3372905850410461,0.0396740734577178,0.0396740734577178,0.2222205400466919,0.0,0.0,0.0396740734577178,0.0,0.0
normal,11.622706411679586,11.005840301513672,12.618083953857422,0.005989260971546201,-0.0083849616348744,0.0982238203287124,0.0083849616348744,0.0317392647266387,0.2420575618743896,0.0396740734577178,0.0396740734577178,0.2063356339931488,0.0,0.0,0.0396740734577178,0.0,0.0
normal,11.584006174405415,11.005840301513672,12.44697093963623,0.005989260971546201,-0.0083849616348744,0.0982238203287124,0.0083849616348744,0.0,0.2420575618743896,0.0396740734577178,0.0396740734577178,0.1984008252620697,0.0,0.0,0.0396740734577178,0.0,0.0
normal,11.263199016253154,4.81459903717041,12.228450775146484,0.005989260971546201,-0.009103670716285803,0.0982238203287124,0.009103670716285803,0.0,0.6289101839065552,0.0396740734577178,0.0396740734577178,0.2182531058788299,0.0,3.5,0.0396740734577178,0.0,0.0
normal,10.217058308816826,0.0,12.228450775146484,0.0045518357073888,-0.009103670716285803,0.0982238203287124,0.009103670716285803,0.0,0.6289101839065552,0.0357066690921783,0.10515153408050534,0.2222205400466919,0.0,3.5,0.0357066690921783,0.0,0.0
normal,9.267435465749974,0.0,12.228450775146484,0.0045518357073888,-0.009103670716285803,0.0982238203287124,0.009103670716285803,0.0,1.0,0.0357066690921783,0.17658010125160215,0.2420575618743896,0.0,3.5,0.0357066690921783,0.0,0.0
normal,8.820698568122461,0.0,12.228450775146484,0.0045518357073888,-0.009103670716285803,0.0982238203287124,0.009103670716285803,0.0,1.0,0.0357066690921783,0.2063356339931488,0.43549913167953486,0.0,3.5,0.0357066690921783,0.0,0.0
normal,8.664145015177006,0.0,12.228450775146484,0.004312269389629295,-0.009103670716285803,0.063965268433094,0.009103670716285803,0.0,1.0,0.1626941859722137,0.2222205400466919,0.5507827997207642,0.0,3.5,0.1626941859722137,0.0,0.0
normal,8.6115977987616,0.0,12.228450775146484,0.004312269389629295,-0.009103670716285803,0.063965268433094,0.009103670716285803,0.0,1.0,0.19740897417068481,0.2420575618743896,0.5859401226043701,0.0,3.5,0.19740897417068481,0.0,0.0
normal,8.626449039873357,0.0,12.228450775146484,0.0045518372207879985,-0.009103670716285803,0.0337794125080108,0.009103670716285803,0.0,1.0,0.2063356339931488,0.4325235784053802,0.6054719686508179,0.0,3.5,0.2063356339931488,0.0,0.0
normal,8.651314926243698,0.0,12.228450775146484,0.0045518372207879985,-0.009103670716285803,0.0402478091418743,0.009103670716285803,0.0,1.0,0.2063356339931488,0.4325235784053802,0.6054719686508179,0.0,3.5,0.2063356339931488,0.0,0.0
normal,8.67536615222382,0.0,12.338363647460938,0.0062288269400597035,-0.009103670716285803,0.0402478091418743,0.009103670716285803,0.0,1.0,0.3214209377765655,0.4325235784053802,0.6054719686508179,0.0,3.5,0.3214209377765655,0.0,0.0
normal,8.70415734459646,0.0,12.57093906402588,0.0062288269400597035,-0.009103670716285803,0.0402478091418743,0.009103670716285803,0.0,1.0,0.3214209377765655,0.4325235784053802,0.6054719686508179,0.0,3.5,0.3214209377765655,0.0,0.0
normal,9.064170552985743,0.0,12.643732070922852,0.0062288269400597035,-0.0079058203846216,0.0402478091418743,0.0079058203846216,0.0,1.0,0.2886745631694793,0.4206213653087616,0.5947294533252716,0.0,2.2870724201202393,0.2886745631694793,0.0,0.0
normal,10.184617446462314,0.1296399682760238,12.643732070922852,0.0062288269400597035,-0.0079058203846216,0.0402478091418743,0.0079058203846216,0.1150700449943542,1.0,0.273796796798706,0.4206213653087616,0.5947294533252716,0.0,0.0,0.273796796798706,0.0,0.0
normal,11.224115787347158,4.340353012084961,12.643732070922852,0.0062288269400597035,-0.0079058203846216,0.0402478091418743,0.0079058203846216,0.1031678318977356,1.0,0.1904660165309906,0.3531602025032043,0.5283211767673492,0.0,0.0,0.1904660165309906,0.0,0.0
normal,11.758889757792154,8.692503929138184,12.643732070922852,0.0062288269400597035,-0.0079058203846216,0.0402478091418743,0.0079058203846216,0.0,0.7890560626983643,0.1150700449943542,0.3214209377765655,0.4325235784053802,0.0,0.0,0.1150700449943542,0.0,0.0
normal,11.973688062032064,10.136848449707031,12.643732070922852,0.0062288269400597035,-0.0079058203846216,0.0402478091418743,0.0079058203846216,0.0,0.6054719686508179,0.1111026406288147,0.273796796798706,0.3531602025032043,0.0,0.0,0.1111026406288147,0.0,0.0
normal,12.046323177019755,10.922603607177734,12.643732070922852,0.018207341432571467,-0.0079058203846216,0.4571001231670379,0.018207341432571467,0.0,0.6054719686508179,0.0,0.1904660165309906,0.3253883421421051,0.0,0.0,0.0,0.0,0.0
normal,12.007007350921631,10.87354850769043,12.643732070922852,0.018207341432571467,-0.0079058203846216,0.4793801605701446,0.018207341432571467,0.0,0.4285561740398407,0.0,0.1309549212455749,0.273796796798706,0.0,0.0,0.0,0.0,0.0
normal,11.915693944295247,10.87354850769043,12.643732070922852,0.018207341432571467,-0.0074266791343688965,0.7067323923110962,0.018207341432571467,0.0,0.3531602025032043,0.0,0.1309549212455749,0.273796796798706,0.0,0.0,0.0,0.0,0.0
normal,11.802432468732198,10.87354850769043,12.643732070922852,0.018207341432571467,-0.0050309747457503995,1.1873104572296145,0.018207341432571467,0.0,0.3214209377765655,0.0,0.1309549212455749,0.2341227531433105,0.0,0.0,0.0,0.0,0.0
normal,11.66805258433024,10.87354850769043,12.643732070922852,0.018207341432571467,-0.030425429344177246,1.2649312019348145,0.030425429344177246,0.0,0.2936490774154663,0.0,0.1309549212455749,0.2341227531433105,0.0,0.0,0.0,0.0,0.0
normal,11.5254922691981,10.87354850769043,12.63805103302002,0.018207341432571467,-0.030425429344177246,1.2649312019348145,0.030425429344177246,0.0,0.3769798874855041,0.0,0.1309549212455749,0.2341227531433105,0.0,0.0,0.0,0.0,0.0
normal,11.407983193397522,10.87354850769043,12.50131130218506,0.018207341432571467,-0.030425429344177246,1.2649312019348145,0.030425429344177246,0.0,0.3769798874855041,0.0,0.2063356339931488,0.2420575618743896,0.0,0.0,0.0,0.0,0.0
normal,11.325979924201965,10.87354850769043,12.299935340881348,0.018207341432571467,-0.030425429344177246,1.2649312019348145,0.030425429344177246,0.0,0.3769798874855041,0.0,0.2341227531433105,0.3194372355937958,0.0,0.0,0.0,0.0,0.0
normal,11.286937050819397,10.87354850769043,11.918668746948242,0.018207341432571467,-0.030425429344177246,1.2649312019348145,0.030425429344177246,0.0,0.4126865267753601,0.1309549212455749,0.2341227531433105,0.329355776309967,0.0,0.0,0.1309549212455749,0.0,0.0
normal,11.323014968236288,10.87354850769043,12.248478889465332,0.018207341432571467,-0.030425429344177246,1.2649312019348145,0.030425429344177246,0.0,0.4483931958675384,0.2063356339931488,0.2817316055297851,0.3739928901195526,0.0,0.0,0.2063356339931488,0.0,0.0
normal,11.447279850641886,10.87354850769043,12.671309471130373,0.015572071075439453,-0.030425429344177246,1.2649312019348145,0.030425429344177246,0.0,0.4483931958675384,0.2341227531433105,0.329355776309967,0.3769798874855041,0.0,0.0,0.2341227531433105,0.0,0.0
normal,11.642629187901814,10.877141952514648,13.036048889160156,0.015572071075439453,-0.030425429344177246,1.2649312019348145,0.030425429344177246,0.2063356339931488,0.4483931958675384,0.2420575618743896,0.3531602025032043,0.4126865267753601,0.0,0.0,0.2420575618743896,0.0,0.0
normal,11.868331282933553,10.984048843383787,13.294673919677734,0.015572071075439453,-0.030425429344177246,1.2649312019348145,0.030425429344177246,0.2341227531433105,0.4483931958675384,0.3134861290454864,0.3729972243309021,0.4126865267753601,0.0,0.0,0.3134861290454864,0.0,0.0
normal,12.089227347373962,11.09526824951172,13.323596954345703,0.007666230201721191,-0.030425429344177246,1.2649312019348145,0.030425429344177246,0.1269875168800354,0.4483931958675384,0.3134861290454864,0.3729972243309021,0.4126865267753601,0.0,0.0,0.3134861290454864,0.0,0.0
normal,12.273503535588583,11.154420852661133,13.323596954345703,0.011978515423834301,-0.02922755479812622,0.8586199283599854,0.02922755479812622,0.1269875168800354,0.4483931958675384,0.3134861290454864,0.3729972243309021,0.4126865267753601,0.0,0.0,0.3134861290454864,0.0,0.0
normal,12.433809067408244,11.29923152923584,13.323596954345703,0.016051210463047014,-0.0143742174841462,0.2249565124511718,0.016051210463047014,0.1269875168800354,0.4483931958675384,0.3095187246799469,0.3630787134170532,0.4126865267753601,0.0,0.0,0.3095187246799469,0.0,0.0
normal,12.578725902239482,11.519990921020508,13.323596954345703,0.025873571634292658,-0.0143742174841462,1.2294747829437256,0.025873571634292658,0.1269875168800354,0.4483931958675384,0.2499923706054687,0.329355776309967,0.4126865267753601,0.0,0.0,0.2499923706054687,0.0,0.0
normal,12.679492808977763,11.64798069000244,13.323596954345703,0.025873571634292658,-0.018926024436950684,1.3291360139846802,0.025873571634292658,0.1269875168800354,0.4483931958675384,0.1706289947032928,0.329355776309967,0.4126865267753601,0.0,0.0,0.1706289947032928,0.0,0.0
normal,12.738291459083557,11.894546508789062,13.323596954345703,0.025873571634292658,-0.03138375282287598,1.3291360139846802,0.03138375282287598,0.1269875168800354,0.4483931958675384,0.1587267816066742,0.2956327944993973,0.4126865267753601,0.0,0.0,0.1587267816066742,0.0,0.0
normal,12.774216729799907,12.256001472473145,13.323596954345703,0.025873571634292658,-0.03138375282287598,1.3291360139846802,0.03138375282287598,0.1269875168800354,0.4483931958675384,0.1587267816066742,0.2916577458381653,0.3690298199653625,0.0,0.0,0.1587267816066742,0.0,0.0
normal,12.784926594098408,12.311516761779783,13.323596954345703,0.025873571634292658,-0.03138375282287598,1.3291360139846802,0.03138375282287598,0.1269875168800354,0.4245887696743011,0.1587267816066742,0.2916577458381653,0.3333231806755066,0.0,0.0,0.1587267816066742,0.0,0.0
normal,12.774392784436543,12.311516761779783,13.323596954345703,0.025873571634292658,-0.03138375282287598,1.3291360139846802,0.03138375282287598,0.1269875168800354,0.416653960943222,0.1587267816066742,0.2916577458381653,0.3105105757713318,0.0,0.0,0.1587267816066742,0.0,0.0
normal,12.755598300298056,12.311516761779783,13.323596954345703,0.025873571634292658,-0.03138375282287598,1.3291360139846802,0.03138375282287598,0.1269875168800354,0.365062415599823,0.1587267816066742,0.2658619880676269,0.2976165115833282,0.0,0.0,0.1587267816066742,0.0,0.0
normal,12.750961453119913,12.311516761779783,13.387995719909668,0.025873571634292658,-0.03138375282287598,1.3291360139846802,0.03138375282287598,0.1269875168800354,0.365062415599823,0.1944334208965301,0.273796796798706,0.3015839159488678,0.0,0.0,0.1944334208965301,0.0,0.0
normal,12.804785032272338,12.311516761779783,13.584425926208496,0.025873571634292658,-0.03138375282287598,1.3291360139846802,0.03138375282287598,0.1507919430732727,0.365062415599823,0.2341227531433105,0.2817316055297851,0.3055513203144073,0.0,0.0,0.2341227531433105,0.0,0.0
normal,12.881081703503927,12.311516761779783,13.593090057373049,0.025873571634292658,-0.03138375282287598,1.3291360139846802,0.03138375282287598,0.099200427532196,0.365062415599823,0.1984008252620697,0.26784569025039673,0.2976165115833282,0.0,0.0,0.1984008252620697,0.0,0.0
normal,12.938145484924316,12.311516761779783,13.593090057373049,0.015811562538146973,-0.03138375282287598,1.3291360139846802,0.03138375282287598,0.099200427532196,0.365062415599823,0.1587267816066742,0.2658619880676269,0.2976165115833282,0.0,0.0,0.1587267816066742,0.0,0.0
normal,12.999885001182555,12.311516761779783,13.593090057373049,0.015332497656345399,-0.03138375282287598,1.1643116474151611,0.03138375282287598,0.0238044261932373,0.365062415599823,0.1507919430732727,0.2658619880676269,0.2976165115833282,0.0,0.0,0.1507919430732727,0.0,0.0
normal,13.045687165260315,12.3126802444458,13.593090057373049,0.015332497656345399,-0.009103655815124512,0.7556047439575195,0.015332497656345399,0.0238044261932373,0.365062415599823,0.1031678318977356,0.2658619880676269,0.2976165115833282,0.0,0.0,0.1031678318977356,0.0,0.0
normal,13.040028629302979,12.137299537658691,13.593090057373049,0.015332497656345399,-0.009103655815124512,0.7556047439575195,0.015332497656345399,0.0238044261932373,0.3333231806755066,0.030747406184673223,0.2123019993305206,0.2976165115833282,0.0,0.0,0.030747406184673223,0.0,0.0
normal,12.989974548021952,12.056658744812012,13.593090057373049,0.015332497656345399,-0.008864104747772189,0.5395123362541199,0.015332497656345399,0.0238044261932373,0.3333231806755066,0.030747406184673223,0.1587267816066742,0.273796796798706,0.0,0.0,0.030747406184673223,0.0,0.0
normal,12.922972688674927,12.056658744812012,13.593090057373049,0.015332497656345399,-0.008864104747772189,0.3368358314037323,0.015332497656345399,0.0238044261932373,0.3333231806755066,0.030747406184673223,0.1587267816066742,0.2380901575088501,0.0,0.0,0.030747406184673223,0.0,0.0
normal,12.824907741546632,11.943102836608888,13.593090057373049,0.015332497656345399,-0.008864104747772189,0.1657826453447342,0.015332497656345399,0.0238044261932373,0.3333231806755066,0.030747406184673223,0.1329386234283447,0.2103182971477508,0.0,0.0,0.030747406184673223,0.0,0.0
normal,12.68212010383606,11.56624984741211,13.593090057373049,0.015332497656345399,-0.008864104747772189,0.1657826453447342,0.015332497656345399,0.0,0.3333231806755066,0.0238044261932373,0.1269875168800354,0.1706289947032928,0.0,0.0,0.0238044261932373,0.0,0.0
normal,12.417542277971904,9.205151557922363,13.593090057373049,0.004551835358142894,-0.008864104747772189,0.1657826453447342,0.008864104747772189,0.0,0.2380901575088501,0.0238044261932373,0.099200427532196,0.1517837941646576,0.0,0.50273597240448,0.0238044261932373,0.0,0.0
normal,11.808189344406127,6.701538562774658,13.506428718566896,0.004551835358142894,-0.024196624755859375,0.1657826453447342,0.024196624755859375,0.0,0.2380901575088501,0.0,0.0238044261932373,0.13988158106803888,0.0,0.50273597240448,0.0,0.0,0.0
normal,11.112883552710215,6.285638809204102,13.366480827331545,0.002874851226806696,-0.07211065292358398,0.1657826453447342,0.07211065292358398,0.0,0.2380901575088501,0.0,0.0238044261932373,0.13988158106803888,0.0,0.50273597240448,0.0,0.0,0.0
normal,10.417704969247183,6.1714067459106445,13.00513744354248,0.017488718032836914,-0.07211065292358398,0.1638660877943039,0.07211065292358398,0.0,0.3968169093132019,0.0,0.0238044261932373,0.1517837941646576,0.0,0.50273597240448,0.0,0.0,0.0
normal,9.854577272733053,6.1714067459106445,12.573603630065918,0.07953739166259766,-0.07211065292358398,0.0342585518956184,0.07953739166259766,0.0,0.726569414138794,0.0,0.0476241409778595,0.186498612165451,0.0,0.50273597240448,0.0,0.0,0.0
normal,9.557708112398783,6.1714067459106445,12.131377220153809,0.07953739166259766,-0.07211065292358398,0.0342585518956184,0.07953739166259766,0.0,0.9609363079071044,0.0,0.1428571343421936,0.2380901575088501,0.0,0.50273597240448,0.0,0.0,0.0
normal,9.51965922832489,6.1714067459106445,12.104275703430176,0.07953739166259766,-0.07211065292358398,0.5495742559432983,0.07953739166259766,0.0,0.9609363079071044,0.0,0.1428571343421936,0.452360600233078,0.0,0.50273597240448,0.0,0.0,0.0
normal,9.522288457552593,6.1714067459106445,12.16383934020996,0.07953739166259766,-0.07211065292358398,0.6219245195388794,0.07953739166259766,0.0,0.9609363079071044,0.0,0.1428571343421936,0.452360600233078,0.0,0.50273597240448,0.0,0.0,0.0
normal,9.545833479563395,6.1714067459106445,12.392220497131348,0.07953739166259766,-0.07211065292358398,0.69691002368927,0.07953739166259766,0.0,0.9609363079071044,0.0,0.1964171230792999,0.452360600233078,0.0,0.50273597240448,0.0,0.0,0.0
normal,9.610435940424601,6.1714067459106445,12.465736389160156,0.07953739166259766,-0.07211065292358398,0.7615939974784851,0.07953739166259766,0.0,0.9609363079071044,0.0,0.2222205400466919,0.452360600233078,0.0,0.50273597240448,0.0,0.0,0.0
normal,9.772005135218302,6.1714067459106445,12.49351978302002,0.07953739166259766,-0.07211065292358398,0.7615939974784851,0.07953739166259766,0.0,0.9609363079071044,0.1706289947032928,0.2380901575088501,0.452360600233078,0.0,0.50273597240448,0.1706289947032928,0.0,0.0
normal,10.277958901723226,6.1714067459106445,12.571877479553224,0.07953739166259766,-0.07211065292358398,0.7757286429405212,0.07953739166259766,0.0,0.9609363079071044,0.1984008252620697,0.2380901575088501,0.452360600233078,0.0,0.0,0.1984008252620697,0.0,0.0
normal,10.879447597662608,6.1714067459106445,12.571877479553224,0.07953739166259766,-0.0388102531433101,0.7757286429405212,0.07953739166259766,0.0,0.9609363079071044,0.1984008252620697,0.2380901575088501,0.452360600233078,0.0,0.0,0.1984008252620697,0.0,0.0
normal,11.475517230828602,6.486690044403076,12.571877479553224,0.07953739166259766,-0.006707966327667236,0.7757286429405212,0.07953739166259766,0.0476241409778595,0.9609363079071044,0.1825312077999115,0.2380901575088501,0.452360600233078,0.0,0.0,0.1825312077999115,0.0,0.0
normal,11.969709610939026,8.040630340576172,12.571877479553224,0.056299030780792236,-0.010780692100524902,0.7757286429405212,0.056299030780792236,0.0476241409778595,0.9609363079071044,0.1785638034343719,0.2380901575088501,0.3412579894065857,0.0,0.0,0.1785638034343719,0.0,0.0
normal,12.281573298772177,10.905908584594728,12.86209487915039,0.024675741791725186,-0.010780692100524902,0.7757286429405212,0.024675741791725186,0.0476241409778595,0.9414044618606568,0.1785638034343719,0.2380901575088501,0.3412579894065857,0.0,0.0,0.1785638034343719,0.0,0.0
normal,12.440666206677754,12.027960777282717,13.499743461608888,0.012218117713928223,-0.010780692100524902,0.7757286429405212,0.012218117713928223,0.0476241409778595,0.6171910762786865,0.1785638034343719,0.2380901575088501,0.3412579894065857,0.0,0.0,0.1785638034343719,0.0,0.0
normal,12.573884337743124,12.027960777282717,13.502684593200684,0.009582817554473877,-0.010780692100524902,0.8059144616127014,0.010780692100524902,0.0476241409778595,0.6171910762786865,0.1507919430732727,0.2222205400466919,0.3412579894065857,0.0,0.0,0.1507919430732727,0.0,0.0
normal,12.66235954284668,12.027960777282717,13.502684593200684,0.009582817554473877,-0.010780692100524902,0.8059144616127014,0.010780692100524902,0.0,0.6171910762786865,0.0912655889987945,0.2083269655704498,0.273796796798706,0.0,0.0,0.0912655889987945,0.0,0.0
normal,12.682953621546428,12.027960777282717,13.502684593200684,0.009582817554473877,-0.010780692100524902,0.8059144616127014,0.010780692100524902,0.0,0.6171910762786865,0.087298184633255,0.1785638034343719,0.2708212435245514,0.0,0.0,0.087298184633255,0.0,0.0
normal,12.691464940706888,12.027960777282717,13.502684593200684,0.011020243167877197,-0.010780692100524902,0.8059144616127014,0.011020243167877197,0.0,0.6171910762786865,0.087298184633255,0.1825312077999115,0.2708212435245514,0.0,0.0,0.087298184633255,0.0,0.0
normal,12.691371920903524,12.027960777282717,13.502684593200684,0.011020243167877197,-0.010780692100524902,0.8059144616127014,0.011020243167877197,0.0,0.6171910762786865,0.0753959715366363,0.1507919430732727,0.2708212435245514,0.0,0.0,0.0753959715366363,0.0,0.0
normal,12.687429415384928,12.027960777282717,13.502684593200684,0.011020243167877197,-0.010780692100524902,0.8059144616127014,0.011020243167877197,0.0,0.6171910762786865,0.0753959715366363,0.1706289947032928,0.3412579894065857,0.0,0.0,0.0753959715366363,0.0,0.0
normal,12.73261132558187,12.027960777282717,13.502684593200684,0.011020243167877197,-0.010780692100524902,0.8059144616127014,0.011020243167877197,0.0,0.6171910762786865,0.1071352362632751,0.2083269655704498,0.3412579894065857,0.0,0.0,0.1071352362632751,0.0,0.0
normal,12.782117005983988,12.264068603515623,13.502684593200684,0.011020243167877197,-0.008624494075775146,0.8059144616127014,0.011020243167877197,0.0,0.6171910762786865,0.1071352362632751,0.1666615903377533,0.3055513203144073,0.0,0.0,0.1071352362632751,0.0,0.0
normal,12.784596967697144,12.385506629943848,13.502684593200684,0.011020243167877197,-0.012218058109283447,0.8059144616127014,0.012218058109283447,0.0,0.6171910762786865,0.1071352362632751,0.1666615903377533,0.2589190304279327,0.0,0.0,0.1071352362632751,0.0,0.0
normal,12.707991677920024,12.381611824035645,13.502684593200684,0.011020243167877197,-0.012218058109283447,0.8059144616127014,0.012218058109283447,0.0,0.3412579894065857,0.0863063335418701,0.1666615903377533,0.2222205400466919,0.0,0.0,0.0863063335418701,0.0,0.0
normal,12.576695035298666,11.90516471862793,13.340410232543944,0.011020243167877197,-0.012218058109283447,0.8059144616127014,0.012218058109283447,0.0,0.3412579894065857,0.0228125751018524,0.1666615903377533,0.2222205400466919,0.0,0.0,0.0228125751018524,0.0,0.0
normal,12.431378622055053,11.425272941589355,12.864913940429688,0.011020243167877197,-0.012218058109283447,0.7891445755958557,0.012218058109283447,0.0,0.3412579894065857,0.0,0.1666615903377533,0.2222205400466919,0.0,0.0099185109138488,0.0,0.0,0.0
normal,12.285020001729329,10.951924324035645,12.694221496582031,0.011020243167877197,-0.023717433214187622,0.7891445755958557,0.023717433214187622,0.0,0.3412579894065857,0.0,0.1666615903377533,0.2222205400466919,0.0,0.0099185109138488,0.0,0.0,0.0
normal,12.098680149714152,10.399087905883787,12.694221496582031,0.005749702453613281,-0.07426679134368896,0.7891445755958557,0.07426679134368896,0.0,0.3412579894065857,0.0,0.12897121906280515,0.1984008252620697,0.0,0.0099185109138488,0.0,0.0,0.0
normal,11.831822646458944,9.14699935913086,12.694221496582031,0.005749702453613281,-0.07426679134368896,0.7891445755958557,0.07426679134368896,0.0,0.3412579894065857,0.0,0.0,0.1984008252620697,0.0,0.1222205385565757,0.0,0.0,0.0
normal,11.391711399555206,6.71571683883667,12.694221496582031,0.004312276840209961,-0.07426679134368896,0.7891445755958557,0.07426679134368896,0.0,0.3412579894065857,0.0,0.0,0.1666615903377533,0.0,0.3666386902332306,0.0,0.0,0.0
normal,10.606765797336896,1.8644219636917112,12.656399726867676,0.06085085868835449,-0.07426679134368896,0.7891445755958557,0.07426679134368896,0.0,0.2420575618743896,0.0,0.0,0.1210249662399292,0.0,0.5496124029159546,0.0,0.0,0.0
normal,9.365981398075819,0.0,12.572734832763672,0.06085085868835449,-0.07426679134368896,0.7891445755958557,0.07426679134368896,0.0,0.2420575618743896,0.0,0.0,0.0,0.0,0.5496124029159546,0.0,0.0,0.0
normal,8.113158967147271,0.0,12.572734832763672,0.06085085868835449,-0.07426679134368896,0.7795617580413818,0.07426679134368896,0.0,0.2420575618743896,0.0,0.0,0.0,0.0,0.5496124029159546,0.0,0.0,0.0
normal,6.861041988184055,0.0,12.37363624572754,0.06085085868835449,-0.07426679134368896,0.7795617580413818,0.07426679134368896,0.0,0.0,0.0,0.0,0.0,0.0,0.5496124029159546,0.0,0.0,0.0
normal,5.647137300620477,0.0,11.897262573242188,0.06085085868835449,-0.07426679134368896,0.7795617580413818,0.07426679134368896,0.0,0.0,0.0,0.0,0.0,0.0,0.5496124029159546,0.0,0.0039674043655395,0.0
normal,4.480695291012526,0.0,11.416077613830566,0.06085085868835449,-0.07426679134368896,0.7795617580413818,0.07426679134368896,0.0,0.2976165115833282,0.0,0.0,0.0,0.0,0.5496124029159546,0.0,0.0019837021827697,0.0
normal,3.4648317217081783,0.0,10.944416999816896,0.06085085868835449,-0.07426679134368896,0.3241386115550995,0.07426679134368896,0.0,0.8359324932098389,0.0,0.0,0.0,0.0,0.5496124029159546,0.0,0.0,0.0
normal,2.803024540270368,0.0,10.38737678527832,0.06085085868835449,-0.009582757949829102,0.223279520869255,0.06085085868835449,0.0,0.8359324932098389,0.0,0.0,0.0,0.0,0.5496124029159546,0.0,0.0,0.0
normal,2.424400275871158,0.0,9.11822509765625,0.06085085868835449,-0.0086245310958474,0.223279520869255,0.06085085868835449,0.0,0.8359324932098389,0.0,0.0,0.5429700613021851,0.0,0.5496124029159546,0.0,0.0,0.0
normal,2.346887731080254,0.0,7.819613933563232,0.06085085868835449,-0.0086245310958474,0.223279520869255,0.06085085868835449,0.0,0.8359324932098389,0.0,0.0,0.5429700613021851,0.0,0.5496124029159546,0.0,0.0,0.0
normal,2.704488152787089,0.0,8.98136043548584,0.06061124801635742,-0.0091036856174469,0.223279520869255,0.06061124801635742,0.0,0.8359324932098389,0.0,0.3055513203144073,0.5429700613021851,0.0,0.5085955262184143,0.0,0.0,0.0
normal,3.644274094775319,0.0,10.06944179534912,0.013176366686821012,-0.0091036856174469,0.223279520869255,0.013176366686821012,0.0,0.8359324932098389,0.0,0.5234382152557373,0.5625019073486328,0.0,0.0158696323633193,0.0,0.0,0.0
normal,4.702377138013641,0.0,11.115365028381348,0.013176366686821012,-0.0091036856174469,0.223279520869255,0.013176366686821012,0.0,0.8359324932098389,0.0,0.5429700613021851,0.5937528610229492,0.0,0.0158696323633193,0.0,0.0,0.0
normal,5.874636386111379,0.0,12.238706588745115,0.013176366686821012,-0.0091036856174469,0.223279520869255,0.013176366686821012,0.0,0.8359324932098389,0.5234382152557373,0.5507827997207642,0.6728568375110626,0.0,0.0158696323633193,0.5234382152557373,0.0,0.0
normal,7.116367343142628,0.0,12.53145694732666,0.013176366686821012,-0.0091036856174469,0.223279520869255,0.013176366686821012,0.0,0.8359324932098389,0.5234382152557373,0.5507827997207642,0.6728568375110626,0.0,0.0,0.5234382152557373,0.0,0.0
normal,8.37945188033084,0.0,12.7204008102417,0.013176366686821012,-0.0091036856174469,0.223279520869255,0.013176366686821012,0.2777642011642456,0.8359324932098389,0.5234382152557373,0.5507827997207642,0.6728568375110626,0.0,0.0,0.5234382152557373,0.0,0.0
normal,9.5504565123717,2.6987712383270264,12.846353530883787,0.013176366686821012,-0.0091036856174469,0.223279520869255,0.013176366686821012,0.1904660165309906,0.8281197547912598,0.3878902494907379,0.5429700613021851,0.6015655994415283,0.0,0.0,0.3878902494907379,0.0,0.0
normal,10.447526302337646,5.345732688903809,13.20676040649414,0.007666260004043607,-0.0091036856174469,0.282213807106018,0.0091036856174469,0.1904660165309906,0.8281197547912598,0.3690298199653625,0.5234382152557373,0.5742210149765015,0.0,0.0,0.3690298199653625,0.0,0.0
normal,11.165866810480754,6.7292609214782715,13.279870986938477,0.007666260004043607,-0.0091036856174469,0.3425855338573456,0.0091036856174469,0.1785638034343719,0.8281197547912598,0.3333231806755066,0.5234382152557373,0.5742210149765015,0.0,0.0,0.3333231806755066,0.0,0.0
normal,11.755253275965211,7.837790966033936,13.279870986938477,0.007666260004043607,-0.0091036856174469,0.4467986226081848,0.0091036856174469,0.1745963990688324,0.8281197547912598,0.2916577458381653,0.3769798874855041,0.5742210149765015,0.0,0.0,0.2916577458381653,0.0,0.0
normal,12.226301806767781,9.001934051513672,13.279870986938477,0.012218058109283447,-0.0069475388154386,0.8531098365783691,0.012218058109283447,0.1428571343421936,0.8281197547912598,0.2083307802677154,0.3412579894065857,0.5742210149765015,0.0,0.0,0.2083307802677154,0.0,0.0
normal,12.545064907073975,10.083444595336914,13.279870986938477,0.027550578117370605,-0.0045518372207879985,1.6297967433929443,0.027550578117370605,0.0,0.8281197547912598,0.1745963990688324,0.3253883421421051,0.3968169093132019,0.0,0.0,0.1745963990688324,0.0,0.0
normal,12.707311512629191,11.134726524353027,13.279870986938477,0.029467105865478294,-0.0663609504699707,1.941956877708435,0.0663609504699707,0.0,0.8281197547912598,0.1745963990688324,0.2420575618743896,0.3690298199653625,0.0,0.0119022130966186,0.1745963990688324,0.0,0.0
normal,12.693682579994201,11.257704734802246,13.279870986938477,0.029467105865478294,-0.0663609504699707,1.941956877708435,0.0663609504699707,0.0,0.5507827997207642,0.0,0.1785638034343719,0.3333231806755066,0.0,0.0734122693538665,0.0,0.0,0.0
normal,12.487435324192047,7.941079616546631,13.279870986938477,0.029467105865478294,-0.0663609504699707,1.941956877708435,0.0663609504699707,0.0,0.3968169093132019,0.0,0.1745963990688324,0.2896664142608642,0.0,3.5,0.0,0.0,0.0
normal,11.713765041430792,3.776672840118408,13.279870986938477,0.05007016658782959,-0.0663609504699707,1.941956877708435,0.0663609504699707,0.0,0.3968169093132019,0.0,0.1349223256111145,0.2043557465076446,0.0,3.5,0.0,0.0,0.0
normal,10.807995225985845,3.6061644554138184,13.279870986938477,0.05102849006652832,-0.0663609504699707,4.064789295196533,0.0663609504699707,0.0,0.3968169093132019,0.0,0.0,0.1745963990688324,0.0,3.5,0.0,0.0,0.0
normal,9.917258888880411,3.6061644554138184,13.279870986938477,0.05102849006652832,-0.0663609504699707,4.409531116485596,0.0663609504699707,0.0,0.4364909827709198,0.0,0.0,0.1745963990688324,0.0,3.5,0.0,0.0,0.0
normal,9.141183919111887,3.6061644554138184,13.256928443908691,0.05102849006652832,-0.0663609504699707,4.409531116485596,0.0663609504699707,0.0,0.5468764305114746,0.0,0.0,0.1745963990688324,0.0,3.5,0.0,0.0,0.0
normal,8.515905632552212,3.6061644554138184,13.13967990875244,0.05102849006652832,-0.0663609504699707,4.409531116485596,0.0663609504699707,0.0,0.5468764305114746,0.0,0.0,0.2658619880676269,0.0,3.5,0.0,0.0,0.0
normal,8.004361375967662,3.6061644554138184,13.02024269104004,0.05102849006652832,-0.0663609504699707,4.409531116485596,0.0663609504699707,0.0,0.5468764305114746,0.0,0.0,0.5156254768371582,0.0,3.5,0.0,0.0,0.0
normal,7.649954280058543,3.6061644554138184,12.509037971496582,0.05102849006652832,-0.0663609504699707,4.409531116485596,0.0663609504699707,0.0,0.5742210149765015,0.0,0.2361064553260803,0.5166020691394806,0.0,3.5,0.0,0.0,0.0
normal,7.45455460468928,3.6061644554138184,11.893994331359863,0.05102849006652832,-0.050070226192474365,4.409531116485596,0.05102849006652832,0.0,0.5820337533950806,0.0,0.44045838713645935,0.5195318460464478,0.0,3.5,0.0,0.0,0.0
normal,7.39893842458725,3.6061644554138184,11.383186340332031,0.05102849006652832,-0.05007004737854004,4.409531116485596,0.05102849006652832,0.0,0.5820337533950806,0.10614338517189023,0.5156254768371582,0.5468764305114746,0.0,3.5,0.10614338517189023,0.0,0.0
normal,7.530144260724385,3.6061644554138184,11.892824172973633,0.05102849006652832,-0.05007004737854004,4.409531116485596,0.05102849006652832,0.0,0.5820337533950806,0.2688375413417816,0.5156254768371582,0.5468764305114746,0.0,3.5,0.2688375413417816,0.0,0.0
normal,8.243975647687911,3.6061644554138184,12.117959976196287,0.05102849006652832,-0.05007004737854004,4.409531116485596,0.05102849006652832,0.0,0.5820337533950806,0.4007843136787414,0.5156254768371582,0.5468764305114746,0.0,0.0,0.4007843136787414,0.0,0.0
normal,9.094055711825689,3.781103372573853,12.192646980285645,0.025873184204101562,-0.05007004737854004,4.409531116485596,0.05007004737854004,0.2380901575088501,0.5820337533950806,0.4007843136787414,0.5156254768371582,0.5468764305114746,0.0,0.0,0.4007843136787414,0.0,0.0
normal,9.902412780920665,4.606687545776367,12.258740425109863,0.008864104747772203,-0.05007004737854004,4.386532306671143,0.05007004737854004,0.3571276068687439,0.5820337533950806,0.4007843136787414,0.5156254768371582,0.5468764305114746,0.0,0.0,0.4007843136787414,0.0,0.0
normal,10.54602866490682,6.270547389984131,12.258740425109863,0.008864104747772203,-0.04911184310913086,2.846095085144043,0.04911184310913086,0.0,0.5820337533950806,0.3809472918510437,0.5156254768371582,0.5244148075580597,0.0,0.0,0.3809472918510437,0.0,0.0
normal,10.98832315683365,7.47231388092041,12.258740425109863,0.008864104747772203,-0.038331240415573176,1.1659886837005615,0.038331240415573176,0.0,0.5820337533950806,0.3809472918510437,0.4761803150177002,0.5244148075580597,0.0,0.0,0.3809472918510437,0.0,0.0
normal,11.259434169133504,8.630613327026367,12.258740425109863,0.008864104747772203,-0.038331240415573176,0.6585787534713745,0.038331240415573176,0.0,0.5820337533950806,0.0,0.3809472918510437,0.5244148075580597,0.0,0.0,0.0,0.0,0.0
normal,11.351762803395589,9.856925010681152,12.258740425109863,0.010301470756530762,-0.0349772572517395,0.1377529203891754,0.0349772572517395,0.0,0.5820337533950806,0.0,0.3809472918510437,0.4801477193832397,0.0,0.0,0.0,0.0,0.0
normal,11.285615248680115,9.428707122802734,12.258740425109863,0.010301470756530762,-0.0349772572517395,0.0483932010829448,0.0349772572517395,0.0,0.5820337533950806,0.0,0.35117650032043457,0.4007843136787414,0.0,0.0,0.0,0.0,0.0
normal,11.143677417437235,9.428707122802734,12.258740425109863,0.010301470756530762,-0.0349772572517395,0.0091036716476082,0.0349772572517395,0.0,0.5195318460464478,0.0,0.24007385969161985,0.3809472918510437,0.0,0.0,0.0,0.0,0.0
normal,10.96448725382487,9.428707122802734,12.258740425109863,0.010301470756530762,-0.0349772572517395,-0.0177282020449638,0.0349772572517395,0.0,0.4761803150177002,0.0,0.186498612165451,0.3809472918510437,0.0,0.0,0.0,0.0,0.0
normal,10.761506212552389,9.428707122802734,12.258740425109863,0.010301470756530762,-0.0349772572517395,-0.0177282020449638,0.0349772572517395,0.0,0.3809472918510437,0.0,0.186498612165451,0.2698293924331665,0.0,0.0,0.0,0.0,0.0
normal,10.563255451520284,9.428707122802734,12.258740425109863,0.017009496688842773,-0.0349772572517395,-0.0443205051124095,0.0349772572517395,0.0,0.3809472918510437,0.0,0.186498612165451,0.2470168173313141,0.0,0.0,0.0,0.0,0.0
normal,10.387465159098307,9.428707122802734,12.25548267364502,0.01940518617630005,-0.0349772572517395,-0.2853282392024994,0.0349772572517395,0.0,0.6406292915344238,0.0,0.186498612165451,0.2470168173313141,0.0,0.0,0.0,0.0,0.0
normal,10.321897365252177,9.428707122802734,11.609064102172852,0.02132177352905268,-0.021800875663757324,-0.0023957029916346,0.021800875663757324,0.0,0.7148503065109253,0.0,0.186498612165451,0.2698293924331665,0.0,0.0,0.0,0.0,0.0
normal,10.323500884373983,9.428707122802734,11.609064102172852,0.02132177352905268,-0.021800875663757324,0.1030152291059494,0.021800875663757324,0.0,0.7148503065109253,0.0,0.186498612165451,0.2698293924331665,0.0,0.0,0.0,0.0,0.0
normal,10.331043715476989,9.428707122802734,11.609064102172852,0.02132177352905268,-0.021800875663757324,0.1049317941069603,0.021800875663757324,0.0,0.7148503065109253,0.0,0.186498612165451,0.2698293924331665,0.0,0.0,0.0,0.0,0.0
normal,10.352875062624614,9.428707122802734,11.609064102172852,0.02132177352905268,-0.021800875663757324,0.1049317941069603,0.021800875663757324,0.0,0.7148503065109253,0.0,0.186498612165451,0.2817316055297851,0.0,0.0,0.0,0.0,0.0
normal,10.48792524178823,9.451141357421877,11.609064102172852,0.02132177352905268,-0.021800875663757324,0.1049317941069603,0.021800875663757324,0.0,0.7148503065109253,0.0,0.2420575618743896,0.3670461177825928,0.0,0.0,0.0,0.0,0.0
normal,10.691628301938374,9.791128158569336,11.93132209777832,0.02132177352905268,-0.008864101022481901,0.1049317941069603,0.02132177352905268,0.0,0.7148503065109253,0.0,0.26784569025039673,0.4732047617435455,0.0,0.0,0.0,0.0,0.0
normal,10.915700845718384,9.939984321594238,12.25000286102295,0.02132177352905268,-0.015572071075439509,0.1049317941069603,0.02132177352905268,0.0,0.7148503065109253,0.0,0.2817316055297851,0.4732047617435455,0.0,0.249192789196968,0.0,0.0,0.0
normal,10.926268010139465,8.500497817993164,12.25000286102295,0.025154881179332803,-0.015572071075439509,0.1049317941069603,0.025154881179332803,0.0,0.7148503065109253,0.0,0.2817316055297851,0.4732047617435455,0.0,0.467578649520874,0.0,0.0,0.0
normal,10.725080242156983,8.004448890686035,12.25000286102295,0.025154881179332803,-0.015572071075439509,0.1049317941069603,0.025154881179332803,0.0,0.7148503065109253,0.0,0.26784569025039673,0.4732047617435455,0.0,0.467578649520874,0.0,0.0,0.0
normal,10.558667136828104,8.004448890686035,12.25000286102295,0.025154881179332803,-0.015572071075439509,0.2994628846645355,0.025154881179332803,0.0,0.8789025545120239,0.0,0.26784569025039673,0.5195318460464478,0.0,0.467578649520874,0.0,0.0,0.0
normal,10.527454818089803,8.004448890686035,12.25000286102295,0.025154881179332803,-0.015572071075439509,0.3025772869586944,0.025154881179332803,0.0,0.886715292930603,0.0,0.2599108815193176,0.5195318460464478,0.0,0.467578649520874,0.0,0.0,0.0
normal,10.473348048528036,8.004448890686035,12.25000286102295,0.025154881179332803,-0.015572071075439509,0.3025772869586944,0.025154881179332803,0.0,0.886715292930603,0.0,0.2599108815193176,0.5195318460464478,0.0,0.467578649520874,0.0,0.0,0.0
normal,10.22780946334203,7.117697238922119,12.25000286102295,0.025154881179332803,-0.015572071075439509,0.3025772869586944,0.025154881179332803,0.0,0.886715292930603,0.0,0.2599108815193176,0.5195318460464478,0.0,0.467578649520874,0.0,0.0,0.0
normal,9.829453380902608,5.6403093338012695,12.25000286102295,0.025154881179332803,-0.015572071075439509,0.3025772869586944,0.025154881179332803,0.0,0.886715292930603,0.0,0.0,0.5009765923023224,0.0,0.467578649520874,0.0,0.0,0.0
normal,9.214617751439413,4.222167015075684,12.25000286102295,0.025154881179332803,-0.015572071075439509,0.3025772869586944,0.025154881179332803,0.0,0.886715292930603,0.0,0.0,0.4335154294967651,0.0,0.467578649520874,0.0,0.0019837021827697,0.0
normal,8.411398748954138,1.7978167533874512,12.25000286102295,0.025154881179332803,-0.015572071075439509,0.3025772869586944,0.025154881179332803,0.0,0.886715292930603,0.0,0.0,0.25693532824516296,0.0,0.467578649520874,0.0,0.0257957726716995,0.0
normal,7.217816028768818,0.0,11.896605491638184,0.025154881179332803,-0.007426679134368924,0.3025772869586944,0.025154881179332803,0.0,0.886715292930603,0.0,0.0,0.0,0.0,0.467578649520874,0.0,0.0595187246799469,0.0
normal,6.211512355093534,0.0,11.500243186950684,0.009343251585960388,-0.007426679134368924,0.3025772869586944,0.009343251585960388,0.0,0.886715292930603,0.0,0.0,0.20336008071899409,0.0,0.3309320509433746,0.0,0.0218283683061599,0.0
normal,5.551680617416277,0.0,11.500243186950684,0.009343251585960388,-0.007426679134368924,0.3025772869586944,0.009343251585960388,0.0,0.886715292930603,0.0,0.0,0.4880825281143188,0.0,0.3309320509433746,0.0,0.0198370367288589,0.0
normal,5.059408541206891,0.0,11.500243186950684,0.0011978447437286932,-0.007426679134368924,0.3025772869586944,0.007426679134368924,0.0,0.886715292930603,0.0,0.0,0.452360600233078,0.0,0.3309320509433746,0.0,0.0198370367288589,0.0
normal,4.494855887576317,0.0,11.407187461853027,0.0,-0.013415932655334473,0.2731101512908935,0.013415932655334473,0.0,0.5234382152557373,0.0,0.0,0.35911130905151367,0.0,0.3309320509433746,0.0,0.0198370367288589,0.0
normal,3.9579075865789006,0.0,9.546222686767578,0.0,-0.026831865310668945,0.0047914059832692,0.026831865310668945,0.0,0.5234382152557373,0.0,0.0,0.35911130905151367,0.0,0.257127583026886,0.0,0.0,0.0
normal,3.5989174792015306,0.0,7.087543487548828,0.0,-0.026831865310668945,-0.0277901552617549,0.026831865310668945,0.0,0.5234382152557373,0.0,0.0396740734577178,0.35911130905151367,0.0,0.1539597809314727,0.0,0.0,0.0
normal,3.3607368311130754,0.0,5.614537239074707,0.0,-0.03066492080688432,-0.0277901552617549,0.03066492080688432,0.0,0.5234382152557373,0.0,0.0396740734577178,0.35911130905151367,0.0,0.1539597809314727,0.0,0.0,0.0
normal,3.0539113270584495,0.0,5.517506122589111,0.0543825626373291,-0.03066492080688432,-0.0277901552617549,0.0543825626373291,0.0,0.5234382152557373,0.0,0.0396740734577178,0.35911130905151367,0.0,0.0654774606227874,0.0,0.0,0.0
normal,2.6923509652757396,0.0,5.517506122589111,0.0543825626373291,-0.03066492080688432,-0.0759437829256057,0.0543825626373291,0.0,0.5234382152557373,0.0,0.0396740734577178,0.35911130905151367,0.0,0.0654774606227874,0.0,0.0,0.0
normal,2.677174946470186,0.0,5.517506122589111,0.0543825626373291,-0.03066492080688432,-0.0759437829256057,0.0543825626373291,0.0,0.5234382152557373,0.0,0.1071352362632751,0.3859065473079681,0.0,0.0,0.0,0.0,0.0
normal,2.8343196229574583,0.0,5.517506122589111,0.0543825626373291,-0.03066492080688432,-0.0759437829256057,0.0543825626373291,0.0,0.6015655994415283,0.0,0.13690602779388425,0.4970091879367828,0.0,0.0,0.0,0.0,0.0
normal,3.033079999728749,0.0,5.517506122589111,0.0543825626373291,-0.03066492080688432,0.5081285834312439,0.0543825626373291,0.0,0.6015655994415283,0.0,0.117053747177124,0.3819391429424286,0.0,0.0,0.0,0.0,0.0
normal,2.8628301192757983,0.0,5.517506122589111,0.0543825626373291,-0.03066492080688432,2.5056657791137695,0.0543825626373291,0.0,0.6015655994415283,0.0,0.0436567366123199,0.2698293924331665,0.0,0.0,0.0,0.0,0.0
normal,2.3579829425550995,0.0,5.517506122589111,0.0543825626373291,-0.03066492080688432,3.0729682445526123,0.0543825626373291,0.0,0.6289101839065552,0.0,0.0436567366123199,0.2856990098953247,0.0,0.0,0.0,0.0,0.0
normal,2.0797703541256487,0.0,5.140643119812012,0.0543825626373291,-0.03066492080688432,3.135496139526367,0.0543825626373291,0.0,0.6367229223251343,0.0,0.087298184633255,0.4761803150177002,0.0,0.0,0.0,0.0,0.0
normal,2.1005150823729735,0.0,5.899078369140625,0.0543825626373291,-0.04384136199951172,3.135496139526367,0.0543825626373291,0.0,0.6367229223251343,0.0,0.2261879444122314,0.5312509536743164,0.0,0.0,0.0,0.0,0.0
normal,2.3500094533897937,0.0,7.017005920410156,0.0543825626373291,-0.0500701926648617,3.135496139526367,0.0543825626373291,0.0,0.6367229223251343,0.0,0.3412579894065857,0.5312509536743164,0.0,0.0,0.0,0.0,0.0
normal,2.90857437118267,0.0,7.555704116821289,0.05198681354522683,-0.0500701926648617,3.135496139526367,0.05198681354522683,0.0,0.6367229223251343,0.14980009198188782,0.3491927981376648,0.5312509536743164,0.0,0.0,0.14980009198188782,0.0,0.0
normal,3.6738565522866944,0.0,7.719235897064209,0.05198681354522683,-0.0500701926648617,3.135496139526367,0.05198681354522683,0.0,0.6367229223251343,0.2182531058788299,0.3491927981376648,0.5312509536743164,0.0,0.0,0.2182531058788299,0.0,0.0
normal,4.447892861366272,0.0,7.866474628448486,0.05198681354522683,-0.0500701926648617,3.135496139526367,0.05198681354522683,0.0,0.6367229223251343,0.1984008252620697,0.317453533411026,0.5312509536743164,0.0,0.0,0.1984008252620697,0.0,0.0
normal,5.089153736879428,0.0,8.187557220458984,0.05198681354522683,-0.0500701926648617,3.135496139526367,0.05198681354522683,0.0,0.6367229223251343,0.1984008252620697,0.2777642011642456,0.5009765923023224,0.0,0.0,0.1984008252620697,0.0,0.0
normal,5.553244074632724,0.0,8.319851875305176,0.05198681354522683,-0.0500701926648617,3.135496139526367,0.05198681354522683,0.0,0.6367229223251343,0.1904660165309906,0.2618945837020874,0.4999885559082031,0.0,0.0,0.1904660165309906,0.0,0.0
normal,6.101427212903897,0.0,8.319851875305176,0.037372976541519165,-0.0500701926648617,3.135496139526367,0.0500701926648617,0.0,0.6367229223251343,0.1904660165309906,0.2618945837020874,0.4999885559082031,0.0,0.0,0.1904660165309906,0.0,0.0
normal,6.820302512844403,1.2289860248565674,8.319851875305176,0.037372976541519165,-0.0500701926648617,3.135496139526367,0.0500701926648617,0.0,0.6367229223251343,0.1944334208965301,0.2618945837020874,0.4722129106521606,0.0,0.0,0.1944334208965301,0.0,0.0
normal,7.3181374255816145,3.926800489425659,8.319851875305176,0.037372976541519165,-0.0500701926648617,3.0998001098632812,0.0500701926648617,0.0,0.5429700613021851,0.16467788815498352,0.2579271793365478,0.3095187246799469,0.0,0.0,0.16467788815498352,0.0,0.0
normal,7.56895307858785,5.9213104248046875,8.319851875305176,0.037372976541519165,-0.0500701926648617,1.0617755651474,0.0500701926648617,0.0,0.5117191076278687,0.1468245387077331,0.2182531058788299,0.2618945837020874,0.0,0.0,0.1468245387077331,0.0,0.0
normal,7.656465388139089,7.029192924499512,8.319851875305176,0.037372976541519165,-0.03928947448730491,0.20171819627285,0.03928947448730491,0.0,0.3610950112342834,0.138889729976654,0.186498612165451,0.2579271793365478,0.0,0.0,0.138889729976654,0.0,0.0
normal,7.648167947133382,7.173230171203613,8.319851875305176,0.037372976541519165,-0.03928947448730491,0.20171819627285,0.03928947448730491,0.0,0.2817316055297851,0.138889729976654,0.1507919430732727,0.24304941296577448,0.0,0.0,0.138889729976654,0.0,0.0
normal,7.616388611793518,7.173230171203613,8.319851875305176,0.037372976541519165,-0.03928947448730491,0.1470961570739746,0.03928947448730491,0.0,0.2896664142608642,0.138889729976654,0.1507919430732727,0.2579271793365478,0.0,0.0,0.138889729976654,0.0,0.0
normal,7.599298535188039,7.173230171203613,8.319851875305176,0.037372976541519165,-0.03713345527648948,0.1470961570739746,0.037372976541519165,0.0,0.2896664142608642,0.138889729976654,0.1507919430732727,0.2539597749710083,0.0,0.0,0.138889729976654,0.0,0.0
normal,7.572966207663218,7.173230171203613,8.319851875305176,0.037372976541519165,-0.021800905466079712,0.1470961570739746,0.037372976541519165,0.0,0.2896664142608642,0.138889729976654,0.1507919430732727,0.2341227531433105,0.0,0.0,0.138889729976654,0.0,0.0
normal,7.556538854440054,7.173230171203613,8.196767807006836,0.037372976541519165,-0.021800905466079712,0.1470961570739746,0.037372976541519165,0.0,0.2896664142608642,0.138889729976654,0.18451490998268125,0.2539597749710083,0.0,0.0,0.138889729976654,0.0,0.0
normal,7.62628133614858,7.173230171203613,8.517355918884277,0.02012389898300171,-0.021800905466079712,0.1470961570739746,0.021800905466079712,0.0555589497089386,0.2896664142608642,0.1428571343421936,0.230155348777771,0.2579271793365478,0.0,0.0,0.1428571343421936,0.0,0.0
normal,7.747549406687418,7.173230171203613,8.801395416259766,0.02012389898300171,-0.0174886311870068,0.1470961570739746,0.02012389898300171,0.1071352362632751,0.2896664142608642,0.1428571343421936,0.230155348777771,0.2579271793365478,0.0,0.0,0.1428571343421936,0.0,0.0
normal,7.87380405108134,7.173230171203613,8.906993865966797,0.02012389898300171,-0.0174886311870068,0.1470961570739746,0.02012389898300171,0.1071352362632751,0.2896664142608642,0.1428571343421936,0.230155348777771,0.2579271793365478,0.0,0.0,0.1428571343421936,0.0,0.0
normal,8.019780084292094,7.173230171203613,9.013189315795898,0.0141346491873265,-0.0174886311870068,0.1470961570739746,0.0174886311870068,0.1071352362632751,0.2896664142608642,0.1984008252620697,0.230155348777771,0.2579271793365478,0.0,0.0,0.1984008252620697,0.0,0.0
normal,8.188500808080038,7.173230171203613,9.120166778564451,0.0141346491873265,-0.0174886311870068,0.1470961570739746,0.0174886311870068,0.1071352362632751,0.2896664142608642,0.1984008252620697,0.230155348777771,0.2579271793365478,0.0,0.0,0.1984008252620697,0.0,0.0
normal,8.383325635592143,7.1822590827941895,9.21552562713623,0.0141346491873265,-0.0174886311870068,0.1470961570739746,0.0174886311870068,0.186498612165451,0.2896664142608642,0.1984008252620697,0.230155348777771,0.2579271793365478,0.0,0.0,0.1984008252620697,0.0,0.0
normal,8.57415241877238,7.495166778564453,9.258627891540527,0.011259803548455297,-0.0174886311870068,0.1106814816594123,0.0174886311870068,0.1706289947032928,0.2579271793365478,0.1984008252620697,0.1984008252620697,0.2579271793365478,0.0,0.0,0.1984008252620697,0.0,0.0
normal,8.74037432750066,7.698419570922852,9.260879516601562,0.011259803548455297,-0.03713339567184448,0.1217017099261283,0.03713339567184448,0.1666615903377533,0.2579271793365478,0.1904660165309906,0.1984008252620697,0.2579271793365478,0.0,0.0,0.1904660165309906,0.0,0.0
normal,8.888000087738037,7.885800361633301,9.260879516601562,0.011259803548455297,-0.03713339567184448,0.1217017099261283,0.03713339567184448,0.1507919430732727,0.2579271793365478,0.1855067610740661,0.1984008252620697,0.2579271793365478,0.0,0.0,0.1855067610740661,0.0,0.0
normal,9.001693251927694,8.20207405090332,9.260879516601562,0.01748847961425737,-0.03713339567184448,0.1217017099261283,0.03713339567184448,0.1468245387077331,0.2579271793365478,0.1706289947032928,0.1984008252620697,0.1984008252620697,0.0,0.0,0.1706289947032928,0.0,0.0
normal,9.074837746620178,8.522744178771973,9.260879516601562,0.024915337562561035,-0.03713339567184448,0.1217017099261283,0.03713339567184448,0.0,0.2579271793365478,0.1547593474388122,0.186498612165451,0.1984008252620697,0.0,0.0,0.1547593474388122,0.0,0.0
normal,9.07155037720998,8.271245002746582,9.260879516601562,0.024915337562561035,-0.03713339567184448,0.1217017099261283,0.03713339567184448,0.0,0.1984008252620697,0.1507919430732727,0.1706289947032928,0.1984008252620697,0.0,0.0,0.1507919430732727,0.0,0.0
normal,8.980386089483897,7.624654293060303,9.260879516601562,0.024915337562561035,-0.03713339567184448,0.1217017099261283,0.03713339567184448,0.0,0.1984008252620697,0.1468245387077331,0.1666615903377533,0.1984008252620697,0.0,0.029763177037239,0.1468245387077331,0.0,0.0
normal,8.715354120731353,4.120772361755371,9.260879516601562,0.042403943836688995,-0.03713339567184448,0.1217017099261283,0.042403943836688995,0.0,0.1984008252620697,0.0,0.1507919430732727,0.1835230588912964,0.0,0.520314633846283,0.0,0.0,0.0
normal,7.922699290712674,0.0,9.260879516601562,0.07043373584747314,-0.03713339567184448,1.562717080116272,0.07043373584747314,0.0,0.1984008252620697,0.0,0.1468245387077331,0.1706289947032928,0.0,0.5964888334274292,0.0,0.0,0.0
normal,7.005415522058805,0.0,9.260879516601562,0.07043373584747314,-0.03713339567184448,2.035149574279785,0.07043373584747314,0.0,0.186498612165451,0.0,0.0,0.1547593474388122,0.0,0.5964888334274292,0.0,0.0,0.0
normal,6.081538593523825,0.0,9.260879516601562,0.07043373584747314,-0.03713339567184448,2.0555131435394287,0.07043373584747314,0.0,0.4087191224098205,0.0,0.0,0.1507919430732727,0.0,0.5964888334274292,0.0,0.0,0.0
normal,5.277892820391183,0.0,9.259624481201172,0.07043373584747314,-0.03689384460449241,2.0555131435394287,0.07043373584747314,0.0,0.5742210149765015,0.0,0.0,0.1507919430732727,0.0,0.5964888334274292,0.0,0.0,0.0
normal,4.718255796783294,0.0,9.213998794555664,0.07043373584747314,-0.0241965651512146,2.0555131435394287,0.07043373584747314,0.0,0.578127384185791,0.0,0.0,0.1507919430732727,0.0,0.5964888334274292,0.0,0.0,0.0
normal,4.376821080399677,0.0,9.137895584106444,0.07043373584747314,-0.0241965651512146,2.0555131435394287,0.07043373584747314,0.0,0.578127384185791,0.0,0.0,0.5087893307209015,0.0,0.5964888334274292,0.0,0.0,0.0
normal,4.156851807786151,0.0,8.986090660095215,0.07043373584747314,-0.0241965651512146,2.0555131435394287,0.07043373584747314,0.0,0.578127384185791,0.0,0.0,0.5087893307209015,0.0,0.5964888334274292,0.0,0.0,0.0
normal,4.074676666610563,0.0,8.258930206298828,0.07043373584747314,-0.0241965651512146,2.0555131435394287,0.07043373584747314,0.0,0.578127384185791,0.0,0.3531602025032043,0.5087893307209015,0.0,0.5964888334274292,0.0,0.0,0.0
normal,4.120296155167743,0.0,8.564774513244629,0.07043373584747314,-0.03617513179779053,2.0555131435394287,0.07043373584747314,0.0,0.578127384185791,0.0,0.3531602025032043,0.5087893307209015,0.0,0.5964888334274292,0.0,0.0,0.0
normal,4.36628568604899,0.0,8.97867202758789,0.07043373584747314,-0.03617513179779053,2.0555131435394287,0.07043373584747314,0.0,0.578127384185791,0.094241164624691,0.3531602025032043,0.5087893307209015,0.0,0.5964888334274292,0.094241164624691,0.0,0.0
normal,5.167310058825339,0.0,9.289887428283691,0.017728209495544434,-0.03617513179779053,2.0555131435394287,0.03617513179779053,0.0,0.578127384185791,0.2103182971477508,0.3531602025032043,0.5087893307209015,0.0,0.0575350224971771,0.2103182971477508,0.0,0.0
normal,6.103309876673545,0.0,9.386724472045898,0.015572071075439453,-0.03617513179779053,2.0555131435394287,0.03617513179779053,0.0,0.578127384185791,0.2103182971477508,0.3531602025032043,0.5087893307209015,0.0,0.0,0.2103182971477508,0.0,0.0
normal,7.03190869152546,0.1391962617635727,9.386724472045898,0.04743492603302002,-0.03617513179779053,2.0555131435394287,0.04743492603302002,0.1031678318977356,0.578127384185791,0.1984008252620697,0.34324169158935547,0.5087893307209015,0.0,0.0,0.1984008252620697,0.0,0.0
normal,7.8152655553817745,2.4419829845428467,9.386724472045898,0.06180906295776367,-0.03617513179779053,1.5996109247207642,0.06180906295776367,0.0912655889987945,0.578127384185791,0.1537674963474273,0.24800866842269895,0.4483931958675384,0.0,0.0,0.1537674963474273,0.0,0.0
normal,8.322824672063192,4.862150192260742,9.386724472045898,0.06180906295776367,-0.03617513179779053,0.4563814103603363,0.06180906295776367,0.0912655889987945,0.578127384185791,0.1269875168800354,0.2103182971477508,0.3769798874855041,0.0,0.0,0.1269875168800354,0.0,0.0
normal,8.587080776691437,6.4156575202941895,9.386724472045898,0.06180906295776367,-0.04695582389831543,0.4355387985706329,0.06180906295776367,0.0912655889987945,0.4563280045986175,0.0912655889987945,0.1944334208965301,0.2658619880676269,0.0,0.0,0.0912655889987945,0.0,0.0
normal,8.710932069619497,7.388254165649414,9.386724472045898,0.06180906295776367,-0.04695582389831543,0.4355387985706329,0.06180906295776367,0.0912655889987945,0.452360600233078,0.0912655889987945,0.1269875168800354,0.2152775526046753,0.0,0.0,0.0912655889987945,0.0,0.0
normal,8.720758864879608,7.789628505706787,9.386724472045898,0.06180906295776367,-0.04695582389831543,0.4355387985706329,0.06180906295776367,0.0912655889987945,0.3412579894065857,0.0912655889987945,0.10118412971496579,0.1984008252620697,0.0,0.0,0.0912655889987945,0.0,0.0
normal,8.635060455799103,7.258088111877441,9.386724472045898,0.06180906295776367,-0.04695582389831543,0.4355387985706329,0.06180906295776367,0.0912655889987945,0.2460249662399292,0.0912655889987945,0.0912655889987945,0.1517837941646576,0.0,0.0,0.0912655889987945,0.0,0.0
normal,8.453865027427673,6.716935634613037,9.386724472045898,0.06180906295776367,-0.04695582389831543,0.4355387985706329,0.06180906295776367,0.0912655889987945,0.2103182971477508,0.0912655889987945,0.0912655889987945,0.1269875168800354,0.0,0.0,0.0912655889987945,0.0,0.0
normal,8.20130364259084,6.5922441482543945,9.386724472045898,0.06180906295776367,-0.04695582389831543,0.4355387985706329,0.06180906295776367,0.0912655889987945,0.1984008252620697,0.0912655889987945,0.0912655889987945,0.1269875168800354,0.0,0.0,0.0912655889987945,0.0,0.0
normal,7.93329223394394,6.5922441482543945,9.35423183441162,0.06731927394866921,-0.04695582389831543,0.5850306749343872,0.06731927394866921,0.0912655889987945,0.1984008252620697,0.0912655889987945,0.0912655889987945,0.15575120598077768,0.0,0.0,0.0912655889987945,0.0,0.0
normal,7.666688752969106,6.587669849395752,9.197905540466309,0.06731927394866921,-0.04695582389831543,0.6976287364959717,0.06731927394866921,0.0912655889987945,0.1984008252620697,0.0912655889987945,0.0912655889987945,0.1745963990688324,0.0,0.0,0.0912655889987945,0.0,0.0
normal,7.425972843964894,6.583005428314209,8.90656566619873,0.06731927394866921,-0.04695582389831543,0.6976287364959717,0.06731927394866921,0.0912655889987945,0.416653960943222,0.0912655889987945,0.0912655889987945,0.1745963990688324,0.0,0.0,0.0912655889987945,0.0,0.0
normal,7.270102836290995,6.583005428314209,8.551831245422363,0.06731927394866921,-0.04695582389831543,0.6976287364959717,0.06731927394866921,0.0912655889987945,0.416653960943222,0.0912655889987945,0.1745963990688324,0.1984008252620697,0.0,0.0,0.0912655889987945,0.0,0.0
normal,7.169109191894531,6.583005428314209,8.255623817443848,0.06731927394866921,-0.04096674919128418,0.6976287364959717,0.06731927394866921,0.0912655889987945,0.416653960943222,0.0912655889987945,0.1745963990688324,0.1984008252620697,0.0,0.0,0.0912655889987945,0.0,0.0
normal,7.091988385518392,6.583005428314209,8.0196533203125,0.06731927394866921,-0.04096674919128418,0.6976287364959717,0.06731927394866921,0.0912655889987945,0.416653960943222,0.1577349230647087,0.186498612165451,0.2103182971477508,0.0,0.0,0.1577349230647087,0.0,0.0
normal,7.026747795740763,6.583005428314209,7.78286075592041,0.06731927394866921,-0.04096674919128418,0.6976287364959717,0.06731927394866921,0.0,0.416653960943222,0.1745963990688324,0.186498612165451,0.2103182971477508,0.0,0.0,0.1745963990688324,0.0,0.0
normal,6.944939288298289,6.434050559997559,7.423935890197754,0.06731927394866921,-0.04096674919128418,0.6976287364959717,0.06731927394866921,0.0,0.416653960943222,0.1745963990688324,0.186498612165451,0.2103182971477508,0.0,0.0,0.1745963990688324,0.0,0.0
normal,6.873431429068248,6.0747456550598145,7.423935890197754,0.06731927394866921,-0.04096674919128418,0.8698797821998596,0.06731927394866921,0.0,0.416653960943222,0.1745963990688324,0.186498612165451,0.2103182971477508,0.0,0.0,0.1745963990688324,0.0,0.0
normal,6.8051818241062065,5.797857761383057,7.423935890197754,0.14302349090576216,-0.021321773529052734,4.93275260925293,0.14302349090576216,0.0,0.416653960943222,0.0,0.1745963990688324,0.2103182971477508,0.0,0.0,0.0,0.0,0.0
normal,6.724892516136169,5.763433456420898,7.423935890197754,0.14302349090576216,-0.03881025314331055,5.8076629638671875,0.14302349090576216,0.0,0.416653960943222,0.0,0.1745963990688324,0.2499923706054687,0.0,0.0,0.0,0.0,0.0
normal,6.715189326604207,5.763433456420898,7.423935890197754,0.14302349090576216,-0.09199500083923384,5.8076629638671875,0.14302349090576216,0.0,0.5273445844650269,0.0,0.186498612165451,0.273796796798706,0.0,0.0,0.0,0.0,0.0
normal,6.819127805233002,5.763433456420898,8.335160255432129,0.14302349090576216,-0.09870302677154497,5.8076629638671875,0.14302349090576216,0.0,0.535157322883606,0.0,0.2083269655704498,0.3095187246799469,0.0,0.0,0.0,0.0,0.0
normal,7.011917400360107,5.763433456420898,9.819867134094238,0.14302349090576216,-0.09870302677154497,5.8076629638671875,0.14302349090576216,0.0,0.5937528610229492,0.0,0.2083269655704498,0.3710173368453979,0.0,0.0,0.0,0.0,0.0
normal,7.295583128929138,5.763433456420898,10.54960823059082,0.14302349090576216,-0.09870302677154497,5.8076629638671875,0.14302349090576216,0.0,0.5937528610229492,0.0,0.2103182971477508,0.5156254768371582,0.0,0.0,0.0,0.0,0.0
normal,7.612225543657939,5.763433456420898,10.645121574401855,0.14302349090576216,-0.09870302677154497,5.8076629638671875,0.14302349090576216,0.0,0.5937528610229492,0.0,0.2103182971477508,0.5156254768371582,0.0,0.0,0.0,0.0,0.0
normal,7.879491748015086,5.763433456420898,10.645121574401855,0.14302349090576216,-0.09870302677154497,5.8076629638671875,0.14302349090576216,0.0,0.5937528610229492,0.0,0.17658010125160215,0.5156254768371582,0.0,0.0,0.0,0.0,0.0
normal,8.13656136671702,5.763433456420898,10.645121574401855,0.14302349090576216,-0.09870302677154497,5.8076629638671875,0.14302349090576216,0.0,0.5937528610229492,0.0,0.17658010125160215,0.5156254768371582,0.0,0.0,0.0,0.0,0.0
normal,8.389821096261342,5.763433456420898,10.645121574401855,0.14302349090576216,-0.09870302677154497,5.8076629638671875,0.14302349090576216,0.0,0.5937528610229492,0.0,0.24800866842269895,0.5156254768371582,0.0,0.0,0.0,0.0,0.0
normal,8.731957707746256,5.763433456420898,10.645121574401855,0.06947565078735352,-0.09870302677154497,5.8076629638671875,0.09870302677154497,0.0,0.6210974454879761,0.0119022130966186,0.317453533411026,0.5312509536743164,0.0,0.0,0.0119022130966186,0.0,0.0
normal,9.189159384568532,6.149865627288818,10.645121574401855,0.02587360143661499,-0.09870302677154497,5.542938232421875,0.09870302677154497,0.0,0.6210974454879761,0.0148777663707733,0.3690298199653625,0.5312509536743164,0.0,0.0,0.0148777663707733,0.0,0.0
normal,9.597982410589854,7.048700332641602,10.645121574401855,0.02587360143661499,-0.09870302677154497,2.094563245773315,0.09870302677154497,0.0,0.6210974454879761,0.0148777663707733,0.2579271793365478,0.5312509536743164,0.0,0.0,0.0148777663707733,0.0,0.0
normal,9.856847693125406,8.357576370239258,10.645121574401855,0.02587360143661499,-0.011259801685810103,1.1226264238357544,0.02587360143661499,0.0,0.6210974454879761,0.0,0.1984008252620697,0.5087893307209015,0.0,0.0,0.0,0.0,0.0
normal,9.909480514526367,8.6827974319458,10.645121574401855,0.02587360143661499,-0.011259801685810103,1.2845759391784668,0.02587360143661499,0.0,0.6210974454879761,0.0,0.057542651891708346,0.3660542666912079,0.0,0.0238120704889297,0.0,0.0,0.0
normal,9.763273367881775,8.300002098083496,10.645121574401855,0.02587360143661499,-0.0716315135359764,1.2845759391784668,0.0716315135359764,0.0,0.6210974454879761,0.0,0.0,0.2222205400466919,0.0,0.0337305814027786,0.0,0.0,0.0
normal,9.489329473177593,7.232375621795654,10.640752792358398,0.02587360143661499,-0.0716315135359764,1.2845759391784668,0.0716315135359764,0.0,0.6210974454879761,0.0,0.0,0.1984008252620697,0.0,0.0753959715366363,0.0,0.0,0.0
normal,9.153398642539978,5.863851070404053,10.640752792358398,0.02587360143661499,-0.0716315135359764,1.2845759391784668,0.0716315135359764,0.0,0.6210974454879761,0.0,0.0,0.1984008252620697,0.0,0.2095187306404113,0.0,0.0,0.0
normal,8.59825932711363,0.5218237638473511,10.640752792358398,0.03330039978027344,-0.0716315135359764,1.2845759391784668,0.0716315135359764,0.0,0.6210974454879761,0.0,0.0,0.1984008252620697,0.0,0.3904660046100616,0.0,0.0,0.0
normal,7.72188825721542,0.0,10.640752792358398,0.03330039978027344,-0.0716315135359764,1.2845759391784668,0.0716315135359764,0.0,0.6210974454879761,0.0,0.0,0.19542527198791498,0.0,0.3904660046100616,0.0,0.0,0.0
normal,6.782229194194079,0.0,10.640752792358398,0.03330039978027344,-0.0716315135359764,1.2845759391784668,0.0716315135359764,0.0,0.6210974454879761,0.0,0.0,0.0,0.0,0.3904660046100616,0.0,0.0,0.0
normal,5.740539709279934,0.0,10.640752792358398,0.03330039978027344,-0.0716315135359764,1.2845759391784668,0.0716315135359764,0.0,0.2222205400466919,0.0,0.0,0.0,0.0,0.3904660046100616,0.0,0.0,0.0
normal,4.678971838504076,0.0,10.582335472106934,0.03330039978027344,-0.0716315135359764,1.2845759391784668,0.0716315135359764,0.0,0.0634937584400177,0.0,0.0,0.0,0.0,0.3904660046100616,0.0,0.0,0.0
normal,3.651191575874885,0.0,9.952529907226562,0.03330039978027344,-0.0716315135359764,1.2845759391784668,0.0716315135359764,0.0,0.0,0.0,0.0,0.0,0.0,0.3904660046100616,0.0,0.0,0.0
normal,2.689489998370409,0.0,9.23151969909668,0.03330039978027344,-0.0716315135359764,1.2845759391784668,0.0716315135359764,0.0,0.0,0.0,0.0,0.0,0.0,0.3904660046100616,0.0,0.0,0.0
normal,1.8124163035055,0.0,8.283693313598633,0.03330039978027344,-0.05174718797206879,-0.2287896424531936,0.05174718797206879,0.0,0.0,0.0,0.0,0.0,0.0,0.3904660046100616,0.0,0.0,0.0
normal,1.0338774708410103,0.0,7.211616039276123,0.03330039978027344,-0.026113152503967507,-0.9525315165519714,0.03330039978027344,0.0,0.0,0.0,0.0,0.0,0.0,0.3904660046100616,0.0,0.0,0.0
normal,0.3756247738500436,0.0,5.830245018005371,0.03330039978027344,-0.009582817554473766,-0.9525315165519714,0.03330039978027344,0.0,0.0,0.0,0.0,0.0,0.0,0.3904660046100616,0.0,0.0,0.0
normal,0.0012335577110449472,0.0,0.3842673897743225,0.029227495193481445,-0.009582817554473766,-0.9525315165519714,0.029227495193481445,0.0,0.0,0.0,0.0,0.0,0.0,0.269029825925827,0.0,0.0,0.0
normal,0.007331413521120946,0.0,0.5399895310401917,0.005989253520965465,-0.009582817554473766,-0.9575625061988832,0.009582817554473766,0.0,0.4880825281143188,0.0,0.0,0.0,0.0,0.0,0.0,0.0,0.0
normal,0.19618017464255294,0.0,3.2545032501220703,0.022280007600784302,-0.00023961067199718133,-0.3006607294082641,0.022280007600784302,0.0,0.6054719686508179,0.0,0.0,0.0,0.0,0.0,0.0,0.0,0.0
normal,0.6506696628468732,0.0,5.62998104095459,0.0297067165374756,0.0,0.3183889389038086,0.0297067165374756,0.0,0.6054719686508179,0.0,0.0,0.2708212435245514,0.0,0.0,0.0,0.0,0.0
normal,1.2701906807161867,0.0,6.585574150085449,0.035935550928115845,0.0,1.5615192651748655,0.035935550928115845,0.0,0.6054719686508179,0.0,0.0,0.4444257915019989,0.0,0.0,0.0,0.0,0.0
normal,1.9451520441907149,0.0,6.857640266418457,0.035935550928115845,-0.0014374256134033203,1.75437331199646,0.035935550928115845,0.0,0.6054719686508179,0.0,0.0,0.4444257915019989,0.0,0.0,0.0,0.0,0.0
normal,2.63666263728713,0.0,6.936155796051025,0.035935550928115845,-0.025154948234558105,1.75437331199646,0.035935550928115845,0.0,0.6054719686508179,0.0,0.186498612165451,0.4444257915019989,0.0,0.0,0.0,0.0,0.0
normal,3.3193306301968795,0.0,6.936155796051025,0.035935550928115845,-0.029227614402770996,1.75437331199646,0.035935550928115845,0.0,0.6054719686508179,0.0,0.186498612165451,0.4444257915019989,0.0,0.0,0.0,0.0,0.0
normal,3.9634002668596806,0.0,6.936155796051025,0.035935550928115845,-0.029227614402770996,1.75437331199646,0.035935550928115845,0.0,0.6054719686508179,0.0,0.186498612165451,0.4444257915019989,0.0,0.0,0.0,0.0,0.0
normal,4.572738853984823,0.0,6.936155796051025,0.035935550928115845,-0.029227614402770996,1.75437331199646,0.035935550928115845,0.0,0.6054719686508179,0.0,0.186498612165451,0.4444257915019989,0.0,0.0,0.0,0.0,0.0
normal,5.1567711709874375,0.0,6.936155796051025,0.035935550928115845,-0.029227614402770996,1.75437331199646,0.035935550928115845,0.0,0.6054719686508179,0.0,0.186498612165451,0.4444257915019989,0.0,0.0,0.0,0.0,0.0
normal,5.712503455281258,0.5778968334197998,6.936155796051025,0.035935550928115845,-0.029227614402770996,1.75437331199646,0.035935550928115845,0.0,0.6054719686508179,0.0,0.1428571343421936,0.4017761647701263,0.0,0.0,0.0,0.0,0.0
normal,6.020120531320572,3.30063796043396,6.936155796051025,0.035935550928115845,-0.029227614402770996,1.75437331199646,0.035935550928115845,0.0,0.6054719686508179,0.0,0.0277718305587768,0.1984008252620697,0.0,0.0,0.0,0.0,0.0
normal,5.976570047140122,3.801114082336426,6.936155796051025,0.035935550928115845,-0.029227614402770996,1.75437331199646,0.035935550928115845,0.0,0.5,0.0,0.0,0.17162084579467768,0.0,0.0,0.0,0.0,0.0
normal,5.612467597275972,0.0,6.936155796051025,0.013176441192626953,-0.029227614402770996,1.75437331199646,0.029227614402770996,0.0,0.2618945837020874,0.0,0.0,0.06448560953140257,0.0,0.0,0.0,0.0,0.0
normal,4.937506233801444,0.0,6.936155796051025,0.009343244135379791,-0.029227614402770996,1.75437331199646,0.029227614402770996,0.0,0.1944334208965301,0.0,0.0,0.0,0.0,0.0,0.0,0.0,0.0
normal,4.245995640705029,0.0,6.921649932861328,0.009343244135379791,-0.029227614402770996,1.046682596206665,0.029227614402770996,0.0,0.1428571343421936,0.0,0.0,0.0,0.0,0.0,0.0,0.0,0.0
normal,3.5633276477952798,0.0,6.645567417144775,0.009343244135379791,-0.01988433301448829,0.2750267088413238,0.01988433301448829,0.0,0.0357066690921783,0.0,0.0,0.0,0.0,0.0,0.0,0.0,0.0
normal,2.9192580111324786,0.0,6.249334812164307,0.009343244135379791,-0.01988433301448829,0.2108218669891357,0.01988433301448829,0.0,0.0357066690921783,0.0,0.0,0.0,0.0,0.0,0.0,0.0,0.0
normal,2.309919424007336,0.0,5.944818019866943,0.009343244135379791,-0.0107806622982025,-0.0606112852692604,0.0107806622982025,0.0,0.0357066690921783,0.0,0.0,0.0,0.0,0.0,0.0,0.0,0.0
normal,1.725887107004722,0.0,5.740449905395508,0.009343244135379791,-0.00023956596851348877,-0.0742667913436889,0.009343244135379791,0.0,0.0,0.0,0.0,0.0,0.0,0.0,0.0,0.0,0.0
normal,1.1628234091897804,0.0,5.419809818267822,0.0,0.0,-0.0742667913436889,0.0,0.0,0.0,0.0,0.0,0.0,0.0,0.0,0.0,0.0,0.0
normal,0.6663575720290343,0.0,4.48907995223999,0.0,0.0,-0.0742667913436889,0.0,0.0,0.0,0.0,0.0,0.0,0.0,0.0,0.0,0.0,0.0
normal,0.25541856800516444,0.0,3.792773962020874,0.0,0.0,-0.0742667913436889,0.0,0.0,0.0,0.0,0.0,0.0,0.0,0.0,0.0,0.0,0.0
normal,0.0038510578249891583,0.0,0.3689339756965637,0.0,0.0,-0.0742667913436889,0.0,0.0,0.4483931958675384,0.0,0.0,0.0,0.0,0.0,0.0,0.0,0.0
normal,0.1636142426605026,0.0,2.8474955558776855,0.0,0.0,-0.0742667913436889,0.0,0.0,0.5585955381393433,0.0,0.0,0.0,0.0,0.0,0.0,0.0,0.0
normal,0.5736022084827225,0.0,5.255156993865967,0.0,0.0,-0.0742667913436889,0.0,0.0,0.5585955381393433,0.0,0.0,0.15475935488939285,0.0,0.0,0.0,0.0,0.0
normal,1.180677228954931,0.0,6.742212772369385,0.0,0.0,-0.0742667913436889,0.0,0.0,0.5585955381393433,0.0,0.0,0.5390636920928955,0.0,0.0,0.0,0.0,0.0
normal,1.9220922098432978,0.0,8.058493614196777,0.0,0.0,-0.0742667913436889,0.0,0.0,0.5585955381393433,0.0,0.0,0.5390636920928955,0.0,0.0,0.0,0.0,0.0
normal,2.7950135336195427,0.0,9.377569198608398,0.0,0.0,-0.0742667913436889,0.0,0.0,0.5585955381393433,0.0,0.4483931958675384,0.5390636920928955,0.0,0.0,0.0,0.0,0.0
normal,3.785359785743058,0.0,10.24663257598877,0.0,0.0,-0.0742667913436889,0.0,0.0,0.5585955381393433,0.0,0.5273445844650269,0.5390636920928955,0.0,0.0,0.0,0.0,0.0
normal,4.813881762214005,0.0,10.336518287658691,0.013895079493522595,0.0,0.1202642917633056,0.013895079493522595,0.0,0.5585955381393433,0.0833307802677154,0.5273445844650269,0.5390636920928955,0.0,0.0,0.0833307802677154,0.0,0.0
normal,5.844768509256343,0.0,10.371158599853516,0.013895079493522595,-0.0074266791343688965,0.1202642917633056,0.013895079493522595,0.0,0.5585955381393433,0.2182531058788299,0.5273445844650269,0.5390636920928955,0.0,0.0,0.2182531058788299,0.0,0.0
normal,6.880856427537898,0.0,10.393609046936035,0.013895079493522595,-0.0074266791343688965,0.1202642917633056,0.013895079493522595,0.0,0.5585955381393433,0.2182531058788299,0.5273445844650269,0.5390636920928955,0.0,0.0,0.2182531058788299,0.0,0.0
normal,7.897579659670591,0.4033579230308532,10.393609046936035,0.013895079493522595,-0.0074266791343688965,0.1202642917633056,0.013895079493522595,0.0833307802677154,0.5585955381393433,0.2013763785362243,0.5273445844650269,0.5390636920928955,0.0,0.0,0.2013763785362243,0.0,0.0
normal,8.76152863462766,2.890068769454956,10.393609046936035,0.013895079493522595,-0.0074266791343688965,0.1202642917633056,0.013895079493522595,0.0833307802677154,0.5585955381393433,0.186498612165451,0.36109501123428345,0.535157322883606,0.0,0.0,0.186498612165451,0.0,0.0
normal,9.392371563911437,5.289453506469727,10.48479461669922,0.013895079493522595,-0.0074266791343688965,0.1202642917633056,0.013895079493522595,0.0833307802677154,0.5390636920928955,0.186498612165451,0.2380901575088501,0.535157322883606,0.0,0.0,0.186498612165451,0.0,0.0
normal,9.84606912612915,6.7642998695373535,10.731295585632324,0.018207342363894,-0.0074266791343688965,0.1202642917633056,0.018207342363894,0.0833307802677154,0.5390636920928955,0.186498612165451,0.2380901575088501,0.5273445844650269,0.0,0.0,0.186498612165451,0.0,0.0
normal,10.188871793746948,8.08038330078125,10.94430160522461,0.020363464951515198,-0.0074266791343688965,0.4925565421581268,0.020363464951515198,0.0833307802677154,0.535157322883606,0.186498612165451,0.2380901575088501,0.3015839159488678,0.0,0.0,0.186498612165451,0.0,0.0
normal,10.414985961914063,9.399654388427734,11.022261619567873,0.02132171392440796,-0.0074266791343688965,1.240974187850952,0.02132171392440796,0.0833307802677154,0.5273445844650269,0.186498612165451,0.2222205400466919,0.2936490774154663,0.0,0.0,0.186498612165451,0.0,0.0
normal,10.528570620218913,10.154020309448242,11.051931381225586,0.02132171392440796,-0.012218117713928223,1.240974187850952,0.02132171392440796,0.0833307802677154,0.3571276068687439,0.186498612165451,0.2182531058788299,0.2460249662399292,0.0,0.0,0.186498612165451,0.0,0.0
normal,10.605358324050904,10.154020309448242,11.061137199401855,0.02132171392440796,-0.014374136924743652,1.240974187850952,0.02132171392440796,0.1071352362632751,0.3015839159488678,0.1944334208965301,0.2182531058788299,0.2420575618743896,0.0,0.0,0.1944334208965301,0.0,0.0
normal,10.664668113390604,10.154020309448242,11.061137199401855,0.02132171392440796,-0.014374136924743652,1.240974187850952,0.02132171392440796,0.0555589497089386,0.3015839159488678,0.14980009198188782,0.2182531058788299,0.2380901575088501,0.0,0.0,0.14980009198188782,0.0,0.0
normal,10.68474970181783,10.154020309448242,11.061137199401855,0.02132171392440796,-0.014374136924743652,1.2467238903045654,0.02132171392440796,0.0396740734577178,0.3015839159488678,0.1150700449943542,0.2182531058788299,0.2380901575088501,0.0,0.0,0.1150700449943542,0.0,0.0
normal,10.67355397383372,9.87790870666504,11.061137199401855,0.02132171392440796,-0.014374136924743652,1.463774561882019,0.02132171392440796,0.0396740734577178,0.3015839159488678,0.10614338517189023,0.2182531058788299,0.2380901575088501,0.0,0.0,0.10614338517189023,0.0,0.0
normal,10.621418552398682,9.64985179901123,11.061137199401855,0.02132171392440796,-0.014374136924743652,1.5033036470413208,0.02132171392440796,0.0396740734577178,0.3015839159488678,0.0674611628055572,0.2142857015132904,0.2380901575088501,0.0,0.0,0.0674611628055572,0.0,0.0
normal,10.56443661848704,9.64985179901123,11.061137199401855,0.02132171392440796,-0.014374136924743652,1.5033036470413208,0.02132171392440796,0.0396740734577178,0.329355776309967,0.0674611628055572,0.2182531058788299,0.273796796798706,0.0,0.0,0.0674611628055572,0.0,0.0
normal,10.525408967336018,9.64985179901123,11.061137199401855,0.02132171392440796,-0.014374136924743652,1.5033036470413208,0.02132171392440796,0.0396740734577178,0.329355776309967,0.0674611628055572,0.2182531058788299,0.2708212435245514,0.0,0.0,0.0674611628055572,0.0,0.0
normal,10.491117046674093,9.64985179901123,11.061137199401855,0.02132171392440796,-0.017728209495544434,1.5033036470413208,0.02132171392440796,0.0396740734577178,0.329355776309967,0.0674611628055572,0.2142857015132904,0.2222205400466919,0.0,0.0,0.0674611628055572,0.0,0.0
normal,10.432628153165181,9.64985179901123,11.061137199401855,0.020842552185058594,-0.02132171392440796,1.5033036470413208,0.02132171392440796,0.0,0.329355776309967,0.0674611628055572,0.1785638034343719,0.2182531058788299,0.0,0.0,0.0674611628055572,0.0,0.0
normal,10.34196929772695,9.64985179901123,11.061137199401855,0.020842552185058594,-0.02132171392440796,1.5033036470413208,0.02132171392440796,0.0,0.329355776309967,0.0555589497089386,0.1111026406288147,0.2182531058788299,0.0,0.0,0.0555589497089386,0.0,0.0
normal,10.22064813931783,9.64985179901123,11.01673412322998,0.020842552185058594,-0.02132171392440796,1.5033036470413208,0.02132171392440796,0.0,0.329355776309967,0.0,0.0674611628055572,0.2103182971477508,0.0,0.0,0.0,0.0,0.0
normal,10.079655141830445,9.09044075012207,10.756776809692385,0.020842552185058594,-0.02132171392440796,1.5033036470413208,0.02132171392440796,0.0,0.329355776309967,0.0,0.05952635407447815,0.2103182971477508,0.0,0.0872981995344162,0.0,0.0,0.0
normal,9.85770370165507,7.231319427490234,10.556123733520508,0.020842552185058594,-0.02132171392440796,1.5033036470413208,0.02132171392440796,0.0,0.329355776309967,0.0,0.05952635407447815,0.2103182971477508,0.0,0.2928495109081268,0.0,0.0,0.0
normal,9.448711912631989,4.927170276641846,10.556123733520508,0.020123906433582306,-0.02132171392440796,1.5033036470413208,0.02132171392440796,0.0,0.329355776309967,0.0,0.0,0.2103182971477508,0.0,0.2928495109081268,0.0,0.0,0.0
normal,8.830740565260252,1.0030145645141602,10.556123733520508,0.020123906433582306,-0.02132171392440796,1.5033036470413208,0.02132171392440796,0.0,0.329355776309967,0.0,0.0,0.2103182971477508,0.0,0.2928495109081268,0.0,0.0,0.0
normal,7.852201597839594,0.0,10.556123733520508,0.020123906433582306,-0.02132171392440796,1.4146625995635986,0.02132171392440796,0.0,0.329355776309967,0.0,0.0,0.0,0.0,0.2928495109081268,0.0,0.0,0.0
normal,6.8304566663006945,0.0,10.556123733520508,0.020123906433582306,-0.02132171392440796,1.1571245193481443,0.02132171392440796,0.0,0.2420575618743896,0.0,0.0,0.0,0.0,0.2928495109081268,0.0,0.0,0.0
normal,5.780530938456456,0.0,10.55466365814209,0.020123906433582306,-0.02132171392440796,0.9321680068969728,0.02132171392440796,0.0,0.1269875168800354,0.0,0.0,0.0,0.0,0.2928495109081268,0.0,0.0,0.0
normal,4.739984340022008,0.0,10.24293613433838,0.020123906433582306,-0.017728209495544378,0.3938535749912262,0.020123906433582306,0.0,0.0,0.0,0.0,0.0,0.0,0.2928495109081268,0.0,0.0,0.0
normal,3.726712285031875,0.0,9.99647617340088,0.020123906433582306,-0.015332505106925909,0.3152745068073272,0.020123906433582306,0.0,0.0,0.0,0.0,0.0,0.0,0.2928495109081268,0.0,0.0,0.0
normal,2.7427237631380557,0.0,9.721872329711914,0.002874843776226099,-0.009343251585960388,0.1839899867773056,0.009343251585960388,0.0,0.0,0.0,0.0,0.0,0.0,0.2928495109081268,0.0,0.0,0.0
normal,1.7935202242434025,0.0,9.072876930236816,0.002874843776226099,-0.005989260971546201,0.106369212269783,0.005989260971546201,0.0,0.0,0.0,0.0,0.0,0.0,0.2928495109081268,0.0,0.0,0.0
normal,0.9593021577099959,0.0,7.18521785736084,0.0,0.0,0.0376125387847423,0.0,0.0,0.0,0.0,0.0,0.0,0.0,0.2928495109081268,0.0,0.0,0.0
normal,0.3589153847595056,0.0,4.884486675262451,0.0,0.0,0.0376125387847423,0.0,0.0,0.0,0.0,0.0,0.0,0.0,0.22142094373703,0.0,0.0,0.0
normal,0.005309993773698807,0.0,0.8681655526161194,0.0,0.0,0.0376125387847423,0.0,0.0,0.0,0.0,0.0,0.0,0.0,0.0773796737194061,0.0,0.0,0.0
normal,0.02069374579315384,0.0,0.9003760814666748,0.0,0.0,0.0376125387847423,0.0,0.0,0.4444257915019989,0.0,0.0,0.0,0.0,0.0,0.0,0.0,0.0
normal,0.23256711411600312,0.0,3.3217837810516357,0.0,0.0,0.0376125387847423,0.0,0.0,0.5156254768371582,0.0,0.0,0.0,0.0,0.0,0.0,0.0,0.0
normal,0.6730981616986295,0.0,5.3233184814453125,0.0,-0.005270548164844499,0.0376125387847423,0.005270548164844499,0.0,0.5195318460464478,0.0,0.0,0.33629873394966125,0.0,0.0,0.0,0.0,0.0
normal,1.2826144843113918,0.0,6.761837959289551,0.0074266791343688965,-0.015572070144116901,0.0376125387847423,0.015572070144116901,0.0,0.5195318460464478,0.0,0.0,0.457323670387268,0.0,0.0,0.0,0.0,0.0
normal,2.0244469321581224,0.0,8.056290626525879,0.011020232923328903,-0.015572070144116901,0.0376125387847423,0.015572070144116901,0.0,0.5195318460464478,0.0,0.0,0.4880825281143188,0.0,0.0,0.0,0.0,0.0
normal,2.916202535312623,0.0,9.598602294921877,0.011020232923328903,-0.015572070144116901,0.0376125387847423,0.015572070144116901,0.0,0.6796929836273193,0.0,0.40475171804428095,0.4880825281143188,0.0,0.0,0.0,0.0,0.0
normal,3.899370189985881,0.0,10.005200386047363,0.011020232923328903,-0.015572070144116901,0.0594134330749511,0.015572070144116901,0.0,0.6796929836273193,0.0,0.40475171804428095,0.4880825281143188,0.0,0.0,0.0,0.0,0.0
normal,4.917302436511964,0.0,10.375452995300291,0.011020232923328903,-0.015572070144116901,0.0594134330749511,0.015572070144116901,0.0,0.6796929836273193,0.2420575618743896,0.40475171804428095,0.4880825281143188,0.0,0.0,0.2420575618743896,0.0,0.0
normal,5.9763139769248665,0.0,10.795822143554688,0.011020232923328903,-0.015572070144116901,0.0594134330749511,0.015572070144116901,0.0,0.6796929836273193,0.2658619880676269,0.40475171804428095,0.4880825281143188,0.0,0.0,0.2658619880676269,0.0,0.0
normal,7.07684117126589,0.0,11.182696342468262,0.011020232923328903,-0.015572070144116901,0.0594134330749511,0.015572070144116901,0.0,0.6796929836273193,0.3214209377765655,0.40475171804428095,0.4880825281143188,0.0,0.0,0.3214209377765655,0.0,0.0
normal,8.188053995271524,0.9376115202903748,11.450374603271484,0.011020232923328903,-0.015572070144116901,0.0594134330749511,0.015572070144116901,0.2420575618743896,0.6796929836273193,0.3095187246799469,0.3372905850410461,0.4880825281143188,0.0,0.0,0.3095187246799469,0.0,0.0
normal,9.134628324906032,3.362539768218994,11.72096824645996,0.0186864839633926,-0.0249153105542064,0.1698553413152694,0.0249153105542064,0.2420575618743896,0.6796929836273193,0.3095187246799469,0.3333231806755066,0.4880825281143188,0.0,0.0,0.3095187246799469,0.0,0.0
normal,9.856204856236776,5.354457378387451,11.73476505279541,0.0186864839633926,-0.0249153105542064,0.1698553413152694,0.0249153105542064,0.0,0.6796929836273193,0.2966246530413627,0.3214209377765655,0.4880825281143188,0.0,0.0,0.2966246530413627,0.0,0.0
normal,10.369277342955272,6.783720970153809,11.73476505279541,0.0186864839633926,-0.0249153105542064,0.1698553413152694,0.0249153105542064,0.0,0.6796929836273193,0.2460249662399292,0.3095187246799469,0.3372905850410461,0.0,0.0,0.2460249662399292,0.0,0.0
normal,10.734336632092793,8.078608512878418,11.73476505279541,0.0186864839633926,-0.0249153105542064,0.1698553413152694,0.0249153105542064,0.0,0.6796929836273193,0.1706289947032928,0.3095187246799469,0.3253883421421051,0.0,0.0,0.1706289947032928,0.0,0.0
normal,10.953565152486165,9.611227989196776,11.73476505279541,0.0186864839633926,-0.0249153105542064,0.1698553413152694,0.0249153105542064,0.0,0.3372905850410461,0.0793633759021759,0.2658619880676269,0.3214209377765655,0.0,0.0,0.0793633759021759,0.0,0.0
normal,11.131632704734802,10.010380744934082,11.87562370300293,0.0186864839633926,-0.0249153105542064,0.1698553413152694,0.0249153105542064,0.0,0.3372905850410461,0.0,0.2420575618743896,0.3214209377765655,0.0,0.0,0.0,0.0,0.0
normal,11.313365303675333,10.38262176513672,12.051600456237791,0.0186864839633926,-0.0249153105542064,0.1698553413152694,0.0249153105542064,0.0,0.3372905850410461,0.0,0.1488082408905029,0.3095187246799469,0.0,0.0,0.0,0.0,0.0
normal,11.429341224034628,10.80302906036377,12.051600456237791,0.03809165954589844,-0.0249153105542064,0.1698553413152694,0.03809165954589844,0.0,0.3372905850410461,0.0,0.0853144824504852,0.3095187246799469,0.0,0.0,0.0,0.0,0.0
normal,11.456919552485148,11.02847385406494,12.051600456237791,0.04503923654556269,-0.0249153105542064,0.1698553413152694,0.04503923654556269,0.0,0.3333231806755066,0.0,0.0039674043655395,0.1706289947032928,0.0,0.0,0.0,0.0,0.0
normal,11.409295994440715,10.644331932067873,12.051600456237791,0.04503923654556269,-0.0249153105542064,0.1698553413152694,0.04503923654556269,0.0,0.3333231806755066,0.0,0.0,0.1349223256111145,0.0,0.0,0.0,0.0,0.0
normal,11.315763249397278,10.615083694458008,12.051600456237791,0.04503923654556269,-0.023238241672515647,0.3660634160041809,0.04503923654556269,0.0,0.2936490774154663,0.0,0.0,0.13194677233695978,0.0,0.0,0.0,0.0,0.0
normal,11.231936009724935,10.615083694458008,12.051600456237791,0.04503923654556269,-0.023238241672515647,0.3708548247814178,0.04503923654556269,0.0,0.2222205400466919,0.0,0.0,0.1507919430732727,0.0,0.0,0.0,0.0,0.0
normal,11.202355473836263,10.615083694458008,12.051600456237791,0.04503923654556269,-0.023238241672515647,0.3708548247814178,0.04503923654556269,0.0,0.2460249662399292,0.0,0.0,0.1785638034343719,0.0,0.0,0.0,0.0,0.0
normal,11.224459427197774,10.615083694458008,12.051600456237791,0.04503923654556269,-0.023238241672515647,0.3708548247814178,0.04503923654556269,0.0,0.4364909827709198,0.0,0.0039674043655395,0.2222205400466919,0.0,0.0,0.0,0.0,0.0
normal,11.314518324534099,10.615083694458008,12.380207061767578,0.04503923654556269,-0.018446922302246094,0.3708548247814178,0.04503923654556269,0.0,0.4364909827709198,0.0,0.1507919430732727,0.2222205400466919,0.0,0.0,0.0,0.0,0.0
normal,11.429574586550395,10.615083694458008,13.106731414794922,0.04503923654556269,-0.018446922302246094,0.3708548247814178,0.04503923654556269,0.0,0.4364909827709198,0.0,0.2063356339931488,0.4057435691356659,0.0,0.0,0.0,0.0,0.0
normal,11.556020889282227,10.615083694458008,13.341893196105955,0.04503923654556269,-0.012218084186315599,0.3708548247814178,0.04503923654556269,0.0,0.4364909827709198,0.0,0.2222205400466919,0.4057435691356659,0.0,0.0,0.0,0.0,0.0
normal,11.706235070228576,10.615083694458008,13.341893196105955,0.04503923654556269,-0.012218084186315599,0.3737296760082245,0.04503923654556269,0.0,0.4364909827709198,0.0634937584400177,0.2222205400466919,0.4057435691356659,0.0,0.0,0.0634937584400177,0.0,0.0
normal,11.888822221755982,10.615083694458008,13.341893196105955,0.011259801685810103,-0.012218084186315599,0.3737296760082245,0.012218084186315599,0.0,0.4364909827709198,0.0634937584400177,0.2222205400466919,0.4057435691356659,0.0,0.0,0.0634937584400177,0.0,0.0
normal,12.103618976275126,10.615083694458008,13.341893196105955,0.011259794235229492,-0.011259809136390714,0.3957701325416565,0.011259809136390714,0.0357066690921783,0.4364909827709198,0.0634937584400177,0.2222205400466919,0.4057435691356659,0.0,0.0,0.0634937584400177,0.0,0.0
normal,12.324556328455607,10.70766544342041,13.341893196105955,0.01676991581916809,-0.011259809136390714,0.4417676329612732,0.01676991581916809,0.0357066690921783,0.4364909827709198,0.0634937584400177,0.1904660165309906,0.4057435691356659,0.0,0.0,0.0634937584400177,0.0,0.0
normal,12.516376887957255,10.866246223449709,13.341893196105955,0.01676991581916809,-0.011259809136390714,0.5021393299102783,0.01676991581916809,0.0357066690921783,0.4364909827709198,0.0634937584400177,0.10316783189773555,0.4057435691356659,0.0,0.0,0.0634937584400177,0.0,0.0
normal,12.675540308952332,10.987642288208008,13.341893196105955,0.01676991581916809,-0.0091036856174469,0.5960509181022644,0.01676991581916809,0.0357066690921783,0.4364909827709198,0.0634937584400177,0.0714285671710968,0.4057435691356659,0.0,0.0,0.0634937584400177,0.0,0.0
normal,12.776671380996705,11.646076202392578,13.341893196105955,0.01676991581916809,-0.010780662298202515,0.5960509181022644,0.01676991581916809,0.0357066690921783,0.4364909827709198,0.0634937584400177,0.0714285671710968,0.19542527198791498,0.0,0.0,0.0634937584400177,0.0,0.0
normal,12.777736194928487,11.854336738586426,13.341893196105955,0.019644767045974704,-0.024675741791725103,0.5960509181022644,0.024675741791725103,0.0357066690921783,0.4364909827709198,0.0634937584400177,0.0714285671710968,0.0714285671710968,0.0,0.0,0.0634937584400177,0.0,0.0
normal,12.669308926264446,11.510316848754885,13.341893196105955,0.020363479852676405,-0.024675741791725103,0.5960509181022644,0.024675741791725103,0.0039674043655395,0.3134861290454864,0.0634937584400177,0.0714285671710968,0.0714285671710968,0.0,0.0,0.0634937584400177,0.0,0.0
normal,12.469539693196614,11.041007041931152,13.340794563293455,0.020363479852676405,-0.024675741791725103,0.5960509181022644,0.024675741791725103,0.0,0.099200427532196,0.0634937584400177,0.0634937584400177,0.0714285671710968,0.0,0.0,0.0634937584400177,0.0,0.0
normal,12.22667945543925,10.59162712097168,13.169188499450684,0.020363479852676405,-0.024675741791725103,0.5960509181022644,0.024675741791725103,0.0,0.0714285671710968,0.0634937584400177,0.0634937584400177,0.0714285671710968,0.0,0.0039674043655395,0.0634937584400177,0.0,0.0
normal,11.94092620531718,9.884389877319336,13.049223899841309,0.020363479852676405,-0.024675741791725103,0.5960509181022644,0.024675741791725103,0.0,0.0714285671710968,0.0,0.0634937584400177,0.0714285671710968,0.0,0.0238120704889297,0.0,0.0,0.0
normal,11.585417162577311,8.94212532043457,12.927335739135742,0.020363479852676405,-0.024675741791725103,0.5960509181022644,0.024675741791725103,0.0,0.0714285671710968,0.0,0.0634937584400177,0.0714285671710968,0.0,0.0714285671710968,0.0,0.0,0.0
normal,11.11574938138326,7.037713527679443,12.782732009887695,0.020363479852676405,-0.024675741791725103,0.5960509181022644,0.024675741791725103,0.0,0.0714285671710968,0.0,0.00198370218276975,0.0714285671710968,0.0,0.3725897967815399,0.0,0.0,0.0
normal,10.355549106995264,2.783892869949341,12.615193367004396,0.020363479852676405,-0.024675741791725103,0.5960509181022644,0.024675741791725103,0.0,0.0714285671710968,0.0,0.0,0.0714285671710968,0.0,0.3904660046100616,0.0,0.0,0.0
normal,9.147910909255346,0.0,12.417580604553224,0.020363479852676405,-0.024675741791725103,0.5610736608505249,0.024675741791725103,0.0,0.0714285671710968,0.0,0.0,0.0714285671710968,0.0,0.3904660046100616,0.0,0.0,0.0
normal,7.917784146865209,0.0,12.172337532043455,0.020363479852676405,-0.024675741791725103,0.3600741624832153,0.024675741791725103,0.0,0.0714285671710968,0.0,0.0,0.0,0.0,0.3904660046100616,0.0,0.0238120704889297,0.0
normal,6.71567631204923,0.0,11.848387718200684,0.020363479852676405,-0.020123902708292007,0.1938123703002929,0.020363479852676405,0.0,0.0714285671710968,0.0,0.0,0.0,0.0,0.3904660046100616,0.0,0.0238120704889297,0.0
normal,5.54781211177508,0.0,11.50201416015625,0.005989259108901,-0.020123902708292007,0.1607516705989837,0.020123902708292007,0.0,0.0,0.0,0.0,0.0,0.0,0.3904660046100616,0.0,0.0238120704889297,0.0
normal,4.421470196644465,0.0,11.0338716506958,0.005989259108901,-0.020123902708292007,0.0701940953731536,0.020123902708292007,0.0,0.0,0.0,0.0,0.0,0.0,0.3904660046100616,0.0,0.0238120704889297,0.0
normal,3.3447032981802507,0.0,10.580799102783203,0.005989259108901,-0.020123902708292007,0.0416852310299873,0.020123902708292007,0.0,0.0,0.0,0.0,0.0,0.0,0.3904660046100616,0.0,0.0238120704889297,0.0
normal,2.3141893684864043,0.0,9.870477676391602,0.005989259108901,-0.020123902708292007,0.0184469129890203,0.020123902708292007,0.0,0.0,0.0,0.0,0.0,0.0,0.3904660046100616,0.0,0.00694295763969415,0.0
normal,1.370618644952774,0.0,8.921738624572754,0.005989259108901,-0.020123902708292007,0.0184469129890203,0.020123902708292007,0.0,0.0,0.0,0.0,0.0,0.0,0.3904660046100616,0.0,0.0,0.0
normal,0.5544341210524241,0.0,6.97687292098999,0.005989259108901,-0.020123902708292007,0.0184469129890203,0.020123902708292007,0.0,0.0,0.0,0.0,0.0,0.0,0.3904660046100616,0.0,0.0,0.0
normal,0.04453349669774374,0.0,2.6461246013641357,0.005989259108901,-0.020123902708292007,0.0184469129890203,0.020123902708292007,0.0,0.0,0.0,0.0,0.0,0.0,0.3904660046100616,0.0,0.0,0.0
normal,0.04645911666875084,0.0,1.3629735708236694,0.0,0.0,-0.0340189822018146,0.0,0.0,0.4444257915019989,0.0,0.0,0.0,0.0,0.0,0.0,0.0,0.0
normal,0.2872649858986181,0.0,3.416546583175659,0.0,0.0,-0.0340189822018146,0.0,0.0,0.4444257915019989,0.0,0.0,0.0396740734577178,0.0,0.0,0.0,0.0,0.0
normal,0.7225746362718443,0.0,5.199833393096924,0.001437421888113001,0.0,-0.027550583705306,0.001437421888113001,0.0,0.4483931958675384,0.0,0.0,0.4216132164001465,0.0,0.0,0.0,0.0,0.0
normal,1.305554714333266,0.0,6.342480182647705,0.007666249759495299,-0.0043122656643391,0.048153631389141,0.007666249759495299,0.0,0.4483931958675384,0.0,0.0,0.4245887696743011,0.0,0.0,0.0,0.0,0.0
normal,1.9875642324797809,0.0,7.267529010772705,0.007666249759495299,-0.0043122656643391,0.0531846061348915,0.007666249759495299,0.0,0.4483931958675384,0.0,0.0555589497089386,0.4245887696743011,0.0,0.0,0.0,0.0,0.0
normal,2.7590995885245504,0.0,8.15224552154541,0.007666249759495299,-0.0043122656643391,0.0560594499111175,0.007666249759495299,0.0,0.4483931958675384,0.0,0.4245887696743011,0.4245887696743011,0.0,0.0,0.0,0.0,0.0
normal,3.618305139672011,0.0,8.969464302062988,0.007666249759495299,-0.0043122656643391,0.0560594499111175,0.007666249759495299,0.0,0.4483931958675384,0.0396740734577178,0.4245887696743011,0.4245887696743011,0.0,0.0,0.0396740734577178,0.0,0.0
normal,4.539807912036901,0.0,9.721861839294434,0.007666249759495299,-0.0043122656643391,0.1861461251974105,0.007666249759495299,0.0,0.535157322883606,0.3253883421421051,0.4245887696743011,0.4444257915019989,0.0,0.0,0.3253883421421051,0.0,0.0
normal,5.569960446488112,0.0,10.639703750610352,0.007666249759495299,-0.005989253520965604,0.1871044039726257,0.007666249759495299,0.0,0.656254768371582,0.3997924625873565,0.4245887696743011,0.4444257915019989,0.0,0.0,0.3997924625873565,0.0,0.0
normal,6.652889773181329,0.0,10.912270545959473,0.007666249759495299,-0.01868648827075961,0.1871044039726257,0.01868648827075961,0.0555589497089386,0.656254768371582,0.4245887696743011,0.4245887696743011,0.4483931958675384,0.0,0.0,0.4245887696743011,0.0,0.0
normal,7.69495598355929,1.3974465131759644,10.913403511047363,0.007666249759495299,-0.01868648827075961,0.1871044039726257,0.01868648827075961,0.2618945837020874,0.656254768371582,0.4126865267753601,0.4245887696743011,0.4483931958675384,0.0,0.0,0.4126865267753601,0.0,0.0
normal,8.53224527835846,3.449033498764038,10.913403511047363,0.010780692100524902,-0.01868648827075961,0.1871044039726257,0.01868648827075961,0.2618945837020874,0.656254768371582,0.3839228451251983,0.4245887696743011,0.4483931958675384,0.0,0.0,0.3839228451251983,0.0,0.0
normal,9.173686259587607,5.224002838134766,10.913403511047363,0.010780692100524902,-0.01868648827075961,0.1871044039726257,0.01868648827075961,0.2618945837020874,0.656254768371582,0.3491927981376648,0.4245887696743011,0.4245887696743011,0.0,0.0,0.3491927981376648,0.0,0.0
normal,9.684213770230611,6.3586344718933105,11.099648475646973,0.012457668781280518,-0.01868648827075961,0.1871044039726257,0.01868648827075961,0.2618945837020874,0.656254768371582,0.3491927981376648,0.4245887696743011,0.452360600233078,0.0,0.0,0.3491927981376648,0.0,0.0
normal,10.130161745548248,7.282207489013672,11.462045669555664,0.012457668781280518,-0.01868648827075961,0.1871044039726257,0.01868648827075961,0.2618945837020874,0.656254768371582,0.3491927981376648,0.4245887696743011,0.452360600233078,0.0,0.0,0.3491927981376648,0.0,0.0
normal,10.519271219571431,8.16719913482666,11.72830581665039,0.012457668781280518,-0.01868648827075961,0.1871044039726257,0.01868648827075961,0.2618945837020874,0.656254768371582,0.3491927981376648,0.4007843136787414,0.452360600233078,0.0,0.0,0.3491927981376648,0.0,0.0
normal,10.834723834991456,8.980828285217285,11.76689910888672,0.012457668781280518,-0.01868648827075961,0.1871044039726257,0.01868648827075961,0.1944334208965301,0.656254768371582,0.3491927981376648,0.3888821005821228,0.452360600233078,0.0,0.0,0.3491927981376648,0.0,0.0
normal,11.078748103187802,9.743643760681152,11.799532890319824,0.012457668781280518,-0.01868648827075961,0.1871044039726257,0.01868648827075961,0.1944334208965301,0.656254768371582,0.3491927981376648,0.3888821005821228,0.452360600233078,0.0,0.0,0.3491927981376648,0.0,0.0
normal,11.244075066248575,10.650420188903809,11.881892204284668,0.012457668781280518,-0.01868648827075961,0.1233787015080452,0.01868648827075961,0.1071352362632751,0.5585955381393433,0.2420575618743896,0.3491927981376648,0.4216132164001465,0.0,0.0,0.2420575618743896,0.0,0.0
normal,11.341824046770732,10.756425857543944,11.881892204284668,0.012457668781280518,-0.013655543327331543,-0.210582286119461,0.013655543327331543,0.1071352362632751,0.452360600233078,0.2420575618743896,0.3491927981376648,0.3928495049476623,0.0,0.0,0.2420575618743896,0.0,0.0
normal,11.436532362302144,10.756425857543944,11.881892204284668,0.012457668781280518,-0.010301530361175537,-0.210582286119461,0.012457668781280518,0.1071352362632751,0.452360600233078,0.2222205400466919,0.3115024268627167,0.3888821005821228,0.0,0.0,0.2222205400466919,0.0,0.0
normal,11.55884154478709,10.756425857543944,12.183993339538574,0.012457668781280518,-0.007905840873718317,-0.2041139006614685,0.012457668781280518,0.1071352362632751,0.452360600233078,0.2222205400466919,0.273796796798706,0.3888821005821228,0.0,0.0,0.2222205400466919,0.0,0.0
normal,11.723521107037863,10.789758682250977,12.597696304321287,0.012457668781280518,-0.007905840873718317,-0.1130771785974502,0.012457668781280518,0.1071352362632751,0.452360600233078,0.2222205400466919,0.273796796798706,0.3849146962165832,0.0,0.0,0.2222205400466919,0.0,0.0
normal,11.90082301457723,11.105595588684082,12.807821273803713,0.011978536844253485,-0.007905840873718317,-0.1130771785974502,0.011978536844253485,0.1071352362632751,0.452360600233078,0.2222205400466919,0.2618945837020874,0.3412579894065857,0.0,0.0,0.2222205400466919,0.0,0.0
normal,12.049432435035705,11.46705436706543,12.809027671813965,0.011978536844253485,-0.01796779036521917,-0.1130771785974502,0.01796779036521917,0.1071352362632751,0.3968169093132019,0.1984008252620697,0.2420575618743896,0.28272345662117,0.0,0.0,0.1984008252620697,0.0,0.0
normal,12.151460248629252,11.73093605041504,12.809027671813965,0.011978536844253485,-0.018686413764953613,-0.1130771785974502,0.018686413764953613,0.1071352362632751,0.3769798874855041,0.1666615903377533,0.2420575618743896,0.2618945837020874,0.0,0.0,0.1666615903377533,0.0,0.0
normal,12.223533627192179,11.736281394958496,12.809027671813965,0.011978536844253485,-0.018686413764953613,-0.1130771785974502,0.018686413764953613,0.1071352362632751,0.3769798874855041,0.1269875168800354,0.2063356339931488,0.2618945837020874,0.0,0.0,0.1269875168800354,0.0,0.0
normal,12.278871636390686,11.793789863586426,12.809027671813965,0.011978536844253485,-0.018686413764953613,-0.1130771785974502,0.018686413764953613,0.1071352362632751,0.3769798874855041,0.1230048537254333,0.1944334208965301,0.2618945837020874,0.0,0.0,0.1230048537254333,0.0,0.0
normal,12.310181622505189,11.793789863586426,12.809027671813965,0.011738896369934082,-0.018686413764953613,-0.1130771785974502,0.018686413764953613,0.1071352362632751,0.3769798874855041,0.1230048537254333,0.1507919430732727,0.2618945837020874,0.0,0.0,0.1230048537254333,0.0,0.0
normal,12.33380174477895,11.804484367370604,12.809027671813965,0.04719534516334534,-0.018686413764953613,0.3456999361515045,0.04719534516334534,0.1230048537254333,0.3769798874855041,0.1230048537254333,0.1547593474388122,0.2618945837020874,0.0,0.0,0.1230048537254333,0.0,0.0
normal,12.345048864682516,11.854371070861816,12.809027671813965,0.04719534516334534,-0.049830622971057906,0.384510338306427,0.049830622971057906,0.0,0.3769798874855041,0.1230048537254333,0.1547593474388122,0.2618945837020874,0.0,0.0,0.1230048537254333,0.0,0.0
normal,12.313738403320313,11.610583305358888,12.809027671813965,0.04719534516334534,-0.049830622971057906,0.384510338306427,0.049830622971057906,0.0,0.3769798874855041,0.1230048537254333,0.1408734321594238,0.1547593474388122,0.0,0.0,0.1230048537254333,0.0,0.0
normal,12.226213016510009,11.463459968566896,12.809027671813965,0.04719534516334534,-0.049830622971057906,0.384510338306427,0.049830622971057906,0.0,0.2618945837020874,0.1230048537254333,0.1408734321594238,0.1547593474388122,0.0,0.0,0.1230048537254333,0.0,0.0
normal,12.097283679644267,11.389493942260742,12.809027671813965,0.04719534516334534,-0.049830622971057906,0.384510338306427,0.049830622971057906,0.0,0.1904660165309906,0.1230048537254333,0.1408734321594238,0.1547593474388122,0.0,0.0,0.1230048537254333,0.0,0.0
normal,11.956541843414307,11.259855270385742,12.704644203186035,0.04719534516334534,-0.049830622971057906,0.384510338306427,0.049830622971057906,0.0,0.1904660165309906,0.1230048537254333,0.1507919430732727,0.1547593474388122,0.0,0.0019837021827697,0.1230048537254333,0.0,0.0
normal,11.56959408680598,5.796164035797119,12.542121887207031,0.04719534516334534,-0.049830622971057906,0.384510338306427,0.049830622971057906,0.0,0.1904660165309906,0.1230048537254333,0.1507919430732727,0.1547593474388122,0.0,1.3886075019836426,0.1230048537254333,0.0,0.0
normal,10.878909037907919,5.247844696044922,12.395888328552246,0.04719534516334534,-0.049830622971057906,0.384510338306427,0.049830622971057906,0.0,0.1904660165309906,0.0228125751018524,0.1507919430732727,0.1547593474388122,0.0,1.3886075019836426,0.0228125751018524,0.0,0.0
normal,10.185873941580455,5.190304756164551,12.2364501953125,0.04719534516334534,-0.049830622971057906,0.384510338306427,0.049830622971057906,0.0,0.3849146962165832,0.018845170736312825,0.1507919430732727,0.1666615903377533,0.0,1.3886075019836426,0.018845170736312825,0.0,0.0
normal,9.607876897652943,5.190304756164551,12.091361045837402,0.04719534516334534,-0.049830622971057906,0.384510338306427,0.049830622971057906,0.0,0.5273445844650269,0.018845170736312825,0.1547593474388122,0.1904660165309906,0.0,1.3886075019836426,0.018845170736312825,0.0,0.0
normal,9.156817796230316,5.190304756164551,11.994429588317873,0.02467572689056391,-0.049830622971057906,0.384510338306427,0.049830622971057906,0.0,0.5273445844650269,0.0,0.1547593474388122,0.1904660165309906,0.0,1.3886075019836426,0.0,0.0,0.0
normal,8.689623277187348,5.190304756164551,11.846670150756836,0.02467572689056391,-0.018926061689853613,0.2558610737323761,0.02467572689056391,0.0,0.5273445844650269,0.0,0.1507919430732727,0.1904660165309906,0.0,1.3886075019836426,0.0,0.0,0.0
normal,8.195029091835021,5.190304756164551,11.60806655883789,0.021561324596405,-0.018926061689853613,0.2558610737323761,0.021561324596405,0.0,0.5273445844650269,0.0,0.1507919430732727,0.1904660165309906,0.0,1.3886075019836426,0.0,0.0,0.0
normal,7.685781218210856,5.190304756164551,11.461416244506836,0.021561324596405,-0.018926061689853613,0.2558610737323761,0.021561324596405,0.0,0.5273445844650269,0.0,0.0952330231666565,0.1904660165309906,0.0,1.3886075019836426,0.0,0.0,0.0
normal,7.199737996260325,5.190304756164551,11.388749122619627,0.021561324596405,-0.018926061689853613,0.2558610737323761,0.021561324596405,0.0,0.5273445844650269,0.0,0.0952330231666565,0.1904660165309906,0.0,1.3886075019836426,0.0,0.0,0.0
normal,6.715584301948548,5.190304756164551,11.25176239013672,0.021561324596405,-0.018926061689853613,0.2558610737323761,0.021561324596405,0.0,0.5273445844650269,0.0,0.01983702182769775,0.1904660165309906,0.0,1.3886075019836426,0.0,0.0,0.0
normal,6.4554148769378665,5.190304756164551,7.76202917098999,0.021561324596405,-0.018926061689853613,0.2558610737323761,0.021561324596405,0.0,0.5273445844650269,0.0,0.0039674043655395,0.1904660165309906,0.0,0.1063356325030326,0.0,0.0,0.0
normal,6.481932792663574,5.190304756164551,7.76202917098999,0.021561324596405,-0.018926061689853613,0.2558610737323761,0.021561324596405,0.0,0.5273445844650269,0.0,0.0039674043655395,0.1904660165309906,0.0,0.0773796737194061,0.0,0.0,0.0
normal,6.4039840829372405,3.680488348007202,7.76202917098999,0.021561324596405,-0.018926061689853613,0.2558610737323761,0.021561324596405,0.0,0.5273445844650269,0.0,0.0,0.1547593474388122,0.0,0.1698294132947921,0.0,0.0,0.0
normal,5.87431716794769,0.0,7.76202917098999,0.021561324596405,-0.018926061689853613,0.2558610737323761,0.021561324596405,0.0,0.5273445844650269,0.0,0.0,0.13690602779388428,0.0,0.1698294132947921,0.0,0.0,0.0
normal,5.189879680462181,0.0,7.561727523803711,0.020123906433582306,-0.0189260542392731,0.2374141663312912,0.020123906433582306,0.0,0.5312509536743164,0.0,0.0,0.1507919430732727,0.0,0.1698294132947921,0.0,0.0,0.0
normal,4.760492843774458,0.0,6.988630294799805,0.012697234749794006,-0.01676991581916809,0.2374141663312912,0.01676991581916809,0.0,0.5312509536743164,0.0,0.0,0.1904660165309906,0.0,0.1698294132947921,0.0,0.0,0.0
normal,4.570250253664951,0.0,6.604386806488037,0.012697234749794006,-0.01676991581916809,0.2374141663312912,0.01676991581916809,0.0,0.5312509536743164,0.0,0.0952330231666565,0.3144779801368713,0.0,0.1698294132947921,0.0,0.0,0.0
normal,4.411107938277225,0.0,6.604386806488037,0.012697234749794006,-0.01676991581916809,0.2374141663312912,0.01676991581916809,0.0,0.5312509536743164,0.0,0.1190374493598938,0.3144779801368713,0.0,0.1698294132947921,0.0,0.0,0.0
normal,4.299785135574639,0.0,6.604386806488037,0.011978516355156898,-0.01676991581916809,0.1207434311509132,0.01676991581916809,0.0,0.5312509536743164,0.0,0.1190374493598938,0.3144779801368713,0.0,0.1698294132947921,0.0,0.0,0.0
normal,4.241265291360517,0.0,6.334100723266602,0.011978516355156898,-0.028748393058776855,0.0282692946493625,0.028748393058776855,0.0,0.5312509536743164,0.0,0.1984008252620697,0.3144779801368713,0.0,0.1698294132947921,0.0,0.0,0.0
normal,4.204947341270745,0.0,6.006188869476318,0.01125982403755188,-0.028748393058776855,-0.0213217567652463,0.028748393058776855,0.0,0.5312509536743164,0.0,0.1984008252620697,0.3144779801368713,0.0,0.1698294132947921,0.0,0.0,0.0
normal,4.162438959268232,0.0,6.006188869476318,0.036893844604491965,-0.028748393058776855,-0.0213217567652463,0.036893844604491965,0.0,0.5312509536743164,0.0,0.1984008252620697,0.3144779801368713,0.0,0.1698294132947921,0.0,0.0,0.0
normal,4.150036129541695,0.0,6.006188869476318,0.0824121832847595,-0.028748393058776855,1.6676489114761353,0.0824121832847595,0.0,0.5312509536743164,0.0,0.1984008252620697,0.3144779801368713,0.0,0.0833307951688766,0.0,0.0,0.0
normal,4.367304246562223,0.0,6.006188869476318,0.0824121832847595,-0.028748393058776855,4.5403361320495605,0.0824121832847595,0.0,0.5312509536743164,0.0,0.1805475056171417,0.29960019141435623,0.0,0.0872981995344162,0.0,0.0,0.0
normal,4.302047043989102,0.0,6.006188869476318,0.0824121832847595,-0.028748393058776855,4.5403361320495605,0.0824121832847595,0.0,0.5312509536743164,0.0,0.0,0.273796796798706,0.0,0.097216710448265,0.0,0.0,0.0
normal,4.0041476372381055,0.0,6.006188869476318,0.0824121832847595,-0.028748393058776855,4.5403361320495605,0.0824121832847595,0.0,0.5312509536743164,0.0,0.0,0.2222205400466919,0.0,0.097216710448265,0.0,0.0,0.0
normal,3.519411752571662,0.0,6.006188869476318,0.0824121832847595,-0.028748393058776855,4.5403361320495605,0.0824121832847595,0.0,0.2936490774154663,0.0,0.0,0.10713523626327515,0.0,0.097216710448265,0.0,0.0,0.0
normal,3.034375909517209,0.0,6.006188869476318,0.0824121832847595,-0.028748393058776855,4.5403361320495605,0.0824121832847595,0.0,0.2936490774154663,0.0,0.0,0.0,0.0,0.097216710448265,0.0,0.0,0.0
normal,2.4898617747922738,0.0,6.006188869476318,0.0824121832847595,-0.028748393058776855,4.5403361320495605,0.0824121832847595,0.0,0.2658619880676269,0.0,0.0,0.0,0.0,0.097216710448265,0.0,0.0,0.0
normal,1.8967102356255054,0.0,5.939702987670898,0.0824121832847595,-0.012697219848632812,4.5403361320495605,0.0824121832847595,0.0,0.0,0.0,0.0,0.0,0.0,0.097216710448265,0.0,0.0,0.0
normal,1.3174727236727874,0.0,5.657373428344727,0.0824121832847595,-0.0009579658508300781,4.5403361320495605,0.0824121832847595,0.0,0.0,0.0,0.0,0.0,0.0,0.097216710448265,0.0,0.0,0.0
fast,0.020898039171313602,0.0,1.2793219089508057,0.0,-0.055819869041442816,0.02467573992908,0.055819869041442816,0.0,1.0,0.0,0.0,0.0,0.0,0.0,0.0,0.0,0.0
fast,0.38549898496404517,0.0,6.07205057144165,0.0,-0.08959937095642068,0.02467573992908,0.08959937095642068,0.0,1.0,0.0,0.0,0.0,0.0,0.0,0.0,0.0,0.0
fast,1.1787663717443744,0.0,9.041954040527344,0.06180930137634277,-0.08959937095642068,0.02467573992908,0.08959937095642068,0.0,1.0,0.0,0.0,0.061510056257247876,0.0,0.0,0.0,0.0,0.0
fast,2.23545632578321,0.0,12.21899700164795,0.11020231246948242,-0.08959937095642068,0.2836512327194214,0.11020231246948242,0.0,1.0,0.0,0.0,0.8710898160934448,0.0,0.0,0.0,0.0,0.0
fast,3.5135991926367085,0.0,12.866360664367676,0.11020231246948242,-0.08959937095642068,1.314761757850647,0.11020231246948242,0.0,1.0,0.0,0.0,0.8955046236515045,0.0,0.0,0.0,0.0,0.0
fast,4.836514612935645,0.0,14.182547569274902,0.11020231246948242,-0.08959937095642068,1.314761757850647,0.11020231246948242,0.0,1.0,0.0,0.1428571343421936,0.9609363079071044,0.0,0.0,0.0,0.0,0.0
fast,6.27258841548115,0.0,14.443591117858888,0.11020231246948242,-0.08959937095642068,1.314761757850647,0.11020231246948242,0.0,1.0,0.0,0.2638782858848572,0.9609363079071044,0.0,0.0,0.0,0.0,0.0
fast,7.645521789479275,0.0,14.443591117858888,0.11020231246948242,-0.08959937095642068,1.314761757850647,0.11020231246948242,0.0,1.0,0.0,0.2579271793365478,0.9609363079071044,0.0,0.0,0.0,0.0,0.0
fast,9.048370040593047,0.0,14.443591117858888,0.11020231246948242,-0.08959937095642068,1.314761757850647,0.11020231246948242,0.0,1.0,0.0,0.3452253937721252,0.9609363079071044,0.0,0.0,0.0,0.0,0.0
fast,10.476414930361013,0.0,15.095996856689451,0.11020231246948242,-0.08959937095642068,1.314761757850647,0.11020231246948242,0.0,1.0,0.1537674963474273,0.6308633685112,0.9609363079071044,0.0,0.0,0.1537674963474273,0.0,0.0
fast,12.031595709319916,1.3547987937927246,16.046676635742188,0.11020231246948242,-0.08959937095642068,1.314761757850647,0.11020231246948242,0.0,1.0,0.2817316055297851,0.7109439373016357,0.9531235694885254,0.0,0.0,0.2817316055297851,0.0,0.0
fast,13.275414038418534,6.161181926727295,16.201324462890625,0.11020231246948242,-0.07642292976379395,1.314761757850647,0.11020231246948242,0.0,1.0,0.2380901575088501,0.5156254768371582,0.765617847442627,0.0,0.0,0.2380901575088501,0.0,0.0
fast,14.127997438179232,9.088593482971191,16.322938919067383,0.11020231246948242,-0.07642292976379395,1.314761757850647,0.11020231246948242,0.0,1.0,0.2361064553260803,0.3491927981376648,0.7246162295341492,0.0,0.0,0.2361064553260803,0.0,0.0
fast,14.70882195631663,12.276598930358888,16.429750442504883,0.07139194011688232,-0.07642292976379395,1.314761757850647,0.07642292976379395,0.0,1.0,0.2370983064174652,0.3134861290454864,0.6093783378601074,0.0,0.0,0.2370983064174652,0.0,0.0
fast,15.080322606336692,12.68231201171875,16.526838302612305,0.03569598495960241,-0.07642292976379395,0.9486984014511108,0.07642292976379395,0.0,0.9687490463256836,0.2976165115833282,0.3055513203144073,0.5585955381393433,0.0,0.0,0.2976165115833282,0.0,0.0
fast,15.412588651974996,13.74574851989746,16.743724822998047,0.03569598495960241,-0.07642292976379395,0.2376537322998047,0.07642292976379395,0.0,0.8828089237213135,0.2976165115833282,0.3055513203144073,0.3859065473079681,0.0,0.0,0.2976165115833282,0.0,0.0
fast,15.674257488600997,13.74574851989746,17.007938385009766,0.03569598495960241,-0.07642292976379395,0.2376537322998047,0.07642292976379395,0.0,0.7538987398147583,0.2976165115833282,0.3134861290454864,0.4305398762226105,0.0,0.0,0.2976165115833282,0.0,0.0
fast,15.9923566532135,13.765304565429688,17.02819061279297,0.025873601436615046,-0.07642292976379395,0.2376537322998047,0.07642292976379395,0.2142857015132904,0.7538987398147583,0.2976165115833282,0.3134861290454864,0.4295480251312256,0.0,0.0,0.2976165115833282,0.0,0.0
fast,16.311453917821247,14.068756103515623,17.160598754882812,0.025873601436615046,-0.025154888629913275,0.2376537322998047,0.025873601436615046,0.2142857015132904,0.7538987398147583,0.2539597749710083,0.2976165115833282,0.4295480251312256,0.0,0.0,0.2539597749710083,0.0,0.0
fast,16.5892831659317,15.11732578277588,17.57987403869629,0.025873601436615046,-0.025154888629913275,0.2376537322998047,0.025873601436615046,0.2142857015132904,0.7538987398147583,0.2539597749710083,0.2976165115833282,0.3928495049476623,0.0,0.0,0.2539597749710083,0.0,0.0
fast,16.806527398427328,16.04708480834961,18.0512752532959,0.025873601436615046,-0.025154888629913275,0.2376537322998047,0.025873601436615046,0.2142857015132904,0.4682455062866211,0.2579271793365478,0.2976165115833282,0.3739928901195526,0.0,0.0,0.2579271793365478,0.0,0.0
fast,17.02188543319702,16.205690383911133,18.427690505981445,0.025873601436615046,-0.025154888629913275,0.2376537322998047,0.025873601436615046,0.2182531058788299,0.4682455062866211,0.2966246530413627,0.299600213766098,0.3739928901195526,0.0,0.0,0.2966246530413627,0.0,0.0
fast,17.245621916453043,16.324129104614258,18.66466903686523,0.025873601436615046,-0.025154888629913275,0.2376537322998047,0.025873601436615046,0.2182531058788299,0.4682455062866211,0.2539597749710083,0.2976165115833282,0.3739928901195526,0.0,0.0,0.2539597749710083,0.0,0.0
fast,17.495339498519897,16.431631088256836,18.992027282714844,0.0220404714345932,-0.025154888629913275,0.2376537322998047,0.025154888629913275,0.2182531058788299,0.4682455062866211,0.2539597749710083,0.299600213766098,0.3739928901195526,0.0,0.0,0.2539597749710083,0.0,0.0
fast,17.750002078724382,16.5283203125,19.092315673828125,0.0220404714345932,-0.025154888629913275,0.2376537322998047,0.025154888629913275,0.2142857015132904,0.4682455062866211,0.2499923706054687,0.2976165115833282,0.3729972243309021,0.0,0.0,0.2499923706054687,0.0,0.0
fast,18.00129254234454,16.749975204467773,19.136226654052734,0.0220404714345932,-0.025154888629913275,0.1825525611639022,0.025154888629913275,0.2142857015132904,0.4682455062866211,0.2182531058788299,0.2618945837020874,0.3571276068687439,0.0,0.0,0.2182531058788299,0.0,0.0
fast,18.216779419581094,17.008609771728516,19.13718605041504,0.011259801685810117,-0.0177282025106251,0.1825525611639022,0.0177282025106251,0.0,0.4682455062866211,0.2142857015132904,0.2539597749710083,0.3372905850410461,0.0,0.0,0.2142857015132904,0.0,0.0
fast,18.372832794189453,16.91411018371582,19.13718605041504,0.011259801685810117,-0.0177282025106251,0.1782402992248535,0.0177282025106251,0.0,0.4682455062866211,0.2142857015132904,0.2539597749710083,0.3372905850410461,0.0,1.2538377046585083,0.2142857015132904,0.0,0.0
fast,17.96050950050354,10.82435703277588,19.13718605041504,0.011259801685810117,-0.05534070730209362,0.1782402992248535,0.05534070730209362,0.0,0.4682455062866211,0.15079194307327265,0.2499923706054687,0.3372905850410461,0.0,3.5,0.15079194307327265,0.0,0.0
fast,17.375827229161825,10.81525421142578,19.13718605041504,0.05893427133560181,-0.05534070730209362,0.5756874084472656,0.05893427133560181,0.0,1.0,0.1547593474388122,0.2499923706054687,0.3372905850410461,0.0,3.5,0.1547593474388122,0.0,0.0
fast,16.915229716300964,10.81525421142578,19.13718605041504,0.05893427133560181,-0.05534070730209362,0.7702184915542603,0.05893427133560181,0.0,1.0,0.15079194307327265,0.2440412640571594,0.3372905850410461,0.0,3.5,0.15079194307327265,0.0,0.0
fast,16.543409692446392,10.81525421142578,19.13718605041504,0.05893427133560181,-0.05534070730209362,0.7702184915542603,0.05893427133560181,0.0,1.0,0.0,0.2142857015132904,0.535157322883606,0.0,3.5,0.0,0.0,0.0
fast,16.114255468777927,10.81525421142578,19.13718605041504,0.05893427133560181,-0.05534070730209362,0.7702184915542603,0.05893427133560181,0.0,1.0,0.0,0.2142857015132904,0.5312509536743164,0.0,3.5,0.0,0.0,0.0
fast,15.48741103331248,9.715656280517578,19.13718605041504,0.05893427133560181,-0.05534070730209362,0.7702184915542603,0.05893427133560181,0.0,1.0,0.0,0.2142857015132904,0.535157322883606,0.0,3.5,0.0,0.0,0.0
fast,14.2886319287618,6.110076427459717,19.13718605041504,0.07211065292358398,-0.05534070730209362,2.770151376724243,0.07211065292358398,0.0,1.0,0.0,0.0,0.535157322883606,0.0,3.5,0.0,0.0,0.0
fast,13.113644779224364,6.110076427459717,19.13718605041504,0.07211065292358398,-0.11786866188049316,2.9428815841674805,0.11786866188049316,0.0,1.0,0.0,0.0,0.9257789850234984,0.0,3.5,0.0,0.0,0.0
fast,12.222373294830323,6.110076427459717,18.93869972229004,0.1308053731918335,-0.11786866188049316,2.9428815841674805,0.1308053731918335,0.0,1.0,0.0,0.0,1.0,0.0,3.5,0.0,0.0,0.0
fast,11.553421666904761,6.110076427459717,16.764673233032227,0.138950765132904,-0.11786866188049316,2.9428815841674805,0.138950765132904,0.0,1.0,0.0,0.3372905850410461,1.0,0.0,3.5,0.0,0.0,0.0
fast,11.522684539159139,6.110076427459717,14.735193252563477,0.138950765132904,-0.14589828252792358,2.9428815841674805,0.14589828252792358,0.0,1.0,0.0,0.7968688011169434,1.0,0.0,1.0851343870162964,0.0,0.0,0.0
fast,11.738860588073731,6.110076427459717,14.735193252563477,0.138950765132904,-0.14589828252792358,2.9428815841674805,0.14589828252792358,0.0,1.0,0.0,0.5253913998603821,1.0,0.0,1.0851343870162964,0.0,0.0,0.0
fast,11.728490535418192,6.110076427459717,14.735193252563477,0.138950765132904,-0.14589828252792358,2.9428815841674805,0.14589828252792358,0.0,1.0,0.0,0.0,1.0,0.0,1.0851343870162964,0.0,0.0,0.0
fast,11.542948292969463,6.110076427459717,14.55673885345459,0.138950765132904,-0.14589828252792358,2.9428815841674805,0.14589828252792358,0.0,1.0,0.0,0.0,1.0,0.0,1.0851343870162964,0.0,0.0,0.0
fast,11.370217895507812,6.110076427459717,13.830436706542969,0.138950765132904,-0.14589828252792358,2.9428815841674805,0.14589828252792358,0.0,1.0,0.0,0.1190374493598938,1.0,0.0,1.0851343870162964,0.0,0.0,0.0
fast,11.359753659651156,6.110076427459717,13.830436706542969,0.138950765132904,-0.14589828252792358,2.9428815841674805,0.14589828252792358,0.0,1.0,0.0,0.1190374493598938,1.0,0.0,1.0851343870162964,0.0,0.0,0.0
fast,11.983236262003581,6.113833904266357,13.830436706542969,0.138950765132904,-0.14589828252792358,2.9428815841674805,0.14589828252792358,0.0,1.0,0.10614338517189023,0.4563280045986175,1.0,0.0,0.0,0.10614338517189023,0.0,0.0
fast,12.671656018892923,8.687002182006836,14.576101303100586,0.138950765132904,-0.14589828252792358,2.715529441833496,0.14589828252792358,0.0,1.0,0.10614338517189023,0.4483931958675384,0.5468764305114746,0.0,0.0,0.10614338517189023,0.0,0.0
fast,13.153939469285099,11.67029857635498,15.338017463684082,0.138950765132904,-0.14589828252792358,2.715529441833496,0.14589828252792358,0.0,1.0,0.1071352362632751,0.4483931958675384,0.5273445844650269,0.0,0.0,0.1071352362632751,0.0,0.0
fast,13.524044168570672,11.877118110656738,16.19329261779785,0.046716213226318415,-0.14589828252792358,1.5255836248397827,0.14589828252792358,0.0,1.0,0.1190374493598938,0.4563280045986175,0.5273445844650269,0.0,0.0,0.1190374493598938,0.0,0.0
fast,13.931988913547217,12.35839557647705,17.068923950195312,0.046716213226318415,-0.05102849006652843,0.8909619450569153,0.05102849006652843,0.0,1.0,0.1190374493598938,0.4563280045986175,0.5273445844650269,0.0,0.0,0.1190374493598938,0.0,0.0
fast,14.227746464411418,12.35839557647705,17.068923950195312,0.046716213226318415,-0.05102849006652843,0.7352412343025208,0.05102849006652843,0.0,1.0,0.1150700449943542,0.4483931958675384,0.5009765923023224,0.0,0.0,0.1150700449943542,0.0,0.0
fast,14.487135785420735,12.35839557647705,17.068923950195312,0.046716213226318415,-0.05102849006652843,0.8222052454948425,0.05102849006652843,0.0,1.0,0.1150700449943542,0.4483931958675384,0.5009765923023224,0.0,0.0,0.1150700449943542,0.0,0.0
fast,14.709645737012227,12.35839557647705,17.068923950195312,0.046716213226318415,-0.05102849006652843,1.098669409751892,0.05102849006652843,0.0,1.0,0.0,0.4483931958675384,0.5009765923023224,0.0,0.0,0.0,0.0,0.0
fast,14.939130056699117,12.35839557647705,17.068923950195312,0.046716213226318415,-0.04288315773010254,1.098669409751892,0.046716213226318415,0.0,1.0,0.0,0.4563280045986175,0.5273445844650269,0.0,0.0,0.0,0.0,0.0
fast,15.284959250400943,12.822392463684082,17.068923950195312,0.046716213226318415,-0.04288315773010254,1.098669409751892,0.046716213226318415,0.0,1.0,0.0,0.5,0.6718802452087402,0.0,0.0,0.0,0.0,0.0
fast,15.635459836324056,13.743983268737791,17.068923950195312,0.046716213226318415,-0.04288315773010254,1.098669409751892,0.046716213226318415,0.0,1.0,0.0,0.4483931958675384,0.6718802452087402,0.0,0.0,0.0,0.0,0.0
fast,15.697274514834087,11.182822227478027,17.068923950195312,0.046716213226318415,-0.025154888629913386,1.098669409751892,0.046716213226318415,0.0,1.0,0.0,0.1349223256111145,0.6718802452087402,0.0,3.275383710861206,0.0,0.0,0.0
fast,15.020358961293216,6.9949140548706055,17.068923950195312,0.03449812531471258,-0.025154888629913386,1.098669409751892,0.03449812531471258,0.0,1.0,0.0,0.0,0.6718802452087402,0.0,3.275383710861206,0.0,0.0,0.0
fast,14.100029083093007,6.3483662605285645,17.068923950195312,0.03449812531471258,-0.025154888629913386,1.098669409751892,0.03449812531471258,0.0,1.0,0.0,0.0,0.29960019141435623,0.0,3.275383710861206,0.0,0.0,0.0
fast,13.039398637666876,5.278524875640869,16.960609436035156,0.03449812531471258,-0.025154888629913386,1.098669409751892,0.03449812531471258,0.0,1.0,0.0,0.0,0.0317392647266387,0.0,3.275383710861206,0.0,0.0,0.0
fast,11.557945000976325,0.0,16.92650604248047,0.03449812531471258,-0.025154888629913386,1.098669409751892,0.03449812531471258,0.0,1.0,0.0,0.0,0.03372296690940847,0.0,3.5,0.0,0.0,0.0
fast,9.985142077455919,0.0,16.92650604248047,0.023238331079483088,-0.025154888629913386,1.098669409751892,0.025154888629913386,0.0,1.0,0.0,0.0,0.03372296690940847,0.0,3.5,0.0,0.01487777382135385,0.0
fast,8.499823594698295,0.0,16.92650604248047,0.023238331079483088,-0.025154888629913386,0.9716971516609192,0.025154888629913386,0.0,1.0,0.0,0.0,0.0,0.0,3.5,0.0,0.0198370367288589,0.0
fast,7.01573751355211,0.0,16.92650604248047,0.023238331079483088,-0.025154888629913386,0.6834940910339355,0.025154888629913386,0.0,1.0,0.0,0.0,0.0,0.0,3.5,0.0,0.0198370367288589,0.0
fast,5.41302759711941,0.0,16.92650604248047,0.023238331079483088,-0.025154888629913386,0.4511108696460724,0.025154888629913386,0.0,0.5429700613021851,0.0,0.0,0.0,0.0,3.5,0.0,0.0198370367288589,0.0
fast,3.7393357203900814,0.0,16.473758697509766,0.006468398030847301,-0.0110202357172966,0.1993224918842315,0.0110202357172966,0.0,0.0,0.0,0.0,0.0,0.0,3.5,0.0,0.0198370367288589,0.0
fast,2.2621511926750344,0.0,11.036067962646484,0.005749687552452087,-0.0016769915819167813,0.1993224918842315,0.005749687552452087,0.0,0.0,0.0,0.0,0.0,0.0,3.5,0.0,0.0019837021827697,0.0
fast,1.4615386058506672,0.0,6.979119777679443,0.005749687552452087,-0.0016769915819167813,0.1993224918842315,0.005749687552452087,0.0,0.0,0.0,0.0,0.0,0.0,3.5,0.0,0.0,0.0
fast,0.7908040283620358,0.0,6.3417792320251465,0.005749687552452087,-0.0016769915819167813,0.1993224918842315,0.005749687552452087,0.0,0.0,0.0,0.0,0.0,0.0,3.5,0.0,0.0,0.0
fast,0.18211919213334718,0.0,5.178399085998535,0.005749687552452087,-0.0016769915819167813,0.1993224918842315,0.005749687552452087,0.0,0.0,0.0,0.0,0.0,0.0,3.5,0.0,0.0,0.0
fast,0.06139529688904683,0.0,2.3159706592559814,0.005749687552452087,-0.0016769915819167813,0.1993224918842315,0.005749687552452087,0.0,1.0,0.0,0.0,0.0,0.0,1.613223671913147,0.0,0.0,0.0
fast,0.5258324331726774,0.0,7.230633735656738,0.004791408777236994,-0.0016769915819167813,0.1993224918842315,0.004791408777236994,0.0,1.0,0.0,0.0,0.0,0.0,0.0932493060827255,0.0,0.0,0.0
fast,1.4561257917061448,0.0,10.759309768676758,0.014853358268737793,-0.0016769915819167813,0.3119205236434936,0.014853358268737793,0.0,1.0,0.0,0.0,0.791009247303009,0.0,0.0,0.0,0.0,0.0
fast,2.7021327207858366,0.0,14.11087131500244,0.027790158987045288,0.0,0.9769676923751832,0.027790158987045288,0.0,1.0,0.0,0.0,1.0,0.0,0.0,0.0,0.0,0.0
fast,4.199123635130624,0.0,15.455352783203123,0.027790158987045288,0.0,1.3188345432281494,0.027790158987045288,0.0,1.0,0.0,0.0,1.0,0.0,0.0,0.0,0.0,0.0
fast,5.708653892457286,0.0,15.45736026763916,0.027790158987045288,0.0,1.8327127695083616,0.027790158987045288,0.0,1.0,0.0,0.0,1.0,0.0,0.0,0.0,0.0,0.0
fast,7.2048547615980105,0.0,15.45736026763916,0.027790158987045288,-0.041206002235412376,2.218900203704834,0.041206002235412376,0.0,1.0,0.0,0.0,1.0,0.0,0.0,0.0,0.0,0.0
fast,8.732028984862069,0.0,16.266475677490234,0.027790158987045288,-0.04887235164642334,2.218900203704834,0.04887235164642334,0.0,1.0,0.0,0.6113315224647522,1.0,0.0,0.0,0.0,0.0,0.0
fast,10.403078513708158,0.0,16.942415237426758,0.027790158987045288,-0.04887235164642334,2.218900203704834,0.04887235164642334,0.0,1.0,0.0,0.7226630449295044,1.0,0.0,0.0,0.0,0.0,0.0
fast,12.086005921202402,0.0,16.942415237426758,0.027790158987045288,-0.04887235164642334,2.218900203704834,0.04887235164642334,0.0,1.0,0.0,0.7168034911155701,1.0,0.0,0.0,0.0,0.0,0.0
fast,13.66498165098773,2.3912830352783203,16.942415237426758,0.027790158987045288,-0.04887235164642334,2.218900203704834,0.04887235164642334,0.0,1.0,0.0,0.4960173368453979,1.0,0.0,0.0019837021827697,0.0,0.0,0.0
fast,14.594393273954978,7.32568883895874,16.942415237426758,0.027790158987045288,-0.04887235164642334,2.218900203704834,0.04887235164642334,0.0,1.0,0.0,0.0,1.0,0.0,1.1906063556671145,0.0,0.0,0.0
fast,14.808372243245442,10.77992057800293,16.942415237426758,0.027790158987045288,-0.09678640961647031,2.218900203704834,0.09678640961647031,0.0,1.0,0.0,0.0,0.9609363079071044,0.0,1.1906063556671145,0.0,0.0,0.0
fast,14.855641785368498,10.77992057800293,16.942415237426758,0.030904531478881836,-0.09678640961647031,2.218900203704834,0.09678640961647031,0.0,1.0,0.0,0.0,0.9765617847442628,0.0,1.1906063556671145,0.0,0.0,0.0
fast,14.815072989424003,10.77992057800293,16.942415237426758,0.07258975505828869,-0.09678640961647031,2.218900203704834,0.09678640961647031,0.0,1.0,0.0,0.0,1.0,0.0,1.1906063556671145,0.0,0.0,0.0
fast,14.775247399012247,10.77992057800293,16.942415237426758,0.07258975505828869,-0.09678640961647031,2.218900203704834,0.09678640961647031,0.0,1.0,0.0,0.0,1.0,0.0,1.1906063556671145,0.0,0.0,0.0
fast,14.698932865460714,10.77992057800293,16.942415237426758,0.07258975505828869,-0.09678640961647031,1.7124484777450562,0.09678640961647031,0.0,1.0,0.0,0.0,1.0,0.0,1.1906063556671145,0.0,0.0,0.0
fast,14.543882325490316,10.77992057800293,16.942415237426758,0.07258975505828869,-0.09678640961647031,0.816455602645874,0.09678640961647031,0.0,1.0,0.0,0.0,0.7177800834178925,0.0,1.1906063556671145,0.0,0.0,0.0
fast,14.284309333255406,10.77992057800293,16.842805862426758,0.07258975505828869,-0.09678640961647031,0.816455602645874,0.09678640961647031,0.0,1.0,0.0,0.1626941859722137,0.6796929836273193,0.0,1.1906063556671145,0.0,0.0,0.0
fast,14.118980410899065,10.77992057800293,16.595773696899414,0.07258975505828869,-0.09678640961647031,0.816455602645874,0.09678640961647031,0.0,1.0,0.0,0.3015839159488678,0.6835993528366089,0.0,1.1906063556671145,0.0,0.0,0.0
fast,14.012828351656596,10.77992057800293,16.274662017822266,0.07258975505828869,-0.09678640961647031,0.816455602645874,0.09678640961647031,0.0,1.0,0.0,0.3015839159488678,0.6835993528366089,0.0,1.1906063556671145,0.0,0.0,0.0
fast,14.143151090618764,10.77992057800293,15.554872512817385,0.07258975505828869,-0.09678640961647031,0.816455602645874,0.09678640961647031,0.0,1.0,0.2123019993305206,0.3055513203144073,0.6835993528366089,0.0,0.0,0.2123019993305206,0.0,0.0
fast,14.593241200447082,12.023991584777832,15.826045989990234,0.07258975505828869,-0.04983067512512207,0.0136555070057511,0.07258975505828869,0.0,1.0,0.2460249662399292,0.3055513203144073,0.6406292915344238,0.0,0.0,0.2460249662399292,0.0,0.0
fast,14.895459717114766,13.698116302490234,16.08131217956543,0.07258975505828869,-0.04983067512512207,0.0136555070057511,0.07258975505828869,0.0,1.0,0.2023682296276092,0.3015839159488678,0.5625019073486328,0.0,0.0,0.2023682296276092,0.0,0.0
fast,15.064470916341822,13.698116302490234,16.49366569519043,0.05054938793182351,-0.04983067512512207,0.2045930325984954,0.05054938793182351,0.0,0.6835993528366089,0.1587267816066742,0.2976165115833282,0.3333231806755066,0.0,0.0,0.1587267816066742,0.0,0.0
fast,15.261047507681187,13.698116302490234,17.10135841369629,0.05054938793182351,-0.04983067512512207,0.2045930325984954,0.05054938793182351,0.0,0.6835993528366089,0.2142857015132904,0.3055513203144073,0.3849146962165832,0.0,0.0,0.2142857015132904,0.0,0.0
fast,15.54868879477183,13.698116302490234,17.133346557617188,0.05054938793182351,-0.04983067512512207,0.2045930325984954,0.05054938793182351,0.0,0.6835993528366089,0.2261879444122314,0.3055513203144073,0.3849146962165832,0.0,3.5,0.2261879444122314,0.0,0.0
fast,15.41258079261334,11.31888198852539,17.133346557617188,0.05054938793182351,-0.04983067512512207,0.2747871279716491,0.05054938793182351,0.0,0.6835993528366089,0.1488082408905029,0.3015839159488678,0.3849146962165832,0.0,3.5,0.1488082408905029,0.0,0.0
fast,15.110291288693746,11.019396781921388,17.133346557617188,0.05054938793182351,-0.04983067512512207,0.2747871279716491,0.05054938793182351,0.0,0.6835993528366089,0.1071352362632751,0.2817316055297851,0.3055513203144073,0.0,3.5,0.1071352362632751,0.0,0.0
fast,14.652521054082227,9.993171691894531,17.133346557617188,0.05054938793182351,-0.04024791717529275,0.2747871279716491,0.05054938793182351,0.0,0.3849146962165832,0.0119022130966186,0.2063356339931488,0.3055513203144073,0.0,3.5,0.0119022130966186,0.0,0.0
fast,14.144086780643304,9.83371925354004,17.133346557617188,0.03904995322227478,-0.03689384460449219,0.2747871279716491,0.03904995322227478,0.0,1.0,0.0,0.2103182971477508,0.3055513203144073,0.0,3.5,0.0,0.0,0.0
fast,13.765798051424708,9.83371925354004,17.133346557617188,0.03904995322227478,-0.03689384460449219,0.2747871279716491,0.03904995322227478,0.0,1.0,0.0,0.2063356339931488,0.3849146962165832,0.0,3.5,0.0,0.0,0.0
fast,13.381984274455025,9.83371925354004,17.133346557617188,0.03904995322227478,-0.04479968547821034,0.2747871279716491,0.04479968547821034,0.0,1.0,0.0,0.1785638034343719,0.3849146962165832,0.0,3.5,0.0,0.0,0.0
fast,13.091323219935099,9.83371925354004,17.133346557617188,0.03904995322227478,-0.04479968547821034,0.2747871279716491,0.04479968547821034,0.0,1.0,0.0,0.2083269655704498,0.9853511154651642,0.0,3.5,0.0,0.0,0.0
fast,12.932665440241495,9.83371925354004,17.133346557617188,0.023477887734770803,-0.04479968547821034,0.2747871279716491,0.04479968547821034,0.0,1.0,0.0,0.35911130905151367,1.0,0.0,3.5,0.0,0.0,0.0
fast,12.799256140083223,9.83371925354004,17.133346557617188,0.024915337562560813,-0.0498305559158323,0.2747871279716491,0.0498305559158323,0.0,1.0,0.0,0.1984008252620697,1.0,0.0,3.5,0.0,0.0,0.0
fast,12.51651218255361,9.83371925354004,15.694002151489258,0.1205038428306579,-0.0498305559158323,0.6346217393875122,0.1205038428306579,0.0,1.0,0.0,0.1825312077999115,1.0,0.0,3.5,0.0,0.0,0.0
fast,12.164453735351563,8.312172889709473,15.694002151489258,0.12984710931777954,-0.2381328828632831,1.805641293525696,0.2381328828632831,0.0,1.0,0.0,0.2023682296276092,1.0,0.0,3.5,0.0,0.0,0.0
fast,12.07167376200358,8.312172889709473,15.694002151489258,0.18518781661987305,-0.2381328828632831,1.805641293525696,0.2381328828632831,0.0,1.0,0.0,0.7382885217666626,1.0,0.0,3.5,0.0,0.0,0.0
fast,12.378637787501017,8.312172889709473,15.694002151489258,0.18518781661987305,-0.2381328828632831,1.805641293525696,0.2381328828632831,0.0,1.0,0.08134707808494562,1.0,1.0,0.0,3.5,0.08134707808494562,0.0,0.0
fast,12.861405633290609,8.312172889709473,15.694002151489258,0.18518781661987305,-0.2381328828632831,1.805641293525696,0.2381328828632831,0.0,1.0,0.0079348087310791,0.8964812159538269,1.0,0.0,3.5,0.0079348087310791,0.0,0.0
fast,13.211208454767863,8.312172889709473,15.694002151489258,0.18518781661987305,-0.2381328828632831,1.883501648902893,0.2381328828632831,0.0,1.0,0.0148777663707733,0.6894589066505432,1.0,0.0,3.5,0.0148777663707733,0.0,0.0
fast,13.585244811375937,8.312172889709473,16.18166160583496,0.18518781661987305,-0.2381328828632831,1.883501648902893,0.2381328828632831,0.0,1.0,0.0714285671710968,0.7128971219062805,1.0,0.0,3.5,0.0714285671710968,0.0,0.0
fast,13.968470878601075,8.312172889709473,17.488279342651367,0.18518781661987305,-0.2381328828632831,1.883501648902893,0.2381328828632831,0.0,1.0,0.0714285671710968,0.7128971219062805,1.0,0.0,3.5,0.0714285671710968,0.0,0.0
fast,14.247278191248576,8.312172889709473,17.56778335571289,0.18518781661987305,-0.2381328828632831,1.883501648902893,0.2381328828632831,0.0,1.0,0.0,0.4880825281143188,1.0,0.0,3.5,0.0,0.0,0.0
fast,14.39361645100319,8.312172889709473,17.56778335571289,0.18518781661987305,-0.2381328828632831,1.883501648902893,0.2381328828632831,0.0,1.0,0.0,0.4404583871364593,1.0,0.0,3.5,0.0,0.0,0.0
fast,14.643922130266825,8.312172889709473,17.56778335571289,0.18518781661987305,-0.2381328828632831,1.883501648902893,0.2381328828632831,0.0,1.0,0.0,0.4424420893192291,1.0,0.0,3.5,0.0,0.0,0.0
fast,15.380425910188038,8.729025840759277,17.56778335571289,0.18518781661987305,-0.11451458930969227,1.883501648902893,0.18518781661987305,0.0,1.0,0.0,0.3571276068687439,1.0,0.0,0.0,0.0,0.0,0.0
fast,15.951872318585714,12.022353172302246,17.56778335571289,0.12122256861766789,-0.11451458930969227,1.883501648902893,0.12122256861766789,0.0,1.0,0.0,0.049607843160629245,0.791009247303009,0.0,0.0,0.0,0.0,0.0
fast,16.232873271306357,14.872509002685549,17.56778335571289,0.12122256861766789,-0.10732746124267578,1.883501648902893,0.12122256861766789,0.0,1.0,0.0,0.049607843160629245,0.5498062074184418,0.0,0.0,0.0,0.0,0.0
fast,16.406193579037986,14.94509983062744,17.56778335571289,0.12122256861766789,-0.10732746124267578,1.883501648902893,0.12122256861766789,0.0,1.0,0.0,0.0039674043655395,0.5234382152557373,0.0,0.5847697257995605,0.0,0.0,0.0
fast,16.13579982439677,9.848803520202637,17.56778335571289,0.062048707157373394,-0.10732746124267578,0.8104663491249084,0.10732746124267578,0.0,1.0,0.0,0.0,0.5234382152557373,0.0,1.2987608909606934,0.0,0.0,0.0
fast,15.497289579838961,8.88129997253418,17.56778335571289,0.03569597005844119,-0.07211065292358398,0.7922589778900146,0.07211065292358398,0.0,1.0,0.0,0.0,0.4801477193832397,0.0,1.2987608909606934,0.0,0.0,0.0
fast,15.005663708323448,8.88129997253418,17.56778335571289,0.0615694522857666,-0.07211065292358398,0.3121601045131683,0.07211065292358398,0.0,1.0,0.0,0.0,0.4801477193832397,0.0,1.2987608909606934,0.0,0.0,0.0
fast,14.738377232551574,8.88129997253418,17.189056396484375,0.09534898400306702,-0.07211065292358398,1.3102099895477295,0.09534898400306702,0.0,1.0,0.0,0.0,0.5234382152557373,0.0,1.2987608909606934,0.0,0.0,0.0
fast,14.629816590944927,8.88129997253418,16.951496124267578,0.09534898400306702,-0.07211065292358398,1.5720603466033936,0.09534898400306702,0.0,1.0,0.0,0.27578049898147583,0.861323893070221,0.0,1.2987608909606934,0.0,0.0,0.0
fast,14.607462474505107,8.88129997253418,16.951496124267578,0.09534898400306702,-0.07211065292358398,1.5720603466033936,0.09534898400306702,0.0,1.0,0.0,0.452360600233078,0.861323893070221,0.0,1.2987608909606934,0.0,0.0,0.0
fast,14.659284765214872,8.88129997253418,16.95533561706543,0.09534898400306702,-0.07211065292358398,1.5720603466033936,0.09534898400306702,0.0,1.0,0.0,0.5195318460464478,0.8632770776748657,0.0,1.2987608909606934,0.0,0.0,0.0
fast,14.764773569107057,8.88129997253418,16.976852416992188,0.09534898400306702,-0.07211065292358398,1.5720603466033936,0.09534898400306702,0.0,1.0,0.11407819390296933,0.5195318460464478,0.861323893070221,0.0,1.2987608909606934,0.11407819390296933,0.0,0.0
fast,14.801777305603027,8.88129997253418,16.976852416992188,0.09534898400306702,-0.07211065292358398,1.5720603466033936,0.09534898400306702,0.0,1.0,0.09027373790740963,0.3710135221481323,0.861323893070221,0.0,1.2987608909606934,0.09027373790740963,0.0,0.0
fast,14.757997337977091,8.88129997253418,16.976852416992188,0.09534898400306702,-0.08265161514282227,1.5720603466033936,0.09534898400306702,0.0,1.0,0.0039674043655395,0.2936490774154663,0.861323893070221,0.0,1.2987608909606934,0.0039674043655395,0.0,0.0
fast,15.08422309398651,8.88129997253418,16.976852416992188,0.10061955451965332,-0.08265161514282227,1.5720603466033936,0.10061955451965332,0.0,1.0,0.14087343215942383,0.4146702438592911,0.861323893070221,0.0,0.3964171111583709,0.14087343215942383,0.0,0.0
fast,15.739924176534016,10.194055557250977,16.976852416992188,0.10061955451965332,-0.08265161514282227,1.5720603466033936,0.10061955451965332,0.0,1.0,0.1537674963474273,0.517578661441803,0.726569414138794,0.0,0.0,0.1537674963474273,0.0,0.0
fast,16.150010048447548,13.777202606201172,16.976852416992188,0.10061955451965332,-0.08265161514282227,1.5720603466033936,0.10061955451965332,0.0,1.0,0.15277564525604245,0.3809472918510437,0.6328165531158447,0.0,0.0,0.15277564525604245,0.0,0.0
fast,16.275550835927326,15.38258171081543,16.976852416992188,0.10061955451965332,-0.08265161514282227,1.5720603466033936,0.10061955451965332,0.0,1.0,0.1537674963474273,0.329355776309967,0.530274361371994,0.0,0.0,0.1537674963474273,0.0,0.0
fast,16.274567368825277,15.580008506774902,16.976852416992188,0.10061955451965332,-0.08265161514282227,1.2893673181533811,0.10061955451965332,0.0,0.726569414138794,0.0863063335418701,0.2856990098953247,0.4801477193832397,0.0,0.0,0.0863063335418701,0.0,0.0
fast,16.193435923258463,15.492375373840332,16.976852416992188,0.10061955451965332,-0.08265161514282227,1.2893673181533811,0.10061955451965332,0.0,0.726569414138794,0.0793633759021759,0.2579271793365478,0.425580620765686,0.0,0.0,0.0793633759021759,0.0,0.0
fast,16.0630887439366,15.325724601745604,16.976852416992188,0.10061955451965332,-0.08265161514282227,1.2893673181533811,0.10061955451965332,0.0,0.726569414138794,0.0793633759021759,0.2023682296276092,0.329355776309967,0.0,0.0,0.0793633759021759,0.0,0.0
fast,15.87083992322286,14.790213584899902,16.896286010742188,0.10061955451965332,-0.08265161514282227,1.2876904010772705,0.10061955451965332,0.0,0.726569414138794,0.0238044261932373,0.1785638034343719,0.329355776309967,0.0,0.0,0.0238044261932373,0.0,0.0
fast,15.451148529052734,9.4917631149292,16.68224334716797,0.10061955451965332,-0.08265161514282227,0.4865672886371612,0.10061955451965332,0.0,0.726569414138794,0.0,0.1547593474388122,0.329355776309967,0.0,2.511688709259033,0.0,0.0,0.0
fast,14.769056005477905,9.260125160217283,16.07096290588379,0.10061955451965332,-0.04264348745346069,0.1732093244791031,0.10061955451965332,0.0,1.0,0.0,0.20038452744483945,0.3333231806755066,0.0,2.511688709259033,0.0,0.0,0.0
fast,14.298374791145324,9.260125160217283,16.05240821838379,0.024675738066434902,-0.04264348745346069,0.1732093244791031,0.04264348745346069,0.0,1.0,0.0228125751018524,0.2103182971477508,0.4801477193832397,0.0,2.511688709259033,0.0228125751018524,0.0,0.0
fast,13.832338811556498,9.260125160217283,16.05240821838379,0.024675738066434902,-0.04264348745346069,0.1732093244791031,0.04264348745346069,0.0,1.0,0.0,0.1547593474388122,0.329355776309967,0.0,2.511688709259033,0.0,0.0,0.0
fast,13.13958105826735,8.339301109313965,16.05240821838379,0.011978507041931152,-0.04264348745346069,0.1217017099261283,0.04264348745346069,0.0,1.0,0.0,0.0753959715366363,0.2579271793365478,0.0,2.511688709259033,0.0,0.0,0.0
fast,12.36642204284668,7.997923851013184,16.034440994262695,0.04312264919281006,-0.04264348745346069,0.0529450364410877,0.04312264919281006,0.0,1.0,0.0,0.0198370218276977,0.2103182971477508,0.0,2.511688709259033,0.0,0.0,0.0
fast,11.740995311737061,7.997923851013184,15.661338806152344,0.0498306192457676,-0.04264348745346069,0.4822550117969513,0.0498306192457676,0.0,1.0,0.0,0.0,0.24404126405715937,0.0,2.511688709259033,0.0,0.0,0.0
fast,11.096985207177164,7.997923851013184,15.494894981384276,0.0498306192457676,-0.0515076220035553,0.4832133054733276,0.0515076220035553,0.0,1.0,0.0,0.0,0.16269418597221375,0.0,2.511688709259033,0.0,0.0,0.0
fast,10.412555648485819,7.997923851013184,15.31748104095459,0.0498306192457676,-0.0515076220035553,0.4832133054733276,0.0515076220035553,0.0,1.0,0.0,0.0,0.2718130946159363,0.0,2.511688709259033,0.0,0.0,0.0
fast,9.982910521825154,7.997923851013184,14.781464576721191,0.0498306192457676,-0.0515076220035553,0.4832133054733276,0.0515076220035553,0.0,1.0,0.0,0.0,0.7831965088844299,0.0,2.511688709259033,0.0,0.0,0.0
fast,9.880458199183145,7.997923851013184,11.997849464416504,0.0498306192457676,-0.0515076220035553,0.4832133054733276,0.0515076220035553,0.0,1.0,0.0,0.0,0.7831965088844299,0.0,0.5906292796134949,0.0,0.0,0.0
fast,9.655678736368815,6.060155391693115,11.997849464416504,0.0498306192457676,-0.0515076220035553,0.6063524484634399,0.0515076220035553,0.0,1.0,0.0,0.0,0.7929624319076538,0.0,1.1554490327835083,0.0,0.0,0.0
fast,9.36642664750417,6.060155391693115,11.997849464416504,0.0498306192457676,-0.0515076220035553,0.7479384541511536,0.0515076220035553,0.0,1.0,0.0,0.0,0.9062471389770508,0.0,1.1554490327835083,0.0,0.0,0.0
fast,9.389487056732177,6.060155391693115,13.135035514831545,0.0498306192457676,-0.0515076220035553,1.1432294845581057,0.0515076220035553,0.0,1.0,0.0,0.0,1.0,0.0,1.1554490327835083,0.0,0.0,0.0
fast,9.922272375424702,6.060155391693115,15.434733390808104,0.0498306192457676,-0.0515076220035553,1.2277977466583252,0.0515076220035553,0.0,1.0,0.0,0.5761741995811462,1.0,0.0,1.1554490327835083,0.0,0.0,0.0
fast,10.748320323626201,6.060155391693115,17.794313430786133,0.0498306192457676,-0.0515076220035553,1.2277977466583252,0.0515076220035553,0.0,1.0,0.0,0.8945280313491821,1.0,0.0,1.1554490327835083,0.0,0.0,0.0
fast,11.641547024747565,6.060155391693115,19.01852035522461,0.029467135667800903,-0.0515076220035553,1.2277977466583252,0.0515076220035553,0.0,1.0,0.0,0.9062471389770508,1.0,0.0,1.1554490327835083,0.0,0.0,0.0
fast,12.596431085268657,6.060155391693115,19.01852035522461,0.029467135667800903,-0.03353989124298096,1.2277977466583252,0.03353989124298096,0.0,1.0,0.0,0.9062471389770508,1.0,0.0,3.5,0.0,0.0,0.0
fast,13.019848039944966,6.060155391693115,19.01852035522461,0.029467135667800903,-0.03353989124298096,1.2277977466583252,0.03353989124298096,0.0,1.0,0.0,0.8945280313491821,1.0,0.0,3.5,0.0,0.0,0.0
fast,12.330709197272856,0.0,19.01852035522461,0.029467135667800903,-0.03353989124298096,1.2277977466583252,0.03353989124298096,0.0,1.0,0.0,0.2658619880676269,1.0,0.0,3.5,0.0,0.0,0.0
fast,11.173635432471832,0.0,19.01852035522461,0.029467135667800903,-0.03353989124298096,1.2277977466583252,0.03353989124298096,0.0,1.0,0.0,0.2658619880676269,1.0,0.0,3.5,0.0,0.0,0.0
fast,10.442505264828602,0.0,19.01852035522461,0.021800875663757324,-0.03353989124298096,1.2277977466583252,0.03353989124298096,0.0,1.0,0.0,0.0,1.0,0.0,3.5,0.0,0.0,0.0
fast,9.62890080506603,0.0,19.01852035522461,0.0182073712348938,-0.03353989124298096,1.2277977466583252,0.03353989124298096,0.0,1.0,0.0,0.0,1.0,0.0,3.5,0.0,0.0,0.0
fast,8.660175963079492,0.0,19.01852035522461,0.017009496688842787,-0.03353989124298096,1.2277977466583252,0.03353989124298096,0.0,1.0,0.0,0.0,0.9785149693489075,0.0,3.5,0.0,0.0,0.0
fast,7.849492091729068,0.0,19.01852035522461,0.017009496688842787,-0.03353989124298096,1.001643419265747,0.03353989124298096,0.0,1.0,0.0,0.0,1.0,0.0,3.5,0.0,0.0,0.0
fast,7.198378120623529,0.0,19.01852035522461,0.017009496688842787,-0.02922755479812622,0.288682222366333,0.02922755479812622,0.0,1.0,0.0,0.0,1.0,0.0,3.5,0.0,0.0,0.0
fast,6.661904747159331,0.0,18.94353675842285,0.03425860404968262,-0.02922755479812622,0.288682222366333,0.03425860404968262,0.0,1.0,0.0,0.0,1.0,0.0,3.5,0.0,0.0,0.0
fast,6.293294202052056,0.0,17.23954963684082,0.03425860404968262,-0.02922755479812622,0.288682222366333,0.03425860404968262,0.0,1.0,0.0,0.0,1.0,0.0,3.5,0.0,0.0,0.0
fast,6.550544793965916,0.0,15.55946445465088,0.03425860404968262,-0.02922755479812622,0.288682222366333,0.03425860404968262,0.0,1.0,0.0,0.2916577607393265,1.0,0.0,3.5,0.0,0.0,0.0
fast,7.725658547692001,0.0,15.87112808227539,0.03425860404968262,-0.02922755479812622,0.2187276780605316,0.03425860404968262,0.0,1.0,0.0,0.5703146457672119,1.0,0.0,3.5,0.0,0.0,0.0
fast,9.332177275630334,0.0,16.217666625976562,0.03425860404968262,-0.02922755479812622,0.2187276780605316,0.03425860404968262,0.0,1.0,0.0,0.5703146457672119,1.0,0.0,0.0753959715366363,0.0,0.0,0.0
fast,10.9727661440894,0.0,16.597339630126953,0.03425860404968262,-0.02922755479812622,0.1315241008996963,0.03425860404968262,0.0,1.0,0.4077272713184356,0.5703146457672119,1.0,0.0,0.0,0.4077272713184356,0.0,0.0
fast,12.650130617432296,0.0,16.932653427124023,0.03425860404968262,-0.02922755479812622,0.0840891748666763,0.03425860404968262,0.0,1.0,0.4285561740398407,0.5703146457672119,1.0,0.0,0.0,0.4285561740398407,0.0,0.0
fast,14.176788099990311,3.809999942779541,17.183298110961914,0.03425860404968262,-0.02922755479812622,0.0579760111868381,0.03425860404968262,0.0,1.0,0.4126865267753601,0.4960173368453979,1.0,0.0,0.0,0.4126865267753601,0.0,0.0
fast,15.280673279341762,8.57470989227295,17.742250442504883,0.03425860404968262,-0.026831865310668834,0.0579760111868381,0.03425860404968262,0.0,1.0,0.3888821005821228,0.4642780721187591,1.0,0.0,0.0,0.3888821005821228,0.0,0.0
fast,16.123982259432474,11.628691673278809,19.07234764099121,0.03425860404968262,-0.01964479684829712,0.0579760111868381,0.03425860404968262,0.0,1.0,0.3888821005821228,0.4642780721187591,1.0,0.0,0.0,0.3888821005821228,0.0,0.0
fast,16.782517651285673,14.361105918884276,20.39398193359375,0.0177281796932221,-0.014134649187326404,0.0579760111868381,0.0177281796932221,0.0,1.0,0.3888821005821228,0.4642780721187591,1.0,0.0,0.0,0.3888821005821228,0.0,0.0
fast,17.377761691411337,15.26794719696045,21.75255966186523,0.0177281796932221,-0.014134649187326404,0.0579760111868381,0.0177281796932221,0.0,1.0,0.3928495049476623,0.4642780721187591,1.0,0.0,0.0,0.3928495049476623,0.0,0.0
fast,18.102243083318076,15.349496841430664,23.14220809936523,0.013655506074428503,-0.014134649187326404,0.0579760111868381,0.014134649187326404,0.317453533411026,1.0,0.4285561740398407,0.5468764305114746,1.0,0.0,0.0,0.4285561740398407,0.0,0.0
fast,18.925151419639587,15.879122734069824,24.534883499145508,0.014853358268737793,-0.030425429344177204,0.3289300203323364,0.030425429344177204,0.317453533411026,1.0,0.4285561740398407,1.0,1.0,0.0,0.0,0.4285561740398407,0.0,0.0
fast,19.8444785118103,16.22321128845215,25.962390899658203,0.0359355509281158,-0.030904569197446,0.4408093392848968,0.0359355509281158,0.317453533411026,1.0,0.4404583871364593,1.0,1.0,0.0,0.0,0.4404583871364593,0.0,0.0
fast,20.879830722808837,16.603900909423828,27.592266082763672,0.0359355509281158,-0.030904569197446,0.4408093392848968,0.0359355509281158,0.317453533411026,1.0,0.49499115347862244,1.0,1.0,0.0,0.0,0.49499115347862244,0.0,0.0
fast,22.05528930981954,16.937286376953125,29.435646057128903,0.0359355509281158,-0.030904569197446,0.4408093392848968,0.0359355509281158,0.317453533411026,1.0,1.0,1.0,1.0,0.0,0.0,1.0,0.0,0.0
fast,23.372694566373237,17.186105728149414,31.17555809020996,0.0359355509281158,-0.030904569197446,0.4408093392848968,0.0359355509281158,0.317453533411026,1.0,1.0,1.0,1.0,0.0,0.0,1.0,0.0,0.0
fast,24.76635994275411,17.764299392700195,31.20129776000977,0.0359355509281158,-0.030904569197446,0.4408093392848968,0.0359355509281158,0.0,1.0,1.0,1.0,1.0,0.0,0.0,1.0,0.0,0.0
fast,25.961399113337198,19.094635009765625,31.20129776000977,0.0359355509281158,-0.030904569197446,0.4408093392848968,0.0359355509281158,0.0,1.0,1.0,1.0,1.0,0.0,1.0734152793884275,1.0,0.0,0.0
fast,26.4702453581545,20.41649627685547,31.20129776000977,0.0359355509281158,-0.030904569197446,0.4408093392848968,0.0359355509281158,0.0,1.0,0.0,1.0,1.0,0.0,1.0734152793884275,0.0,0.0,0.0
fast,26.63991559007997,21.775379180908203,31.20129776000977,0.0359355509281158,-0.030904569197446,0.4408093392848968,0.0359355509281158,0.0,1.0,0.0,1.0,1.0,0.0,1.0734152793884275,0.0,0.0,0.0
fast,26.67615673383077,22.627965927124023,31.20129776000977,0.0359355509281158,-0.030904569197446,0.4408093392848968,0.0359355509281158,0.0,1.0,0.0,0.5156254768371582,1.0,0.0,1.0734152793884275,0.0,0.0,0.0
fast,26.557402108510335,22.48439598083496,31.20129776000977,0.0359355509281158,-0.027790144085884094,0.4408093392848968,0.0359355509281158,0.0,1.0,0.0,0.2281716465950012,1.0,0.0,1.0734152793884275,0.0,0.0,0.0
fast,26.251467739741006,21.93785285949707,31.20129776000977,0.020123904570937098,-0.027790144085884094,0.4408093392848968,0.027790144085884094,0.0,1.0,0.0,0.1547593474388122,1.0,0.0,1.0734152793884275,0.0,0.0,0.0
fast,25.74739574432373,21.53120994567871,31.20129776000977,0.020123904570937098,-0.027790144085884094,0.3430646657943725,0.027790144085884094,0.0,1.0,0.0,0.0,0.3928495049476623,0.0,1.0734152793884275,0.0,0.0,0.0
fast,25.033224420547484,21.27004623413086,31.20129776000977,0.020123904570937098,-0.027790144085884094,0.3430646657943725,0.027790144085884094,0.0,1.0,0.0,0.0,0.18054750561714167,0.0,1.0734152793884275,0.0,0.0,0.0
fast,24.00428840840319,16.698373794555664,31.20129776000977,0.020123904570937098,-0.027790144085884094,0.3430646657943725,0.027790144085884094,0.0,0.5156254768371582,0.0,0.0,0.0912655889987945,0.0,2.2421491146087646,0.0,0.0,0.0
fast,22.248479531606037,12.508362770080566,31.088048934936523,0.020123904570937098,-0.0218008966185152,0.1698553413152694,0.0218008966185152,0.0,0.5156254768371582,0.0,0.0,0.0912655889987945,0.0,2.2421491146087646,0.0,0.0,0.0
fast,20.345762088820212,9.15684413909912,27.774627685546875,0.020123904570937098,-0.019884333014488206,0.1638660877943039,0.020123904570937098,0.0,0.5156254768371582,0.0,0.0,0.0912655889987945,0.0,2.2421491146087646,0.0,0.0,0.0
fast,18.560053516228994,6.336177825927734,22.972078323364254,0.03473770618438721,-0.0179677717387675,0.4669225215911865,0.03473770618438721,0.0,0.5156254768371582,0.0,0.0,0.0912655889987945,0.0,2.2421491146087646,0.0,0.0,0.0
fast,17.04459518353144,6.331592082977295,22.827667236328125,0.03473770618438721,-0.17368853092193604,0.4669225215911865,0.17368853092193604,0.0,1.0,0.0,0.0,0.16467788815498346,0.0,2.2421491146087646,0.0,0.0,0.0
fast,15.76414887825648,6.331592082977295,22.80933952331543,0.17105317115783647,-0.17368853092193604,0.4669225215911865,0.17368853092193604,0.0,1.0,0.0,0.0,0.1547593474388122,0.0,2.2421491146087646,0.0,0.0,0.0
fast,14.61343575557073,6.331592082977295,22.477375030517575,0.22040462493896484,-0.17368853092193604,0.5764061212539673,0.22040462493896484,0.0,1.0,0.0,0.0,0.38987395167350763,0.0,2.2421491146087646,0.0,0.0,0.0
fast,13.698139011859894,6.331592082977295,21.929840087890625,0.22040462493896484,-0.17368853092193604,0.5764061212539673,0.22040462493896484,0.0,1.0,0.0,0.0,1.0,0.0,2.2421491146087646,0.0,0.0,0.0
fast,13.027692180474599,6.331592082977295,21.525678634643555,0.22040462493896484,-0.17368853092193604,0.5764061212539673,0.22040462493896484,0.0,1.0,0.0,0.0,1.0,0.0,2.2421491146087646,0.0,0.0,0.0
fast,12.595614019234976,6.331592082977295,21.266902923583984,0.22040462493896484,-0.17368853092193604,0.5764061212539673,0.22040462493896484,0.0,1.0,0.0,1.0,1.0,0.0,2.2421491146087646,0.0,0.0,0.0
fast,12.517222661177318,6.331592082977295,20.194185256958008,0.22040462493896484,-0.17368853092193604,0.5764061212539673,0.22040462493896484,0.0,1.0,0.0,1.0,1.0,0.0,2.2421491146087646,0.0,0.0,0.0
fast,13.261019750436146,6.331592082977295,21.880033493041992,0.22040462493896484,-0.17368853092193604,0.5764061212539673,0.22040462493896484,0.0,1.0,0.39979246258735657,1.0,1.0,0.0,0.6164159178733826,0.39979246258735657,0.0,0.0
fast,14.384977982563901,6.331592082977295,23.06490898132324,0.22040462493896484,-0.17368853092193604,0.5764061212539673,0.22040462493896484,0.0,1.0,1.0,1.0,1.0,0.0,0.4734382033348083,1.0,0.0,0.0
fast,16.0202071774185,6.331592082977295,24.249935150146484,0.22040462493896484,-0.17368853092193604,0.5764061212539673,0.22040462493896484,0.0,1.0,1.0,1.0,1.0,0.0,0.0,1.0,0.0,0.0
fast,17.760339784622193,9.1680326461792,25.496566772460938,0.22040462493896484,-0.05510091781616211,0.5764061212539673,0.22040462493896484,0.0,1.0,1.0,1.0,1.0,0.0,0.0,1.0,0.0,0.0
fast,19.378358534177146,10.23395538330078,26.742759704589844,0.22040462493896484,-0.0385708212852478,0.5764061212539673,0.22040462493896484,1.0,1.0,1.0,1.0,1.0,0.0,0.0,1.0,0.0,0.0
fast,21.00141245365143,12.104677200317385,27.99911117553711,0.021561339497566223,-0.0220404714345932,0.2745475769042969,0.0220404714345932,1.0,1.0,1.0,1.0,1.0,0.0,0.0,1.0,0.0,0.0
fast,22.56077239672343,14.031426429748535,29.26010513305664,0.021561339497566223,-0.0220404714345932,0.2745475769042969,0.0220404714345932,1.0,1.0,1.0,1.0,1.0,0.0,0.0,1.0,0.0,0.0
fast,24.04957445144653,16.042423248291016,30.510766983032227,0.0170094966888428,-0.010780662298202515,0.2745475769042969,0.0170094966888428,0.8906216621398926,1.0,1.0,1.0,1.0,0.0,0.0,1.0,0.0,0.0
fast,25.438709972298803,18.139232635498047,31.41679573059082,0.0170094966888428,-0.010780662298202515,0.2745475769042969,0.0170094966888428,0.0,1.0,1.0,1.0,1.0,0.0,0.0,1.0,0.0,0.0
fast,26.54618149757385,20.227813720703125,31.41679573059082,0.0170094966888428,-0.010780662298202515,0.2745475769042969,0.0170094966888428,0.0,1.0,1.0,1.0,1.0,0.0,2.6913814544677734,1.0,0.0,0.0
fast,26.697650431790613,18.351654052734375,31.41679573059082,0.014134652912616716,-0.009103670716285678,0.2745475769042969,0.014134652912616716,0.0,1.0,0.8906216621398926,1.0,1.0,0.0,3.3203070163726807,0.8906216621398926,0.0,0.0
fast,25.833806466180615,9.49824333190918,31.41679573059082,0.014134652912616716,-0.009103670716285678,0.2745475769042969,0.014134652912616716,0.0,1.0,0.0,1.0,1.0,0.0,3.5,0.0,0.0,0.0
fast,23.922787121845758,0.6092254519462585,31.41679573059082,0.014134652912616716,-0.009103670716285678,0.2745475769042969,0.014134652912616716,0.0,1.0,0.0,0.8906216621398926,1.0,0.0,3.5,0.0,0.0,0.0
fast,21.434688695669173,0.0,31.41679573059082,0.010780664160847699,-0.009103670716285678,0.2745475769042969,0.010780664160847699,0.0,1.0,0.0,0.0,1.0,0.0,3.5,0.0,0.0,0.0
fast,18.82183840473493,0.0,31.41679573059082,0.010780664160847699,-0.009103670716285678,0.2731101512908935,0.010780664160847699,0.0,1.0,0.0,0.0,1.0,0.0,3.5,0.0,0.15991088747978205,0.0
fast,16.083738025426864,0.0,31.41679573059082,0.010780664160847699,-0.009103670716285678,0.2731101512908935,0.010780664160847699,0.0,1.0,0.0,0.0,0.8906216621398926,0.0,3.5,0.0,0.15991088747978205,0.0
fast,13.241833096553567,0.0,31.41679573059082,0.010780664160847699,-0.009103670716285678,0.2731101512908935,0.010780664160847699,0.0,1.0,0.0,0.0,0.0,0.0,3.5,0.0,0.1618945896625518,0.0
fast,10.229539067347844,0.0,31.41679573059082,0.010780664160847699,-0.009103670716285678,0.2666417360305786,0.010780664160847699,0.0,0.8906216621398926,0.0,0.0,0.0,0.0,3.5,0.0,0.15991088747978205,0.0
fast,7.176227821111679,0.0,31.374794006347656,0.010780664160847699,-0.0076662488281726004,0.1013382375240325,0.010780664160847699,0.0,0.0,0.0,0.0,0.0,0.0,3.5,0.0,0.15991088747978205,0.0
fast,4.108593794902165,0.0,26.845272064208984,0.010780664160847699,-0.0076662488281726004,0.0982238203287124,0.010780664160847699,0.0,0.0,0.0,0.0,0.0,0.0,3.5,0.0,0.0,0.0
normal,0.022556944030379014,0.0,1.0972505807876587,0.0011978521943092,-0.0239570308476686,0.0,0.0239570308476686,0.0,0.6171910762786865,0.5,0.5,0.5,0.0,0.449999988079071,0.5,0.449999988079071,0.449999988079071
normal,0.270900253917401,0.0,3.640978574752808,0.0011978521943092,-0.08959925174713113,0.0,0.08959925174713113,0.0,0.6171910762786865,0.5,0.5,0.5,0.0,0.449999988079071,0.5,0.449999988079071,0.449999988079071
normal,0.706474086941408,0.0,4.864949703216553,0.06061124801635742,-0.08959925174713113,0.0,0.08959925174713113,0.0,0.6171910762786865,0.5,0.5,0.5,0.0,0.449999988079071,0.5,0.449999988079071,0.0
normal,1.201607791647936,0.0,4.943400859832764,0.06061124801635742,-0.08959925174713113,0.0,0.08959925174713113,0.0,0.6171910762786865,0.5,0.5,0.5,0.0,0.449999988079071,0.5,0.449999988079071,0.0
normal,1.703642249967282,0.0,5.095399379730225,0.07522499561309814,-0.08959925174713113,0.0,0.08959925174713113,0.0,0.6171910762786865,0.26090273261070246,0.5,0.5,0.0,0.449999988079071,0.26090273261070246,0.449999988079071,0.0
normal,2.2195263362582773,0.0,5.227612018585205,0.10277564823627472,-0.08959925174713113,0.7201483249664307,0.10277564823627472,0.0,0.6171910762786865,0.1825312077999115,0.5,0.5,0.0,0.449999988079071,0.1825312077999115,0.0,0.0
normal,2.74610952694843,0.0,5.394124507904053,0.10277564823627472,-0.08959925174713113,2.0049638748168945,0.10277564823627472,0.0,0.6171910762786865,0.1825312077999115,0.3888821005821228,0.5,0.0,0.449999988079071,0.1825312077999115,0.0,0.0
normal,3.3165738487895577,0.0,6.191471099853516,0.10277564823627472,-0.08959925174713113,2.0049638748168945,0.10277564823627472,0.0,0.6171910762786865,0.1825312077999115,0.2777642011642456,0.5,0.0,0.449999988079071,0.1825312077999115,0.0,0.0
normal,4.005537145997708,0.0,7.554140090942383,0.10277564823627472,-0.08959925174713113,2.0049638748168945,0.10277564823627472,0.0,0.6171910762786865,0.1825312077999115,0.2777642011642456,0.5117191076278687,0.0,0.449999988079071,0.1825312077999115,0.0,0.0
normal,4.819133904288353,0.0,8.814464569091797,0.10277564823627472,-0.08959925174713113,2.0049638748168945,0.10277564823627472,0.0,0.6171910762786865,0.1825312077999115,0.2698293924331665,0.5195318460464478,0.0,0.449999988079071,0.1825312077999115,0.0,0.0
normal,5.735925012936013,1.1443272829055786,9.885107040405272,0.10277564823627472,-0.08959925174713113,2.0049638748168945,0.10277564823627472,0.1468245387077331,0.6171910762786865,0.1825312077999115,0.3888821005821228,0.5195318460464478,0.0,0.0,0.1825312077999115,0.0,0.0
normal,6.507335741917292,3.677818298339844,10.308157920837402,0.10277564823627472,-0.04863262176513672,2.0049638748168945,0.10277564823627472,0.1468245387077331,0.5429700613021851,0.1825312077999115,0.3491927981376648,0.4890743792057037,0.0,0.0,0.1825312077999115,0.0,0.0
normal,7.103802522287988,4.844850063323975,10.534642219543455,0.10277564823627472,-0.04647660255432129,2.0049638748168945,0.10277564823627472,0.1468245387077331,0.5429700613021851,0.1825312077999115,0.2658619880676269,0.4801477193832397,0.0,0.0,0.1825312077999115,0.0,0.0
normal,7.693730660279592,4.9459028244018555,10.927184104919434,0.10277564823627472,-0.04647660255432129,2.0049638748168945,0.10277564823627472,0.1825312077999115,0.5429700613021851,0.1904660165309906,0.3452253937721252,0.4811395704746246,0.0,0.0,0.1904660165309906,0.0,0.0
normal,8.31244322458903,5.097965717315674,11.491620063781738,0.10277564823627472,-0.04647660255432129,2.0049638748168945,0.10277564823627472,0.1825312077999115,0.5429700613021851,0.2103182971477508,0.3491927981376648,0.4811395704746246,0.0,0.0,0.2103182971477508,0.0,0.0
normal,8.978431394894917,5.230345249176025,12.202316284179688,0.051268041133880615,-0.04647660255432129,2.0049638748168945,0.051268041133880615,0.1904660165309906,0.5703146457672119,0.329355776309967,0.4364909827709198,0.5195318460464478,0.0,0.0,0.329355776309967,0.0,0.0
normal,9.704330739974976,5.397281646728516,12.823598861694336,0.02922755479812622,-0.04647660255432129,2.0049638748168945,0.04647660255432129,0.1944334208965301,0.5703146457672119,0.3491927981376648,0.452360600233078,0.5195318460464478,0.0,0.0,0.3491927981376648,0.0,0.0
normal,10.43916352669398,6.214764595031738,13.155354499816896,0.02922755479812622,-0.04647660255432129,1.517438292503357,0.04647660255432129,0.1944334208965301,0.5703146457672119,0.3491927981376648,0.4404583871364593,0.5195318460464478,0.0,0.0,0.3491927981376648,0.0,0.0
normal,11.074146349430084,7.575362205505371,13.279803276062012,0.02922755479812622,-0.037852106615900896,0.3198263645172119,0.037852106615900896,0.1944334208965301,0.5703146457672119,0.329355776309967,0.3710135221481323,0.4761803150177002,0.0,0.0,0.329355776309967,0.0,0.0
normal,11.572485019283961,8.835738182067871,13.284711837768556,0.03377941250801092,-0.03066498041152954,-0.0309045687317848,0.03377941250801092,0.0,0.5703146457672119,0.2856990098953247,0.3491927981376648,0.4603106677532196,0.0,0.0,0.2856990098953247,0.0,0.0
normal,11.927705149650574,9.89263916015625,13.284711837768556,0.03377941250801092,-0.026352733373642023,0.1358363628387451,0.03377941250801092,0.0,0.5703146457672119,0.2182531058788299,0.3412579894065857,0.404751718044281,0.0,0.0,0.2182531058788299,0.0,0.0
normal,12.193410646120707,10.315001487731934,13.284711837768556,0.03377941250801092,-0.026352733373642023,0.1660222113132476,0.03377941250801092,0.0,0.5703146457672119,0.14980009198188782,0.3134861290454864,0.404751718044281,0.0,0.0,0.14980009198188782,0.0,0.0
normal,12.411324782371521,10.541563987731934,13.284711837768556,0.03377941250801092,-0.01868647336959839,0.1660222113132476,0.03377941250801092,0.0,0.5703146457672119,0.1269875168800354,0.2896664142608642,0.404751718044281,0.0,0.0,0.1269875168800354,0.0,0.0
normal,12.576292638778687,10.934814453125,13.284711837768556,0.03377941250801092,-0.0222800385672598,0.1660222113132476,0.03377941250801092,0.0,0.5703146457672119,0.1269875168800354,0.2142857015132904,0.404751718044281,0.0,0.0,0.1269875168800354,0.0,0.0
normal,12.669497941335042,11.501522064208984,13.284711837768556,0.03377941250801092,-0.0222800385672598,0.1660222113132476,0.03377941250801092,0.0,0.5703146457672119,0.087298184633255,0.1269875168800354,0.3372905850410461,0.0,0.0,0.087298184633255,0.0,0.0
normal,12.678080796001352,11.7680025100708,13.284711837768556,0.03377941250801092,-0.0222800385672598,0.1660222113132476,0.03377941250801092,0.0,0.5703146457672119,0.0634937584400177,0.1269875168800354,0.230155348777771,0.0,0.0,0.0634937584400177,0.0,0.0
normal,12.591592526435852,11.690103530883787,13.284711837768556,0.03377941250801092,-0.0222800385672598,0.1660222113132476,0.03377941250801092,0.0,0.365062415599823,0.0634937584400177,0.1269875168800354,0.2142857015132904,0.0,0.0,0.0634937584400177,0.0,0.0
normal,12.48101195971171,11.690103530883787,13.284711837768556,0.03377941250801092,-0.0222800385672598,0.1660222113132476,0.03377941250801092,0.0,0.3491927981376648,0.0634937584400177,0.1269875168800354,0.2142857015132904,0.0,0.0,0.0634937584400177,0.0,0.0
normal,12.38702527999878,11.690103530883787,13.284711837768556,0.03377941250801092,-0.0222800385672598,0.1660222113132476,0.03377941250801092,0.0,0.3491927981376648,0.0634937584400177,0.1269875168800354,0.2142857015132904,0.0,0.0,0.0634937584400177,0.0,0.0
normal,12.329562312761942,11.690103530883787,13.069663047790527,0.015332497656345298,-0.0222800385672598,0.1660222113132476,0.0222800385672598,0.0,0.3491927981376648,0.0674611628055572,0.1269875168800354,0.273796796798706,0.0,0.0,0.0674611628055572,0.0,0.0
normal,12.344949380556743,11.690103530883787,13.328913688659668,0.008624531328678103,-0.0222800385672598,0.1660222113132476,0.0222800385672598,0.0634937584400177,0.3491927981376648,0.078371524810791,0.1269875168800354,0.273796796798706,0.0,0.0,0.078371524810791,0.0,0.0
normal,12.408835948308308,11.690103530883787,13.473435401916504,0.008624531328678103,-0.0222800385672598,0.1341593712568283,0.0222800385672598,0.0634937584400177,0.3491927981376648,0.078371524810791,0.1745963990688324,0.273796796798706,0.0,0.0,0.078371524810791,0.0,0.0
normal,12.50641174475352,11.690103530883787,13.668306350708008,0.008624531328678103,-0.0222800385672598,0.1341593712568283,0.0222800385672598,0.0634937584400177,0.3491927981376648,0.078371524810791,0.1944334208965301,0.273796796798706,0.0,0.0,0.078371524810791,0.0,0.0
normal,12.633565754890443,11.690103530883787,13.712114334106444,0.008624531328678103,-0.006228827871382199,0.1341593712568283,0.008624531328678103,0.0,0.3491927981376648,0.0634937584400177,0.1944334208965301,0.273796796798706,0.0,0.0,0.0634937584400177,0.0,0.0
normal,12.759924329121908,11.690103530883787,13.712114334106444,0.008624531328678103,-0.006228827871382199,0.1439817547798156,0.008624531328678103,0.0,0.3491927981376648,0.0634937584400177,0.1944334208965301,0.273796796798706,0.0,0.0,0.0634937584400177,0.0,0.0
normal,12.875355856985895,11.690103530883787,13.712114334106444,0.008624531328678103,-0.006228827871382199,0.1439817547798156,0.008624531328678103,0.0,0.3491927981376648,0.0317392647266387,0.1944334208965301,0.273796796798706,0.0,0.0,0.0317392647266387,0.0,0.0
normal,12.965606600443522,11.76724910736084,13.712114334106444,0.008624531328678103,-0.007666248828172701,0.1439817547798156,0.008624531328678103,0.0,0.3491927981376648,0.0,0.1785638034343719,0.273796796798706,0.0,0.1499923765659332,0.0,0.0,0.0
normal,12.858453726768493,9.421589851379396,13.712114334106444,0.008624531328678103,-0.007666248828172701,0.1439817547798156,0.008624531328678103,0.0,0.3491927981376648,0.0,0.12897121906280515,0.273796796798706,0.0,0.2849147021770477,0.0,0.0,0.0
normal,12.44176826953888,7.140030860900879,13.712114334106444,0.008624531328678103,-0.007666248828172701,0.1439817547798156,0.008624531328678103,0.0,0.3134861290454864,0.0,0.0,0.1944334208965301,0.0,0.2849147021770477,0.0,0.0,0.0
normal,11.811490714550018,5.649216651916504,13.712114334106444,0.008624531328678103,-0.007666248828172701,0.1439817547798156,0.008624531328678103,0.0,0.3134861290454864,0.0,0.0,0.1666615903377533,0.0,0.2849147021770477,0.0,0.0,0.0
normal,10.962698428630828,3.459824562072754,13.712114334106444,0.00622882694005969,-0.007666248828172701,0.1439817547798156,0.007666248828172701,0.0,0.2936490774154663,0.0,0.0,0.019837029278278323,0.0,0.2849147021770477,0.0,0.0,0.0
normal,9.691251243924102,0.0,13.712114334106444,0.00622882694005969,-0.007666248828172701,0.1439817547798156,0.007666248828172701,0.0,0.1944334208965301,0.0,0.0,0.0,0.0,0.2849147021770477,0.0,0.1301553547382354,0.0
normal,8.333058483774463,0.0,13.712114334106444,0.00622882694005969,-0.007666248828172701,0.1439817547798156,0.007666248828172701,0.0,0.1666615903377533,0.0,0.0,0.0,0.0,0.2849147021770477,0.0,0.1301553547382354,0.0
normal,6.966536988591154,0.0,13.557427406311035,0.00622882694005969,-0.007666248828172701,0.1439817547798156,0.007666248828172701,0.0,0.0,0.0,0.0,0.0,0.0,0.2849147021770477,0.0,0.1301553547382354,0.0
normal,5.626226089174549,0.0,13.23582363128662,0.0,-0.007666248828172701,0.1372737884521484,0.007666248828172701,0.0,0.0,0.0,0.0,0.0,0.0,0.2849147021770477,0.0,0.1301553547382354,0.0
normal,4.320010658279061,0.0,12.878896713256836,0.0,-0.007666248828172701,0.106369212269783,0.007666248828172701,0.0,0.0,0.0,0.0,0.0,0.0,0.2849147021770477,0.0,0.1301553547382354,0.0
normal,3.0595175911734502,0.0,12.065670013427734,0.0,-0.005749686621129499,-0.0119785154238343,0.005749686621129499,0.0,0.0,0.0,0.0,0.0,0.0,0.2849147021770477,0.0,0.1301553547382354,0.0
normal,1.9765307722240686,0.0,9.375319480895996,0.0,0.0,-0.0383312478661537,0.0,0.0,0.0,0.0,0.0,0.0,0.0,0.257127583026886,0.0,0.0,0.0
normal,1.1632567892223598,0.0,7.112302303314209,0.0,0.0,-0.0383312478661537,0.0,0.0,0.0,0.0,0.0,0.0,0.0,0.1737968176603317,0.0,0.0,0.0
normal,0.5278062981118758,0.0,5.627118110656738,0.012457655742764497,-0.004791405051946598,-0.0119785154238343,0.012457655742764497,0.0,0.0,0.0,0.0,0.0,0.0,0.1737968176603317,0.0,0.0,0.0
normal,0.06837663826843103,0.0,3.314939260482788,0.012457655742764497,-0.004791405051946598,-0.0100619522854685,0.012457655742764497,0.0,0.0,0.0,0.0,0.0,0.0,0.1737968176603317,0.0,0.0,0.0
normal,0.004731198189159233,0.0,0.3533538579940796,0.013895076699555,-0.0088641011388972,0.0313837081193923,0.013895076699555,0.0,0.365062415599823,0.0,0.0,0.0,0.0,0.0,0.0,0.0,0.0
normal,0.004731198189159233,0.0,0.3533538579940796,0.013895076699555,-0.0088641011388972,0.0313837081193923,0.013895076699555,0.0,0.365062415599823,0.0,0.0,0.0,0.0,0.0,0.0,0.0,0.0
normal,0.004739096683631954,0.0,0.3533538579940796,0.013895076699555,-0.0088641011388972,0.0313837081193923,0.013895076699555,0.0,0.365062415599823,0.0,0.0,0.0,0.0,0.0,0.0,0.0,0.0
normal,0.004739096683631954,0.0,0.3533538579940796,0.013895076699555,-0.0088641011388972,0.0313837081193923,0.013895076699555,0.0,0.365062415599823,0.0,0.0,0.0,0.0,0.0,0.0,0.0,0.0
normal,0.004731198189159233,0.0,0.3533538579940796,0.013895076699555,-0.012697227299213396,0.0313837081193923,0.013895076699555,0.0,0.365062415599823,0.0,0.0,0.0,0.0,0.0,0.0,0.0,0.0
normal,0.004731198189159233,0.0,0.3533538579940796,0.013895076699555,-0.028508871793746893,0.0313837081193923,0.028508871793746893,0.0,0.365062415599823,0.0,0.0,0.0,0.0,0.0,0.0,0.0,0.0
normal,0.004731198189159233,0.0,0.3533538579940796,0.013895076699555,-0.028508871793746893,0.0313837081193923,0.028508871793746893,0.0,0.365062415599823,0.0,0.0,0.0,0.0,0.0,0.0,0.0,0.0
normal,0.004731198189159233,0.0,0.3533538579940796,0.013895076699555,-0.028508871793746893,0.0313837081193923,0.028508871793746893,0.0,0.365062415599823,0.0,0.0,0.0,0.0,0.0,0.0,0.0,0.0
normal,0.004739096683631954,0.0,0.3533538579940796,0.013895076699555,-0.028508871793746893,0.0313837081193923,0.028508871793746893,0.0,0.365062415599823,0.0,0.0,0.0,0.0,0.0,0.0,0.0,0.0
normal,0.004731198189159233,0.0,0.3533538579940796,0.0045518428087234775,-0.028508871793746893,-0.0148533582687377,0.028508871793746893,0.0,0.365062415599823,0.0,0.0,0.0,0.0,0.0,0.0,0.0,0.0
normal,0.06101196755034228,0.0,1.733468770980835,0.0,0.0,-0.2817346751689911,0.0,0.0,0.6015655994415283,0.0,0.0,0.0,0.0,0.0,0.0,0.0,0.0
normal,0.32151799052022395,0.0,3.220625877380371,0.1231391429901123,0.0,2.7857234477996826,0.1231391429901123,0.0,0.6015655994415283,0.0,0.0,0.08035522699356078,0.0,0.0,0.0,0.0,0.0
normal,0.6672088341818502,0.0,3.5577452182769775,0.1231391429901123,-0.05102849006652832,3.988126754760742,0.1231391429901123,0.0,0.6015655994415283,0.0,0.0,0.1507919430732727,0.0,0.0,0.0,0.0,0.0
normal,1.0269959359274556,0.0,3.664429903030395,0.1231391429901123,-0.09055757522582986,3.988126754760742,0.1231391429901123,0.0,0.6015655994415283,0.0,0.0,0.1547593474388122,0.0,0.0,0.0,0.0,0.0
normal,1.4321169810400656,0.0,4.575037479400635,0.1231391429901123,-0.09055757522582986,3.988126754760742,0.1231391429901123,0.0,0.6015655994415283,0.0,0.1031678318977356,0.2499923706054687,0.0,0.0,0.0,0.0,0.0
normal,1.9381590973424683,0.0,5.70438814163208,0.1231391429901123,-0.09055757522582986,3.988126754760742,0.1231391429901123,0.0,0.6015655994415283,0.0,0.1269875168800354,0.3333231806755066,0.0,0.0,0.0,0.0,0.0
normal,2.5920359513070435,0.0,7.388383865356445,0.1231391429901123,-0.09055757522582986,3.988126754760742,0.1231391429901123,0.0,0.7382885217666626,0.08233892917633052,0.1984008252620697,0.3769798874855041,0.0,0.0,0.08233892917633052,0.0,0.0
normal,3.3988354679848998,0.0,8.648443222045898,0.1231391429901123,-0.09055757522582986,3.988126754760742,0.1231391429901123,0.0,0.7382885217666626,0.1031678318977356,0.2936490774154663,0.4999847412109375,0.0,0.0,0.1031678318977356,0.0,0.0
normal,4.304773702934534,0.0,9.607259750366213,0.1231391429901123,-0.09055757522582986,3.988126754760742,0.1231391429901123,0.0,0.7382885217666626,0.1547593474388122,0.3452253937721252,0.4999847412109375,0.0,0.0,0.1547593474388122,0.0,0.0
normal,5.296992741055625,0.0,10.04319190979004,0.1231391429901123,-0.09055757522582986,3.988126754760742,0.1231391429901123,0.1031678318977356,0.7382885217666626,0.2499923706054687,0.3769798874855041,0.4999847412109375,0.0,0.0,0.2499923706054687,0.0,0.0
normal,6.250653659303983,1.7757314443588257,10.079612731933594,0.1231391429901123,-0.09055757522582986,3.988126754760742,0.1231391429901123,0.1031678318977356,0.7382885217666626,0.20534378290176392,0.3452253937721252,0.4761803150177002,0.0,0.0,0.20534378290176392,0.0,0.0
normal,6.9647646407286325,3.2360827922821045,10.079612731933594,0.09798431396484375,-0.09055757522582986,3.988126754760742,0.09798431396484375,0.0277718305587768,0.7382885217666626,0.1468245387077331,0.3333231806755066,0.4761803150177002,0.0,0.0,0.1468245387077331,0.0,0.0
normal,7.52377961397171,3.5592448711395264,10.079612731933594,0.09558855742216109,-0.09055757522582986,2.850167751312256,0.09558855742216109,0.0277718305587768,0.7382885217666626,0.1031678318977356,0.3333231806755066,0.4761803150177002,0.0,0.0,0.1031678318977356,0.0,0.0
normal,8.011714073022207,3.6723501682281494,10.079612731933594,0.09558855742216109,-0.06971502304077148,1.5457075834274292,0.09558855742216109,0.0277718305587768,0.7382885217666626,0.11407819390296933,0.3333231806755066,0.4761803150177002,0.0,0.0,0.11407819390296933,0.0,0.0
normal,8.451770411332449,4.590983867645264,10.079612731933594,0.09558855742216109,-0.06971502304077148,1.5457075834274292,0.09558855742216109,0.0277718305587768,0.7382885217666626,0.11407819390296933,0.3333231806755066,0.4761803150177002,0.0,0.0,0.11407819390296933,0.0,0.0
normal,8.853376135031382,5.723983287811279,10.079612731933594,0.09558855742216109,-0.06971502304077148,1.5457075834274292,0.09558855742216109,0.0277718305587768,0.7382885217666626,0.11407819390296933,0.3412579894065857,0.4999885559082031,0.0,0.0,0.11407819390296933,0.0,0.0
normal,9.220061504046122,7.413728713989258,10.474336624145508,0.09558855742216109,-0.06971502304077148,1.5457075834274292,0.09558855742216109,0.0277718305587768,0.6757866144180298,0.11407819390296933,0.3412579894065857,0.4920499324798584,0.0,0.0,0.11407819390296933,0.0,0.0
normal,9.479108689424391,8.353468894958496,10.874784469604492,0.03258156776428217,-0.06971502304077148,1.5071367025375366,0.06971502304077148,0.0277718305587768,0.6757866144180298,0.11308634281158444,0.3412579894065857,0.4761803150177002,0.0,0.0,0.11308634281158444,0.0,0.0
normal,9.675457135611484,8.353468894958496,11.290717124938965,0.03258156776428217,-0.03114414215087888,1.0634526014328003,0.03258156776428217,0.0277718305587768,0.6757866144180298,0.1150700449943542,0.3412579894065857,0.4325235784053802,0.0,0.0,0.1150700449943542,0.0,0.0
normal,9.841057674261972,8.353468894958496,11.868754386901855,0.03258156776428217,-0.03114414215087888,1.0634526014328003,0.03258156776428217,0.0277718305587768,0.6757866144180298,0.1150700449943542,0.3729972243309021,0.4563280045986175,0.0,0.0,0.1150700449943542,0.0,0.0
normal,10.04159632205963,8.353468894958496,12.239696502685549,0.03258156776428217,-0.03114414215087888,1.0634526014328003,0.03258156776428217,0.0277718305587768,0.6757866144180298,0.1180455982685089,0.4325235784053802,0.4642780721187591,0.0,0.0,0.1180455982685089,0.0,0.0
normal,10.305051323572794,8.353468894958496,12.47756290435791,0.03258156776428217,-0.03353983163833624,1.0634526014328003,0.03353983163833624,0.0277718305587768,0.6757866144180298,0.273796796798706,0.4325235784053802,0.4642780721187591,0.0,0.0,0.273796796798706,0.0,0.0
normal,10.65455409526825,8.353468894958496,12.58829116821289,0.03258156776428217,-0.04264348745346069,1.0634526014328003,0.04264348745346069,0.0555589497089386,0.6757866144180298,0.273796796798706,0.4325235784053802,0.4642780721187591,0.0,0.0,0.273796796798706,0.0,0.0
normal,11.054394337336221,8.353468894958496,12.588936805725098,0.03258156776428217,-0.04264348745346069,0.915398120880127,0.04264348745346069,0.0,0.6757866144180298,0.273796796798706,0.4325235784053802,0.4642780721187591,0.0,0.0,0.273796796798706,0.0,0.0
normal,11.415517290433248,8.65005111694336,12.588936805725098,0.03809165954589844,-0.04264348745346069,0.915398120880127,0.04264348745346069,0.0,0.6757866144180298,0.2499923706054687,0.4325235784053802,0.4642780721187591,0.0,0.0,0.2499923706054687,0.0,0.0
normal,11.67674281279246,9.758004188537598,12.588936805725098,0.03809165954589844,-0.04264348745346069,0.915398120880127,0.04264348745346069,0.0,0.6757866144180298,0.0545670986175537,0.365062415599823,0.4325235784053802,0.0,0.0,0.0545670986175537,0.0,0.0
normal,11.802248199780783,10.481404304504396,12.588936805725098,0.03809165954589844,-0.04264348745346069,0.915398120880127,0.04264348745346069,0.0,0.5156254768371582,0.0,0.2698293924331665,0.4325235784053802,0.0,0.0,0.0,0.0,0.0
normal,11.84543594068378,10.881540298461914,12.588936805725098,0.03809165954589844,-0.04264348745346069,0.8332254886627197,0.04264348745346069,0.0,0.5156254768371582,0.0,0.230155348777771,0.365062415599823,0.0,0.0,0.0,0.0,0.0
normal,11.847733836174012,11.011114120483398,12.588936805725098,0.03809165954589844,-0.04264348745346069,0.8332254886627197,0.04264348745346069,0.0,0.5156254768371582,0.0,0.19244971871376035,0.3333231806755066,0.0,0.0,0.0,0.0,0.0
normal,11.83957509358724,11.011114120483398,12.588936805725098,0.03809165954589844,-0.04264348745346069,0.8332254886627197,0.04264348745346069,0.0,0.5078127384185791,0.0,0.19244971871376035,0.3333231806755066,0.0,0.0,0.0,0.0,0.0
normal,11.841058902740478,11.011114120483398,12.588936805725098,0.03809165954589844,-0.04264348745346069,0.8332254886627197,0.04264348745346069,0.0,0.5156254768371582,0.0,0.19244971871376035,0.3333231806755066,0.0,0.0,0.0,0.0,0.0
normal,11.846642402013144,11.011114120483398,12.588936805725098,0.03809165954589844,-0.04264348745346069,0.2604129016399383,0.04264348745346069,0.0,0.5156254768371582,0.0,0.1706289947032928,0.3372905850410461,0.0,0.0,0.0,0.0,0.0
normal,11.797205142974853,11.011114120483398,12.588936805725098,0.03809165954589844,-0.03377944231033325,0.7352412343025208,0.03809165954589844,0.0,0.5156254768371582,0.0,0.1031678318977356,0.3372905850410461,0.0,0.0,0.0,0.0,0.0
normal,11.682886179288229,10.98467254638672,12.473761558532717,0.03809165954589844,-0.03377944231033325,1.2172566652297974,0.03809165954589844,0.0,0.5156254768371582,0.0,0.053575247526168795,0.3372905850410461,0.0,0.0,0.0,0.0,0.0
normal,11.540065390268962,10.251456260681152,12.473761558532717,0.03425860404968284,-0.03377944231033325,1.251275658607483,0.03425860404968284,0.0,0.5156254768371582,0.0,0.053575247526168795,0.3372905850410461,0.0,0.0,0.0,0.0,0.0
normal,11.359350668589274,9.553178787231444,12.473761558532717,0.03425860404968284,-0.025873541831970215,1.251275658607483,0.03425860404968284,0.0,0.5156254768371582,0.0,0.0555589497089386,0.3372905850410461,0.0,0.0,0.0,0.0,0.0
normal,11.1441960811615,9.165209770202637,12.473761558532717,0.0265922993421554,-0.026352733373641996,1.251275658607483,0.0265922993421554,0.0,0.5156254768371582,0.0,0.1091189384460449,0.3372905850410461,0.0,0.0,0.0,0.0,0.0
normal,10.978910972277323,9.165209770202637,12.473761558532717,0.0265922993421554,-0.026352733373641996,1.251275658607483,0.0265922993421554,0.0,0.5156254768371582,0.0039674043655395,0.2202368229627609,0.3372905850410461,0.0,0.0,0.0039674043655395,0.0,0.0
normal,10.841893752415976,9.165209770202637,12.473761558532717,0.024915322661399925,-0.026352733373641996,1.251275658607483,0.026352733373641996,0.0,0.5156254768371582,0.0039674043655395,0.2261879444122314,0.317453533411026,0.0,0.0,0.0039674043655395,0.0,0.0
normal,10.693141646385193,9.165209770202637,12.473761558532717,0.024915322661399925,-0.026352733373641996,1.251275658607483,0.026352733373641996,0.0,0.5156254768371582,0.0039674043655395,0.2261879444122314,0.2976165115833282,0.0,0.0,0.0039674043655395,0.0,0.0
normal,10.505443040529887,9.165209770202637,12.473761558532717,0.024915322661399925,-0.026352733373641996,1.251275658607483,0.026352733373641996,0.0,0.4483931958675384,0.0039674043655395,0.204351931810379,0.273796796798706,0.0,0.0,0.0039674043655395,0.0,0.0
normal,10.251389347712198,9.165209770202637,12.341561317443848,0.024915322661399925,-0.026352733373641996,1.251275658607483,0.026352733373641996,0.0,0.317453533411026,0.0,0.0952330231666565,0.2499923706054687,0.0,0.2769798934459686,0.0,0.0,0.0
normal,9.743754820028942,4.532029151916504,11.704262733459473,0.019405126571655273,-0.026352733373641996,1.251275658607483,0.026352733373641996,0.0,0.317453533411026,0.0,0.0238044261932373,0.2499923706054687,0.0,0.5671910643577576,0.0,0.0,0.0
normal,8.870943439801534,0.0,10.973636627197266,0.016051203012466403,-0.026352733373641996,1.251275658607483,0.026352733373641996,0.0,0.317453533411026,0.0,0.0238044261932373,0.2499923706054687,0.0,0.5671910643577576,0.0,0.0,0.0
normal,7.807463892300924,0.0,10.269773483276367,0.016051203012466403,-0.026352733373641996,0.769020676612854,0.026352733373641996,0.0,0.317453533411026,0.0,0.0238044261932373,0.2499923706054687,0.0,0.5671910643577576,0.0,0.0,0.0
normal,6.816074986457824,0.0,10.269773483276367,0.016051203012466403,-0.026352733373641996,0.5189092755317688,0.026352733373641996,0.0,0.317453533411026,0.0,0.0,0.2499923706054687,0.0,0.5671910643577576,0.0,0.0,0.0
normal,5.8883922290802,0.0,10.269773483276367,0.016051203012466403,-0.02012389898300171,0.454464852809906,0.02012389898300171,0.0,0.317453533411026,0.0,0.0,0.2380901575088501,0.0,0.5671910643577576,0.0,0.0,0.0
normal,4.940699016253154,0.0,10.269773483276367,0.016051203012466403,-0.02012389898300171,0.454464852809906,0.02012389898300171,0.0,0.2976165115833282,0.0,0.0,0.2261879444122314,0.0,0.5671910643577576,0.0,0.0,0.0
normal,3.9681243991851805,0.0,10.269773483276367,0.005749702453613337,-0.02012389898300171,0.454464852809906,0.02012389898300171,0.0,0.2976165115833282,0.0,0.0,0.0,0.0,0.5671910643577576,0.0,0.0,0.0
normal,2.9685933685302732,0.0,10.269773483276367,0.0,-0.02012389898300171,0.453985720872879,0.02012389898300171,0.0,0.2579271793365478,0.0,0.0,0.0,0.0,0.5671910643577576,0.0,0.0,0.0
normal,1.9471700731913248,0.0,10.240614891052246,0.0,-0.02012389898300171,0.2371746003627777,0.02012389898300171,0.0,0.0238044261932373,0.0,0.0,0.0,0.0,0.5671910643577576,0.0,0.0,0.0
normal,0.957568260828654,0.0,9.28852653503418,0.0,-0.02012389898300171,0.0752250775694847,0.02012389898300171,0.0,0.0,0.0,0.0,0.0,0.0,0.5671910643577576,0.0,0.0,0.0
normal,0.2604314589500427,0.0,4.46440315246582,0.0,-0.02012389898300171,-0.2570589184761047,0.02012389898300171,0.0,0.0,0.0,0.0,0.0,0.0,0.3487853705883026,0.0,0.0,0.0
normal,0.0001416144302735725,0.0,0.0569401234388351,0.0,-0.02012389898300171,-0.4400906264781952,0.02012389898300171,0.0,0.3888821005821228,0.0,0.0,0.0,0.0,0.0,0.0,0.0,0.0
normal,0.13557578694385786,0.0,2.676177740097046,0.0,0.0,-0.5421475768089294,0.0,0.0,0.6640675067901611,0.0,0.0,0.0,0.0,0.0,0.0,0.0,0.0
normal,0.49786260735554,0.0,4.527960777282715,0.01365551352500921,0.0,-0.4434446096420288,0.01365551352500921,0.0,0.6640675067901611,0.0,0.0,0.0,0.0,0.0,0.0,0.0,0.0
normal,1.0489245149648438,0.0,6.341737747192383,0.020603045821189908,0.0,0.3691778182983398,0.020603045821189908,0.0,0.6640675067901611,0.0,0.0,0.4374828338623047,0.0,0.0,0.0,0.0,0.0
normal,1.7606081506765137,0.0,7.850505828857422,0.020603045821189908,-0.0028748512268066406,0.5129200220108032,0.020603045821189908,0.0,0.6640675067901611,0.0,0.0,0.5195318460464478,0.0,0.0,0.0,0.0,0.0
normal,2.611933981295054,0.0,9.055233001708984,0.020603045821189908,-0.0028748512268066406,0.8545472621917725,0.020603045821189908,0.0,0.6640675067901611,0.0,0.365062415599823,0.535157322883606,0.0,0.0,0.0,0.0,0.0
normal,3.5539600528435162,0.0,9.757867813110352,0.020603045821189908,-0.0028748512268066406,0.8876079320907593,0.020603045821189908,0.0,0.6640675067901611,0.0,0.365062415599823,0.535157322883606,0.0,0.0,0.0,0.0,0.0
normal,4.5402560596819965,0.0,9.893555641174316,0.02156132459640503,-0.0028748512268066406,1.335364818572998,0.02156132459640503,0.0,0.6640675067901611,0.0,0.365062415599823,0.535157322883606,0.0,0.0,0.0,0.0,0.0
normal,5.528814091399933,0.0,9.90120792388916,0.02156132459640503,-0.0028748512268066406,1.4870128631591797,0.02156132459640503,0.0,0.6640675067901611,0.1507919430732727,0.365062415599823,0.535157322883606,0.0,0.0,0.1507919430732727,0.0,0.0
normal,6.478225253140554,0.0,9.90120792388916,0.02156132459640503,-0.0028748512268066406,2.3255088329315186,0.02156132459640503,0.0,0.6640675067901611,0.1507919430732727,0.365062415599823,0.535157322883606,0.0,0.0,0.1507919430732727,0.0,0.0
normal,7.370609467389683,0.0870302468538284,9.90120792388916,0.02156132459640503,-0.026113271713256836,2.5293831825256348,0.026113271713256836,0.0,0.6640675067901611,0.1507919430732727,0.365062415599823,0.535157322883606,0.0,0.0,0.1507919430732727,0.0,0.0
normal,8.092869798342386,2.707711935043335,9.90120792388916,0.02156132459640503,-0.03737294673919678,2.5293831825256348,0.03737294673919678,0.0,0.5937528610229492,0.08233892917633052,0.3194372355937958,0.5156254768371582,0.0,0.0,0.08233892917633052,0.0,0.0
normal,8.622648433373248,4.558422565460205,9.90120792388916,0.02156132459640503,-0.03737294673919678,2.5293831825256348,0.03737294673919678,0.0,0.5937528610229492,0.08134707808494565,0.2261879444122314,0.5156254768371582,0.0,0.0,0.08134707808494565,0.0,0.0
normal,9.000076585610708,6.367416858673096,9.90120792388916,0.02156132459640503,-0.03737294673919678,2.5293831825256348,0.03737294673919678,0.0,0.5937528610229492,0.08233892917633052,0.1944334208965301,0.3581194579601288,0.0,0.0,0.08233892917633052,0.0,0.0
normal,9.273131186962127,7.873979568481445,10.055392265319824,0.02347791194915766,-0.03737294673919678,2.5293831825256348,0.03737294673919678,0.0,0.5585955381393433,0.08233892917633052,0.1904660165309906,0.2698293924331665,0.0,0.0,0.08233892917633052,0.0,0.0
normal,9.44549620628357,8.526304244995117,10.385960578918455,0.02347791194915766,-0.03737294673919678,2.5293831825256348,0.03737294673919678,0.0,0.365062415599823,0.08233892917633052,0.1666615903377533,0.2460249662399292,0.0,0.0,0.08233892917633052,0.0,0.0
normal,9.54827562491099,8.526304244995117,10.471285820007324,0.02347791194915766,-0.03737294673919678,2.5293831825256348,0.03737294673919678,0.0,0.317453533411026,0.0674611628055572,0.1507919430732727,0.1904660165309906,0.0,0.0,0.0674611628055572,0.0,0.0
normal,9.58267127831777,8.526304244995117,10.471285820007324,0.02347791194915766,-0.03737294673919678,2.5293831825256348,0.03737294673919678,0.0,0.2698293924331665,0.0,0.1269875168800354,0.1904660165309906,0.0,0.0,0.0,0.0,0.0
normal,9.559296418825785,8.526304244995117,10.471285820007324,0.02347791194915766,-0.03737294673919678,2.5293831825256348,0.03737294673919678,0.0,0.2698293924331665,0.0,0.09721672534942624,0.1904660165309906,0.0,0.0,0.0,0.0,0.0
normal,9.511936945915222,8.526304244995117,10.471285820007324,0.04815363883972171,-0.03737294673919678,2.5293831825256348,0.04815363883972171,0.0,0.2698293924331665,0.0,0.09721672534942624,0.1904660165309906,0.0,0.0,0.0,0.0,0.0
normal,9.452739245891571,7.975967407226563,10.471285820007324,0.04815363883972171,-0.0615695677697657,2.006401300430298,0.0615695677697657,0.0,0.2698293924331665,0.0,0.09721672534942624,0.1904660165309906,0.0,0.0,0.0,0.0,0.0
normal,9.357289273671196,7.216757297515869,10.471285820007324,0.04815363883972171,-0.0615695677697657,0.8272362351417542,0.0615695677697657,0.0,0.2698293924331665,0.0,0.0555589497089386,0.1904660165309906,0.0,0.0,0.0,0.0,0.0
normal,9.163446377200414,6.936285018920898,10.471285820007324,0.04815363883972171,-0.0615695677697657,0.8272362351417542,0.0615695677697657,0.0,0.3849146962165832,0.0,0.0119022130966186,0.1904660165309906,0.0,0.0,0.0,0.0,0.0
normal,8.983263025299735,6.936285018920898,10.471285820007324,0.04815363883972171,-0.0615695677697657,0.8272362351417542,0.0615695677697657,0.0,0.4999847412109375,0.0,0.0119022130966186,0.1904660165309906,0.0,0.0,0.0,0.0,0.0
normal,8.82498347600301,6.936285018920898,10.471285820007324,0.04815363883972171,-0.0615695677697657,0.8272362351417542,0.0615695677697657,0.0,0.5312509536743164,0.0,0.0119022130966186,0.2589190304279327,0.0,0.0,0.0,0.0,0.0
normal,8.723860653241475,6.936285018920898,10.471285820007324,0.04815363883972171,-0.0615695677697657,0.8272362351417542,0.0615695677697657,0.0,0.5312509536743164,0.0,0.0119022130966186,0.4325235784053802,0.0,0.0,0.0,0.0,0.0
normal,8.643786374727885,6.936285018920898,10.420452117919922,0.04815363883972171,-0.0615695677697657,0.7999252080917358,0.0615695677697657,0.0,0.5312509536743164,0.0,0.0119022130966186,0.4325235784053802,0.0,0.0,0.0,0.0,0.0
normal,8.556004784901937,6.936285018920898,9.941192626953123,0.04815363883972171,-0.0615695677697657,0.7999252080917358,0.0615695677697657,0.0,0.5312509536743164,0.0,0.1309549212455749,0.4325235784053802,0.0,0.0,0.0,0.0,0.0
normal,8.485554711023967,6.936285018920898,9.705559730529783,0.04815363883972171,-0.0615695677697657,0.7999252080917358,0.0615695677697657,0.0,0.5312509536743164,0.0,0.1349223256111145,0.4325235784053802,0.0,0.0,0.0,0.0,0.0
normal,8.469712802569072,6.936285018920898,9.705559730529783,0.03593552112579346,-0.0615695677697657,0.7999252080917358,0.0615695677697657,0.0,0.5312509536743164,0.1031678318977356,0.17658010125160215,0.4325235784053802,0.0,0.0,0.1031678318977356,0.0,0.0
normal,8.568658262093862,6.936285018920898,9.705559730529783,0.03593552112579346,-0.04216432571411133,-0.1320032328367233,0.04216432571411133,0.0,0.5312509536743164,0.1259918510913849,0.2638782858848572,0.4325235784053802,0.0,0.0,0.1259918510913849,0.0,0.0
normal,8.793005050716305,6.936285018920898,9.984834671020508,0.03593552112579346,-0.0337793827056887,-0.1320032328367233,0.03593552112579346,0.0079348087310791,0.5312509536743164,0.1507919430732727,0.3095187246799469,0.4325235784053802,0.0,0.0,0.1507919430732727,0.0,0.0
normal,9.098701464335123,7.139982223510742,10.138382911682127,0.03497725725173939,-0.0337793827056887,-0.1320032328367233,0.03497725725173939,0.1031678318977356,0.5312509536743164,0.1706289947032928,0.2638782858848572,0.4325235784053802,0.0,0.0,0.1706289947032928,0.0,0.0
normal,9.373647537485335,7.810564994812012,10.301480293273926,0.03162336349487327,-0.0337793827056887,-0.1365550756454467,0.0337793827056887,0.1031678318977356,0.5312509536743164,0.1706289947032928,0.2380901575088501,0.3333231806755066,0.0,0.0,0.1706289947032928,0.0,0.0
normal,9.583138858477275,8.764731407165527,10.408708572387695,0.03162336349487327,-0.0337793827056887,-0.0354564040899276,0.0337793827056887,0.1031678318977356,0.5312509536743164,0.1706289947032928,0.2182531058788299,0.329355776309967,0.0,0.0,0.1706289947032928,0.0,0.0
normal,9.704802781740824,8.822148323059082,10.481911659240724,0.03162336349487327,-0.0337793827056887,-0.0354564040899276,0.0337793827056887,0.1031678318977356,0.4087191224098205,0.1468245387077331,0.1984008252620697,0.2420575618743896,0.0,0.0,0.1468245387077331,0.0,0.0
normal,9.796958484649657,8.822148323059082,10.682692527770996,0.03162336349487327,-0.0337793827056887,-0.0354564040899276,0.0337793827056887,0.1031678318977356,0.3333231806755066,0.138889729976654,0.1984008252620697,0.2380901575088501,0.0,0.0,0.138889729976654,0.0,0.0
normal,9.946201685872023,8.822148323059082,10.99870491027832,0.03162336349487327,-0.0337793827056887,-0.0354564040899276,0.0337793827056887,0.1031678318977356,0.3333231806755066,0.1666615903377533,0.1984008252620697,0.2380901575088501,0.0,0.0,0.1666615903377533,0.0,0.0
normal,10.16783604780833,8.822148323059082,11.20923900604248,0.0495910570025444,-0.0337793827056887,0.4484755992889404,0.0495910570025444,0.0,0.3333231806755066,0.1666615903377533,0.1984008252620697,0.2380901575088501,0.0,0.0,0.1666615903377533,0.0,0.0
normal,10.39720462322235,9.016375541687012,11.20923900604248,0.0495910570025444,-0.0337793827056887,0.4484755992889404,0.0495910570025444,0.0,0.3333231806755066,0.1468245387077331,0.1745963990688324,0.2380901575088501,0.0,0.0,0.1468245387077331,0.0,0.0
normal,10.57362360795339,9.64256191253662,11.20923900604248,0.0495910570025444,-0.0337793827056887,0.4484755992889404,0.0495910570025444,0.0,0.3333231806755066,0.138889729976654,0.1666615903377533,0.2103182971477508,0.0,0.0,0.138889729976654,0.0,0.0
normal,10.683511530558269,9.98741626739502,11.20923900604248,0.0495910570025444,-0.027790307998657227,0.4484755992889404,0.0495910570025444,0.0,0.2380901575088501,0.0,0.1666615903377533,0.1984008252620697,0.0,0.0,0.0,0.0,0.0
normal,10.59715549137835,7.234155654907227,11.20923900604248,0.0495910570025444,-0.026352763175964355,0.4484755992889404,0.0495910570025444,0.0,0.2380901575088501,0.0,0.138889729976654,0.1666615903377533,0.0,0.5730506181716919,0.0,0.0,0.0
normal,10.21280813217163,6.14090633392334,11.20923900604248,0.0495910570025444,-0.026352763175964355,0.4484755992889404,0.0495910570025444,0.0,0.1984008252620697,0.0,0.0,0.1666615903377533,0.0,0.5730506181716919,0.0,0.0,0.0
normal,9.78229067405065,5.960383415222168,11.20923900604248,0.0495910570025444,-0.026352763175964355,0.4484755992889404,0.0495910570025444,0.0,0.3214209377765655,0.0,0.0,0.1626941859722137,0.0,0.5730506181716919,0.0,0.0,0.0
normal,9.369994625250499,5.960383415222168,11.20923900604248,0.0495910570025444,-0.022998750209808377,0.4484755992889404,0.0495910570025444,0.0,0.3214209377765655,0.0,0.0,0.1666615903377533,0.0,0.5730506181716919,0.0,0.0,0.0
normal,8.98590552886327,5.960383415222168,11.20923900604248,0.0495910570025444,-0.022998750209808377,0.4484755992889404,0.0495910570025444,0.0,0.4285561740398407,0.0,0.0,0.1666615903377533,0.0,0.5730506181716919,0.0,0.0,0.0
normal,8.644535661338768,5.960383415222168,11.20923900604248,0.0495910570025444,-0.022998750209808377,0.4484755992889404,0.0495910570025444,0.0,0.4285561740398407,0.0,0.0,0.2698293924331665,0.0,0.5730506181716919,0.0,0.0,0.0
normal,8.313173847325855,5.960383415222168,11.185593605041504,0.03234199061989789,-0.0220404714345932,0.2481948286294937,0.03234199061989789,0.0,0.4285561740398407,0.0,0.0,0.2856990098953247,0.0,0.5730506181716919,0.0,0.0,0.0
normal,8.025682377020518,5.960383415222168,11.128311157226562,0.03234199061989789,-0.011259801685810103,0.2481948286294937,0.03234199061989789,0.0,0.4285561740398407,0.0,0.2222205400466919,0.3491927981376648,0.0,0.5730506181716919,0.0,0.0,0.0
normal,7.78716121117274,5.960383415222168,11.03138828277588,0.012218087911605793,-0.011259801685810103,0.162189096212387,0.012218087911605793,0.0,0.4285561740398407,0.0,0.2817316055297851,0.3610950112342834,0.0,0.5730506181716919,0.0,0.0,0.0
normal,7.553397758974257,5.960383415222168,10.85888957977295,0.012218087911605793,-0.02467578649520874,0.1449400335550308,0.02467578649520874,0.0,0.4285561740398407,0.0,0.2817316055297851,0.3610950112342834,0.0,0.5730506181716919,0.0,0.0,0.0
normal,7.419262008666992,5.960383415222168,8.801441192626953,0.012218087911605793,-0.03713333606719971,0.1449400335550308,0.03713333606719971,0.0,0.4285561740398407,0.0238044261932373,0.2817316055297851,0.3610950112342834,0.0,0.2412579804658889,0.0238044261932373,0.0,0.0
normal,7.501369380950928,5.960383415222168,8.801441192626953,0.012218087911605793,-0.03713333606719971,0.1449400335550308,0.03713333606719971,0.0,0.4285561740398407,0.1785638034343719,0.2817316055297851,0.3610950112342834,0.0,0.0,0.1785638034343719,0.0,0.0
normal,7.637392978668213,6.1537981033325195,8.801441192626953,0.026352763175964578,-0.03713333606719971,0.1449400335550308,0.03713333606719971,0.0238044261932373,0.5585955381393433,0.2222205400466919,0.3095187246799469,0.3898739516735077,0.0,0.0,0.2222205400466919,0.0,0.0
normal,7.853446447054545,6.5102009773254395,9.092726707458496,0.026352763175964578,-0.03713333606719971,0.1449400335550308,0.03713333606719971,0.0238044261932373,0.6171910762786865,0.22817164659500122,0.3491927981376648,0.3928495049476623,0.0,0.0,0.22817164659500122,0.0,0.0
normal,8.13993397394816,7.032302379608154,9.953269958496094,0.026352763175964578,-0.03713333606719971,0.0057496870867908,0.03713333606719971,0.0238044261932373,0.6171910762786865,0.22817164659500122,0.3610950112342834,0.4285561740398407,0.0,0.0,0.22817164659500122,0.0,0.0
normal,8.399853173096975,7.184556484222412,10.077704429626465,0.026352763175964578,-0.03713333606719971,0.0057496870867908,0.03713333606719971,0.0,0.6171910762786865,0.1825312077999115,0.3491927981376648,0.4017761647701263,0.0,0.0,0.1825312077999115,0.0,0.0
normal,8.540476901360638,7.184556484222412,10.077704429626465,0.027310967445373424,-0.03713333606719971,-0.0287484358996152,0.03713333606719971,0.0,0.6171910762786865,0.1111026406288147,0.3055513203144073,0.4007843136787414,0.0,0.4558595418930053,0.1111026406288147,0.0,0.0
normal,8.397324163913726,6.401539325714111,10.077704429626465,0.027310967445373424,-0.06228828430175781,-0.2041139006614685,0.06228828430175781,0.0,0.6171910762786865,0.0238044261932373,0.2222205400466919,0.4017761647701263,0.0,0.4558595418930053,0.0238044261932373,0.0,0.0
normal,8.168153541088104,6.280462741851807,10.077704429626465,0.06995463371276833,-0.06228828430175781,-0.247476115822792,0.06995463371276833,0.0,0.6171910762786865,0.0238044261932373,0.186498612165451,0.4245887696743011,0.0,0.4558595418930053,0.0238044261932373,0.0,0.0
normal,8.037370554024289,6.280462741851807,10.077704429626465,0.07618331909179688,-0.06228828430175781,1.2306725978851318,0.07618331909179688,0.0,0.6171910762786865,0.0238044261932373,0.2460249662399292,0.4761803150177002,0.0,0.4558595418930053,0.0238044261932373,0.0,0.0
normal,8.121692901046423,6.280462741851807,10.077704429626465,0.07618331909179688,-0.06228828430175781,1.2484008073806765,0.07618331909179688,0.0,0.6171910762786865,0.1190374493598938,0.3690298199653625,0.4960173368453979,0.0,0.4558595418930053,0.1190374493598938,0.0,0.0
normal,8.348413277149996,6.280462741851807,10.077704429626465,0.07618331909179688,-0.06228828430175781,1.2484008073806765,0.07618331909179688,0.0,0.6171910762786865,0.117053747177124,0.3809472918510437,0.4960173368453979,0.0,0.4558595418930053,0.117053747177124,0.0,0.0
normal,8.588950592676799,6.280462741851807,10.077704429626465,0.07618331909179688,-0.06228828430175781,1.2484008073806765,0.07618331909179688,0.0,0.6171910762786865,0.1180455982685089,0.35911130905151367,0.4880825281143188,0.0,0.4558595418930053,0.1180455982685089,0.0,0.0
normal,8.763825968106588,6.280462741851807,10.443530082702637,0.07618331909179688,-0.06228828430175781,1.2484008073806765,0.07618331909179688,0.0,0.5625019073486328,0.1180455982685089,0.3531602025032043,0.4444257915019989,0.0,0.4558595418930053,0.1180455982685089,0.0,0.0
normal,8.865390586853028,6.280462741851807,10.76417064666748,0.07618331909179688,-0.06228828430175781,1.2484008073806765,0.07618331909179688,0.0,0.5625019073486328,0.1180455982685089,0.3095187246799469,0.3809472918510437,0.0,0.4558595418930053,0.1180455982685089,0.0,0.0
normal,8.958683606783548,6.280462741851807,11.063895225524902,0.07618331909179688,-0.06228828430175781,1.2484008073806765,0.07618331909179688,0.0,0.5625019073486328,0.1309549212455749,0.3055513203144073,0.3809472918510437,0.0,0.4558595418930053,0.1309549212455749,0.0,0.0
normal,9.151258787314097,6.280462741851807,11.344866752624512,0.07618331909179688,-0.06228828430175781,1.2484008073806765,0.07618331909179688,0.0,0.5625019073486328,0.3055513203144073,0.3055513203144073,0.3809472918510437,0.0,0.3666386902332306,0.3055513203144073,0.0,0.0
normal,9.616239594618479,6.280462741851807,11.647465705871582,0.07618331909179688,-0.026352733373641912,1.2484008073806765,0.07618331909179688,0.0,0.5625019073486328,0.3055513203144073,0.3055513203144073,0.3809472918510437,0.0,0.0,0.3055513203144073,0.0,0.0
normal,10.157079583009084,6.746253490447998,11.99038314819336,0.07618331909179688,-0.026352733373641912,1.2484008073806765,0.07618331909179688,0.1190374493598938,0.5625019073486328,0.3055513203144073,0.3055513203144073,0.3809472918510437,0.0,0.0,0.3055513203144073,0.0,0.0
normal,10.627579880555471,7.983348369598389,12.078110694885254,0.012697234749794006,-0.026352733373641912,1.2484008073806765,0.026352733373641912,0.0,0.5625019073486328,0.3055513203144073,0.3055513203144073,0.3531602025032043,0.0,0.0,0.3055513203144073,0.0,0.0
normal,10.937683494885762,9.194428443908691,12.078110694885254,0.012697234749794006,-0.026352733373641912,1.1389172077178955,0.026352733373641912,0.0,0.3849146962165832,0.2698293924331665,0.3055513203144073,0.3055513203144073,0.0,0.0,0.2698293924331665,0.0,0.0
normal,11.124054115346189,9.665898323059082,12.078110694885254,0.012697234749794006,-0.026352733373641912,0.765666663646698,0.026352733373641912,0.0,0.3531602025032043,0.0753959715366363,0.3055513203144073,0.3055513203144073,0.0,0.0,0.0753959715366363,0.0,0.0
normal,11.262507554690043,10.007210731506348,12.078110694885254,0.013415932655334528,-0.026352733373641912,0.765666663646698,0.026352733373641912,0.0,0.3531602025032043,0.0,0.3055513203144073,0.3055513203144073,0.0,0.0,0.0,0.0,0.0
normal,11.359601702690124,10.449169158935549,12.078110694885254,0.013415932655334528,-0.026352733373641912,0.765666663646698,0.026352733373641912,0.0,0.3412579894065857,0.0,0.3055513203144073,0.3055513203144073,0.0,0.0,0.0,0.0,0.0
normal,11.465923117001852,10.76933479309082,12.078110694885254,0.013415932655334528,-0.026352733373641912,0.7373973727226257,0.026352733373641912,0.0,0.3412579894065857,0.0,0.2856990098953247,0.3055513203144073,0.0,0.0,0.0,0.0,0.0
normal,11.557064803096408,11.068714141845703,12.078110694885254,0.02012389898300171,-0.026352733373641912,0.6624118685722351,0.026352733373641912,0.0,0.3412579894065857,0.0,0.1269875168800354,0.3055513203144073,0.0,0.0,0.0,0.0,0.0
normal,11.619563854535421,11.078132629394531,12.078110694885254,0.027790158987045288,-0.02275918424129489,0.4870464205741882,0.027790158987045288,0.0,0.3412579894065857,0.0,0.1230048537254333,0.3055513203144073,0.0,0.0,0.0,0.0,0.0
normal,11.583490631218147,9.853160858154297,12.078110694885254,0.027790158987045288,-0.02012389898300168,0.4894421100616455,0.027790158987045288,0.0,0.3412579894065857,0.0,0.0634937584400177,0.1904660165309906,0.0,0.3725897967815399,0.0,0.0,0.0
normal,11.15940204222997,5.514208793640137,12.078110694885254,0.027790158987045288,-0.034258544445037786,0.4894421100616455,0.034258544445037786,0.0,0.3412579894065857,0.0,0.0,0.1230048537254333,0.0,0.5847697257995605,0.0,0.0,0.0
normal,10.448254973888398,4.527205944061279,11.904926300048828,0.027790158987045288,-0.034258544445037786,0.4894421100616455,0.034258544445037786,0.0,0.3412579894065857,0.0,0.0,0.1230048537254333,0.0,0.5847697257995605,0.0,0.0,0.0
normal,9.706419085023398,4.109958171844482,11.89286994934082,0.027790158987045288,-0.034258544445037786,0.4894421100616455,0.034258544445037786,0.0,0.3412579894065857,0.0,0.0,0.1230048537254333,0.0,0.5847697257995605,0.0,0.0,0.0
normal,9.01209260861079,4.109958171844482,11.89286994934082,0.027790158987045288,-0.04072690010070801,0.4894421100616455,0.04072690010070801,0.0,0.7499923706054688,0.0,0.0396740734577178,0.1230048537254333,0.0,0.5847697257995605,0.0,0.0,0.0
normal,8.589312332471211,4.109958171844482,11.89286994934082,0.03569602966308594,-0.04072690010070801,0.4894421100616455,0.04072690010070801,0.0,0.7538987398147583,0.0,0.1111026406288147,0.2856990098953247,0.0,0.5847697257995605,0.0,0.0,0.0
normal,8.393615954717001,4.109958171844482,11.89286994934082,0.09223455190658578,-0.04072690010070801,0.4894421100616455,0.09223455190658578,0.0,0.9414044618606568,0.0,0.1111026406288147,0.34324169158935547,0.0,0.5847697257995605,0.0,0.0,0.0
normal,8.213128921190897,4.109958171844482,11.89286994934082,0.09223455190658578,-0.04072690010070801,1.4012466669082642,0.09223455190658578,0.0,0.9414044618606568,0.0,0.1071352362632751,0.34324169158935547,0.0,0.5847697257995605,0.0,0.0,0.0
normal,8.016465791066487,4.109958171844482,11.89286994934082,0.09223455190658578,-0.04072690010070801,1.467847228050232,0.09223455190658578,0.0,0.9414044618606568,0.0,0.1071352362632751,0.34324169158935547,0.0,0.5847697257995605,0.0,0.0,0.0
normal,7.804135355949402,4.109958171844482,11.730783462524414,0.09223455190658578,-0.04072690010070801,1.467847228050232,0.09223455190658578,0.0,0.9414044618606568,0.0,0.1111026406288147,0.34324169158935547,0.0,0.5847697257995605,0.0,0.0,0.0
normal,7.644047781552332,4.109958171844482,9.962637901306152,0.09223455190658578,-0.04072690010070801,1.467847228050232,0.09223455190658578,0.0,0.9414044618606568,0.0,0.1111026406288147,0.3412579894065857,0.0,0.5847697257995605,0.0,0.0,0.0
normal,7.799108866850535,4.109958171844482,9.962637901306152,0.09223455190658578,-0.04072690010070801,1.467847228050232,0.09223455190658578,0.0,0.9414044618606568,0.1111026406288147,0.1468245387077331,0.34324169158935547,0.0,0.2531601786613464,0.1111026406288147,0.0,0.0
normal,8.213707802295685,4.109958171844482,9.962637901306152,0.09223455190658578,-0.04072690010070801,1.467847228050232,0.09223455190658578,0.0,0.9414044618606568,0.1111026406288147,0.1507919430732727,0.34324169158935547,0.0,0.0,0.1111026406288147,0.0,0.0
normal,8.678822726854271,4.137369155883789,9.962637901306152,0.09223455190658578,-0.04072690010070801,1.467847228050232,0.09223455190658578,0.0555589497089386,0.9414044618606568,0.1111026406288147,0.1626941859722137,0.3412579894065857,0.0,0.0,0.1111026406288147,0.0,0.0
normal,9.120821185906728,5.708859443664551,9.962637901306152,0.09223455190658578,-0.03425860404968262,1.467847228050232,0.09223455190658578,0.0555589497089386,0.9414044618606568,0.1309549212455749,0.1626941859722137,0.2103182971477508,0.0,0.0,0.1309549212455749,0.0,0.0
normal,9.335261108080546,8.066960334777832,9.962637901306152,0.09223455190658578,-0.027790188789367676,1.467847228050232,0.09223455190658578,0.0555589497089386,0.9414044618606568,0.1309549212455749,0.1626941859722137,0.2103182971477508,0.0,0.0,0.1309549212455749,0.0,0.0
normal,9.360376610755921,8.911272048950195,9.962637901306152,0.08935970067977905,-0.03713339567184448,1.467847228050232,0.08935970067977905,0.0555589497089386,0.3452253937721252,0.1309549212455749,0.1626941859722137,0.2103182971477508,0.0,0.0,0.1309549212455749,0.0,0.0
normal,9.33951604684194,8.911272048950195,9.852812767028809,0.022759199142456055,-0.05581988394260409,1.467847228050232,0.05581988394260409,0.099200427532196,0.3452253937721252,0.1259918510913849,0.1626941859722137,0.2113101482391357,0.0,0.0,0.1259918510913849,0.0,0.0
normal,9.294252405150758,8.911272048950195,9.810568809509276,0.019165635108947754,-0.05581988394260409,1.4201726913452148,0.05581988394260409,0.099200427532196,0.4126865267753601,0.1230048537254333,0.1626941859722137,0.2222205400466919,0.0,0.0,0.1230048537254333,0.0,0.0
normal,9.297188533147176,8.911272048950195,10.190187454223633,0.0352168083190918,-0.05581988394260409,1.331052541732788,0.05581988394260409,0.099200427532196,0.6796929836273193,0.1468245387077331,0.1785638034343719,0.2777642011642456,0.0,0.0,0.1468245387077331,0.0,0.0
normal,9.412428296407064,8.911272048950195,11.047562599182127,0.03785210847854614,-0.05581988394260409,1.300866723060608,0.05581988394260409,0.099200427532196,0.7070375680923462,0.1626941859722137,0.2063356339931488,0.3452253937721252,0.0,0.0,0.1626941859722137,0.0,0.0
normal,9.645067807833353,8.911272048950195,11.982558250427246,0.03785210847854614,-0.05581988394260409,1.300866723060608,0.05581988394260409,0.099200427532196,0.7187566757202148,0.177571952342987,0.2539597749710083,0.6025421917438507,0.0,0.0,0.177571952342987,0.0,0.0
normal,9.981648138364156,8.911272048950195,12.77118682861328,0.03785210847854614,-0.05581988394260409,1.300866723060608,0.05581988394260409,0.099200427532196,0.7187566757202148,0.1894741654396057,0.2976165115833282,0.6796929836273193,0.0,0.0,0.1894741654396057,0.0,0.0
normal,10.38196080684662,8.911272048950195,13.093728065490724,0.03785210847854614,-0.05581988394260409,1.300866723060608,0.05581988394260409,0.099200427532196,0.7187566757202148,0.2222205400466919,0.3630787134170532,0.6796929836273193,0.0,0.0,0.2222205400466919,0.0,0.0
normal,10.774104720751444,8.94593334197998,13.095391273498535,0.03785210847854614,-0.05581988394260409,1.300866723060608,0.05581988394260409,0.0,0.7187566757202148,0.2103182971477508,0.3630787134170532,0.6796929836273193,0.0,0.0,0.2103182971477508,0.0,0.0
normal,11.088154164950053,9.24172306060791,13.095391273498535,0.03785210847854614,-0.05581988394260409,1.2634937763214111,0.05581988394260409,0.0,0.7187566757202148,0.14186528325080872,0.3630787134170532,0.6796929836273193,0.0,0.0,0.14186528325080872,0.0,0.0
normal,11.300220499038696,9.274128913879396,13.095391273498535,0.03785210847854614,-0.05581988394260409,0.2728705704212188,0.05581988394260409,0.0,0.7187566757202148,0.0,0.3630787134170532,0.6796929836273193,0.0,0.0,0.0,0.0,0.0
normal,11.455695532162984,9.274128913879396,13.095391273498535,0.03785210847854614,-0.03689384460449219,0.1746467500925064,0.03785210847854614,0.0,0.7187566757202148,0.0,0.3630787134170532,0.6796929836273193,0.0,0.0,0.0,0.0,0.0
normal,11.607836089667574,9.348434448242188,13.095391273498535,0.03785210847854614,-0.011738944798707997,0.1746467500925064,0.03785210847854614,0.0,0.7187566757202148,0.0,0.3134861290454864,0.6796929836273193,0.0,0.0,0.0,0.0,0.0
normal,11.663459882736205,10.044916152954102,13.095391273498535,0.03785210847854614,-0.011738944798707997,0.1746467500925064,0.03785210847854614,0.0,0.7187566757202148,0.0,0.0952330231666565,0.6621143221855164,0.0,0.0,0.0,0.0,0.0
normal,11.602512415250143,9.978965759277344,13.095391273498535,0.0280297249555588,-0.011738944798707997,0.1746467500925064,0.0280297249555588,0.0,0.7187566757202148,0.0,0.0952330231666565,0.4206213653087616,0.0,0.0,0.0,0.0,0.0
normal,11.491944737434387,9.978965759277344,13.095391273498535,0.03353986144065857,-0.016530364751815796,0.1746467500925064,0.03353986144065857,0.0,0.7187566757202148,0.0,0.0952330231666565,0.4206213653087616,0.0,0.0,0.0,0.0,0.0
normal,11.378403774897258,9.978965759277344,13.095391273498535,0.03353986144065857,-0.03377938270568848,0.1746467500925064,0.03377938270568848,0.0,0.6601611375808716,0.0,0.0952330231666565,0.4206213653087616,0.0,0.0,0.0,0.0,0.0
normal,11.292616057674554,9.978965759277344,13.095391273498535,0.03353986144065857,-0.03377938270568848,0.1732093244791031,0.03377938270568848,0.0,0.6601611375808716,0.0,0.0952330231666565,0.4206213653087616,0.0,0.0,0.0,0.0,0.0
normal,11.225525321960449,9.978965759277344,12.517598152160645,0.03353986144065857,-0.03377938270568848,0.166980504989624,0.03377938270568848,0.0,0.6601611375808716,0.0079348087310791,0.0952330231666565,0.4206213653087616,0.0,0.0,0.0079348087310791,0.0,0.0
normal,11.17921600818634,9.978965759277344,12.238725662231444,0.048153638839721624,-0.03377938270568848,0.127930536866188,0.048153638839721624,0.0,0.6601611375808716,0.0079348087310791,0.0952330231666565,0.4206213653087616,0.0,0.0,0.0079348087310791,0.0,0.0
normal,11.14580729484558,9.978965759277344,12.238725662231444,0.048153638839721624,-0.03377938270568848,0.1530854254961013,0.048153638839721624,0.0,0.6601611375808716,0.0079348087310791,0.0952330231666565,0.4206213653087616,0.0,0.0,0.0079348087310791,0.0,0.0
normal,11.10812697728475,9.978965759277344,12.238725662231444,0.048153638839721624,-0.03377938270568848,0.1530854254961013,0.048153638839721624,0.0,0.6601611375808716,0.0,0.0436567366123199,0.4206213653087616,0.0,0.0,0.0,0.0,0.0
normal,11.046405422509014,9.945687294006348,12.238725662231444,0.048153638839721624,-0.03377938270568848,0.1530854254961013,0.048153638839721624,0.0,0.6601611375808716,0.0,0.0436567366123199,0.4206213653087616,0.0,0.0,0.0,0.0,0.0
normal,10.97386576493581,9.299165725708008,12.238725662231444,0.048153638839721624,-0.03377938270568848,0.1530854254961013,0.048153638839721624,0.0,0.6601611375808716,0.0,0.0436567366123199,0.4206213653087616,0.0,0.0,0.0,0.0,0.0
normal,10.875587515918559,8.763897895812988,12.238725662231444,0.048153638839721624,-0.03377938270568848,1.2258812189102173,0.048153638839721624,0.0,0.6601611375808716,0.0,0.0,0.3253883570432663,0.0,0.0,0.0,0.0,0.0
normal,10.736723782221476,8.755513191223145,12.238725662231444,0.048153638839721624,-0.03377938270568848,1.226360321044922,0.048153638839721624,0.0,0.6601611375808716,0.0,0.0,0.2380901575088501,0.0,0.0,0.0,0.0,0.0
normal,10.615784605344137,8.755513191223145,12.238725662231444,0.048153638839721624,-0.02228003740310669,1.226360321044922,0.048153638839721624,0.0,0.6601611375808716,0.0,0.0,0.2380901575088501,0.0,0.0,0.0,0.0,0.0
normal,10.450821582965565,8.755513191223145,12.238725662231444,0.048153638839721624,-0.02228003740310669,1.226360321044922,0.048153638839721624,0.0,0.4880825281143188,0.0,0.0,0.1706289947032928,0.0,0.0,0.0,0.0,0.0
normal,10.245584371884664,8.755513191223145,11.978401184082031,0.048153638839721624,-0.027071475982666016,1.226360321044922,0.048153638839721624,0.0,0.4880825281143188,0.0,0.0,0.0843226313591003,0.0,0.0,0.0,0.0,0.0
normal,10.05924579779307,8.755513191223145,11.507835388183594,0.026592284440994318,-0.027071475982666016,1.226360321044922,0.027071475982666016,0.0,0.4880825281143188,0.0,0.0,0.0843226313591003,0.0,0.0,0.0,0.0,0.0
normal,9.896714091300964,8.755513191223145,11.048616409301758,0.026592284440994318,-0.027071475982666016,1.226360321044922,0.027071475982666016,0.0,0.4880825281143188,0.0,0.0,0.0843226313591003,0.0,0.0,0.0,0.0,0.0
normal,9.73466165860494,8.755513191223145,10.591437339782717,0.026592284440994318,-0.027071475982666016,1.226360321044922,0.027071475982666016,0.0,0.4880825281143188,0.0,0.00991851091384885,0.0952330231666565,0.0,0.0,0.0,0.0,0.0
normal,9.56876992225647,8.260705947875977,10.508970260620115,0.026592284440994318,-0.027071475982666016,1.226360321044922,0.027071475982666016,0.0,0.4880825281143188,0.0,0.00991851091384885,0.0952330231666565,0.0,0.0595187246799469,0.0,0.0,0.0
normal,9.3289217710495,6.277589797973633,10.508970260620115,0.026592284440994318,-0.027071475982666016,1.226360321044922,0.027071475982666016,0.0,0.4880825281143188,0.0,0.00991851091384885,0.0952330231666565,0.0,0.2293557673692703,0.0,0.0,0.0
normal,8.969295811930829,4.176014423370361,10.508970260620115,0.026113152503967174,-0.027071475982666016,1.226360321044922,0.027071475982666016,0.0,0.4880825281143188,0.0,0.0,0.0952330231666565,0.0,0.269029825925827,0.0,0.0,0.0
normal,8.221210684726636,0.0,10.508970260620115,0.026113152503967174,-0.027071475982666016,1.1058565378189087,0.027071475982666016,0.0,0.4880825281143188,0.0,0.0,0.0674611628055572,0.0,0.269029825925827,0.0,0.0,0.0
normal,7.225401714319776,0.0,10.508970260620115,0.02443617582321167,-0.027071475982666016,0.8289132118225098,0.027071475982666016,0.0,0.2341227531433105,0.0,0.0,0.0436567366123199,0.0,0.269029825925827,0.0,0.0,0.0
normal,6.1954851482839635,0.0,10.317851066589355,0.02443617582321167,-0.027071475982666016,0.7505737543106079,0.027071475982666016,0.0,0.5820337533950806,0.0,0.0,0.0674611628055572,0.0,0.269029825925827,0.0,0.0,0.0
normal,5.439302276425685,0.0,9.949105262756348,0.0189260542392731,-0.021321754902601298,0.5572405457496643,0.021321754902601298,0.0,0.734382152557373,0.0,0.0,0.0714285671710968,0.0,0.269029825925827,0.0,0.0,0.0
normal,5.0256519640558,0.0,9.818350791931152,0.0189260542392731,-0.021321754902601298,0.5572405457496643,0.021321754902601298,0.0,0.7890560626983643,0.0,0.0,0.36506241559982294,0.0,0.269029825925827,0.0,0.0,0.0
normal,4.861463080697383,0.0,9.409906387329102,0.0189260542392731,-0.041685238480567904,0.3725318014621734,0.041685238480567904,0.0,0.7890560626983643,0.0,0.0,0.5820337533950806,0.0,0.269029825925827,0.0,0.0,0.0
normal,4.841347144100194,0.0,9.336223602294922,0.0189260542392731,-0.041685238480567904,0.3725318014621734,0.041685238480567904,0.0,0.7890560626983643,0.0,0.1488082408905029,0.5820337533950806,0.0,0.269029825925827,0.0,0.0,0.0
normal,4.940744614256546,0.0,9.819571495056152,0.0189260542392731,-0.041685238480567904,0.3725318014621734,0.041685238480567904,0.0,0.7890560626983643,0.0,0.404751718044281,0.5820337533950806,0.0,0.269029825925827,0.0,0.0,0.0
normal,5.215265747361506,0.0,10.1830472946167,0.0189260542392731,-0.041685238480567904,0.3725318014621734,0.041685238480567904,0.0,0.7890560626983643,0.0,0.4325235784053802,0.5869167149066925,0.0,0.269029825925827,0.0,0.0,0.0
normal,5.74376230920665,0.0,11.299660682678224,0.0189260542392731,-0.041685238480567904,0.3725318014621734,0.041685238480567904,0.0,0.8242133855819702,0.3749923706054687,0.47022920846939087,0.6640675067901611,0.0,0.269029825925827,0.3749923706054687,0.0,0.0
normal,6.786433847450341,0.0,12.557884216308594,0.01844686269760132,-0.041685238480567904,0.3725318014621734,0.041685238480567904,0.0,0.8398388624191284,0.4087191224098205,0.5156254768371582,0.7031311988830566,0.0,0.0,0.4087191224098205,0.0,0.0
normal,8.059563231848168,0.0,13.092290878295898,0.01844686269760132,-0.041685238480567904,0.3725318014621734,0.041685238480567904,0.1468245387077331,0.8398388624191284,0.4325235784053802,0.5195318460464478,0.7031311988830566,0.0,0.0,0.4325235784053802,0.0,0.0
normal,9.372832100987434,1.1152933835983276,13.419441223144531,0.01844686269760132,-0.041685238480567904,0.3725318014621734,0.041685238480567904,0.317453533411026,0.8398388624191284,0.4196295142173767,0.5058595538139343,0.7031311988830566,0.0,0.0,0.4196295142173767,0.0,0.0
normal,10.473625991101654,4.1544413566589355,13.900643348693848,0.01844686269760132,-0.041685238480567904,0.3186284899711609,0.041685238480567904,0.317453533411026,0.8398388624191284,0.404751718044281,0.4682455062866211,0.6894589066505432,0.0,0.0,0.404751718044281,0.0,0.0
normal,11.296319186389942,7.106825828552246,14.063118934631348,0.01844686269760132,-0.041685238480567904,0.2249565124511718,0.041685238480567904,0.0714285671710968,0.8398388624191284,0.365062415599823,0.4364909827709198,0.578127384185791,0.0,0.0,0.365062415599823,0.0,0.0
normal,11.88544583797455,8.604196548461914,14.063118934631348,0.01844686269760132,-0.016530334949493186,0.0388103872537612,0.01844686269760132,0.0,0.8398388624191284,0.3283639177680015,0.416653960943222,0.48213142156600947,0.0,0.0,0.3283639177680015,0.0,0.0
normal,12.318236298561096,9.345081329345703,14.063118934631348,0.01844686269760132,-0.016530334949493186,0.0500701926648616,0.01844686269760132,0.0,0.8398388624191284,0.2519760727882385,0.404751718044281,0.48213142156600947,0.0,0.0,0.2519760727882385,0.0,0.0
normal,12.659797155062357,9.823285102844238,14.063118934631348,0.017009437084197998,-0.0141346473246813,0.0500701926648616,0.017009437084197998,0.0,0.8398388624191284,0.0833307802677154,0.3392742872238159,0.48213142156600947,0.0,0.0,0.0833307802677154,0.0,0.0
normal,12.93790924409793,10.194833755493164,14.063118934631348,0.015572071075439509,-0.0206030458211899,0.0500701926648616,0.0206030458211899,0.0,0.8398388624191284,0.0833307802677154,0.317453533411026,0.4543443024158478,0.0,0.0,0.0833307802677154,0.0,0.0
normal,13.110578846931457,11.323941230773926,14.063118934631348,0.015572071075439509,-0.0206030458211899,0.0843287482857704,0.0206030458211899,0.0,0.8398388624191284,0.0555589497089386,0.12102115154266355,0.365062415599823,0.0,0.0,0.0555589497089386,0.0,0.0
normal,13.134831204414368,12.208749771118164,14.063118934631348,0.014134645462036098,-0.0206030458211899,0.0843287482857704,0.0206030458211899,0.0,0.5312509536743164,0.0555589497089386,0.12102115154266355,0.3372905850410461,0.0,0.0,0.0555589497089386,0.0,0.0
normal,13.091830700238546,12.208749771118164,14.063118934631348,0.014134645462036098,-0.0206030458211899,0.0843287482857704,0.0206030458211899,0.0,0.4642780721187591,0.0555589497089386,0.12102115154266355,0.3372905850410461,0.0,0.0,0.0555589497089386,0.0,0.0
normal,13.070623675982157,12.208749771118164,14.063118934631348,0.014134645462036098,-0.0206030458211899,0.0843287482857704,0.0206030458211899,0.0,0.5429700613021851,0.0555589497089386,0.12102115154266355,0.3610950112342834,0.0,0.0,0.0555589497089386,0.0,0.0
normal,13.098486011714586,12.208749771118164,14.37242317199707,0.014134645462036098,-0.0206030458211899,0.0843287482857704,0.0206030458211899,0.0,0.613284707069397,0.0555589497089386,0.1230048537254333,0.3729972243309021,0.0,0.0,0.0555589497089386,0.0,0.0
normal,13.195086720784506,12.208749771118164,15.696328163146973,0.014134645462036098,-0.0206030458211899,0.0843287482857704,0.0206030458211899,0.0,0.8124942779541016,0.0555589497089386,0.17062899470329285,0.512695699930191,0.0,0.0,0.0555589497089386,0.0,0.0
normal,13.466791685422262,12.208749771118164,17.229352951049805,0.015332505106925881,-0.0206030458211899,0.1514084339141845,0.0206030458211899,0.0,0.843745231628418,0.0833307802677154,0.3571276068687439,0.5742210149765015,0.0,0.0,0.0833307802677154,0.0,0.0
normal,13.895590664545695,12.208749771118164,17.98504638671875,0.015332505106925881,-0.0206030458211899,0.2858073711395263,0.0206030458211899,0.0555589497089386,0.843745231628418,0.0833307802677154,0.4642780721187591,0.6416058838367462,0.0,0.0,0.0833307802677154,0.0,0.0
normal,14.424460069338481,12.208749771118164,18.606822967529297,0.015332505106925881,-0.0206030458211899,0.2858073711395263,0.0206030458211899,0.0555589497089386,0.843745231628418,0.2023682296276092,0.5390636920928955,0.6416058838367462,0.0,0.0,0.2023682296276092,0.0,0.0
normal,15.042325438754927,12.208749771118164,19.336503982543945,0.015332505106925881,-0.014134645462036105,0.2858073711395263,0.015332505106925881,0.0555589497089386,0.843745231628418,0.365062415599823,0.5390636920928955,0.6406292915344238,0.0,0.0,0.365062415599823,0.0,0.0
normal,15.786318335533142,12.208749771118164,20.37268447875977,0.015332505106925881,-0.014134645462036105,0.3320444226264953,0.015332505106925881,0.1745963990688324,0.843745231628418,0.5078127384185791,0.5625019073486328,0.6757866144180298,0.0,0.0,0.5078127384185791,0.0,0.0
normal,16.664933675130207,12.247762680053713,21.66084098815918,0.015332505106925881,-0.014134645462036105,0.3320444226264953,0.015332505106925881,0.3571276068687439,0.843745231628418,0.5117191076278687,0.5937528610229492,0.734382152557373,0.0,0.0,0.5117191076278687,0.0,0.0
normal,17.6593435494105,12.69606590270996,23.095539093017575,0.015332505106925881,-0.014134645462036105,0.3320444226264953,0.015332505106925881,0.4642780721187591,0.843745231628418,0.5429700613021851,0.6367229223251343,0.7578051090240479,0.0,0.0,0.5429700613021851,0.0,0.0
normal,18.721360370318095,13.456205368041992,24.11699676513672,0.015332505106925881,-0.014134645462036105,0.3320444226264953,0.015332505106925881,0.2856990098953247,0.843745231628418,0.5664082765579224,0.6503952145576477,0.7578051090240479,0.0,0.0,0.5664082765579224,0.0,0.0
normal,19.731577034187634,14.389616012573242,24.14425277709961,0.015332505106925881,-0.014134645462036105,0.3320444226264953,0.015332505106925881,0.0,0.843745231628418,0.5273445844650269,0.6523483991622925,0.7578051090240479,0.0,0.0,0.5273445844650269,0.0,0.0
normal,20.62137328783671,15.722339630126951,24.14425277709961,0.015332505106925881,-0.014134645462036105,0.3320444226264953,0.015332505106925881,0.0,0.843745231628418,0.5078127384185791,0.613284707069397,0.7538987398147583,0.0,0.0,0.5078127384185791,0.0,0.0
normal,21.307087297439576,17.244014739990234,24.14425277709961,0.012218087911605807,-0.014134645462036105,0.3320444226264953,0.014134645462036105,0.0,0.8398388624191284,0.0,0.5585955381393433,0.7148503065109253,0.0,0.0535676181316375,0.0,0.0,0.0
normal,21.784857266743977,17.996505737304688,24.14425277709961,0.009582810103893204,-0.014134645462036105,0.3320444226264953,0.014134645462036105,0.0,0.8398388624191284,0.0,0.5117191076278687,0.6777397990226746,0.0,0.1936490982770919,0.0,0.0,0.0
normal,22.028720677396493,18.617246627807617,24.14425277709961,0.009582810103893204,-0.0126972496509552,0.3320444226264953,0.0126972496509552,0.0,0.8398388624191284,0.0,0.2856990098953247,0.6796929836273193,0.0,0.1976165175437927,0.0,0.0,0.0
normal,22.119609340031943,19.350645065307617,24.14425277709961,0.009582810103893204,-0.0126972496509552,0.3320444226264953,0.0126972496509552,0.0,0.8398388624191284,0.0,0.0,0.6777397990226746,0.0,0.1976165175437927,0.0,0.0,0.0
normal,22.072869329452516,19.122055053710938,24.14425277709961,0.009582810103893204,-0.0126972496509552,0.3009003102779388,0.0126972496509552,0.0,0.8398388624191284,0.0,0.0,0.5976592302322388,0.0,0.1976165175437927,0.0,0.0,0.0
normal,21.862820466359455,18.768495559692383,24.14425277709961,0.011020228266716003,-0.014134645462036188,0.2841303646564483,0.014134645462036188,0.0,0.8398388624191284,0.0,0.0,0.0,0.0,0.1976165175437927,0.0,0.0,0.0
normal,21.49132508865382,18.409469604492188,24.14425277709961,0.014613792300224304,-0.014134645462036188,0.2841303646564483,0.014613792300224304,0.0,0.7929624319076538,0.0,0.0,0.0,0.0,0.1976165175437927,0.0,0.0,0.0
normal,20.895921443303425,16.69089698791504,24.14425277709961,0.014613792300224304,-0.014134645462036188,0.1906979531049728,0.014613792300224304,0.0,0.2618945837020874,0.0,0.0,0.0,0.0,0.3130787014961242,0.0,0.0,0.0
normal,20.009644849526506,13.62575912475586,23.971906661987305,0.014613792300224304,-0.014134645462036188,0.1341593712568283,0.014613792300224304,0.0,0.0,0.0,0.0,0.0,0.0,0.3130787014961242,0.0,0.0079348087310791,0.0
normal,18.79307691574097,9.76007843017578,23.661977767944336,0.014613792300224304,-0.014134645462036188,0.1341593712568283,0.014613792300224304,0.0,0.0,0.0,0.0,0.0,0.0,0.4202215671539306,0.0,0.0456327944993972,0.0
normal,17.233551219304402,6.068406105041504,22.97344017028809,0.014613792300224304,-0.014134645462036188,0.101577803492546,0.014613792300224304,0.0,0.0,0.0,0.0,0.0,0.0,0.4202215671539306,0.0,0.0773796737194061,0.0
normal,15.403324937820434,1.1877368688583374,21.587404251098633,0.014613792300224304,-0.02946716547012329,0.0483932010829448,0.02946716547012329,0.0,0.0,0.0,0.0,0.0,0.0,0.4202215671539306,0.0,0.1400738656520843,0.0
normal,13.350654517676984,0.0,20.21168327331543,0.014613792300224304,-0.02946716547012329,0.0483932010829448,0.02946716547012329,0.0,0.0,0.0,0.0,0.0,0.0,0.4202215671539306,0.0,0.0853144973516464,0.0
normal,11.36917098742818,0.0,19.597393035888672,0.014613792300224304,-0.06061124801635698,0.0483932010829448,0.06061124801635698,0.0,0.404751718044281,0.0,0.0,0.0,0.0,0.4202215671539306,0.0,0.0853144973516464,0.0
normal,9.550968175263455,0.0,19.11509132385254,0.014613792300224304,-0.06061124801635698,0.0483932010829448,0.06061124801635698,0.0,0.6367229223251343,0.0,0.0,0.0,0.0,0.4202215671539306,0.0,0.0853144973516464,0.0
normal,8.086249445608507,0.0,18.763673782348633,0.014613792300224304,-0.06061124801635698,0.0483932010829448,0.06061124801635698,0.0,0.7812433242797852,0.0,0.0,0.08829003572463988,0.0,0.4202215671539306,0.0,0.0853144973516464,0.0
normal,6.95575125278059,0.0,18.398136138916016,0.10349440574645996,-0.06061124801635698,0.0433622226119041,0.10349440574645996,0.0,0.7890560626983643,0.0,0.0,0.452360600233078,0.0,0.4202215671539306,0.0,0.0853144973516464,0.0
normal,5.966696726015458,0.0,16.64154052734375,0.10349440574645996,-0.06061124801635698,0.2338206171989441,0.10349440574645996,0.0,0.7890560626983643,0.0,0.0,0.4533524513244629,0.0,0.4202215671539306,0.0,0.0,0.0
normal,5.3471626579078535,0.0,13.574143409729004,0.10349440574645996,-0.06061124801635698,1.5080950260162354,0.10349440574645996,0.0,0.7890560626983643,0.0,0.3571276068687439,0.5468764305114746,0.0,0.4202215671539306,0.0,0.0,0.0
normal,5.194472285394926,0.0,10.842422485351562,0.10349440574645996,-0.06061124801635698,1.5080950260162354,0.10349440574645996,0.0,0.7890560626983643,0.0,0.3610950112342834,0.6425824761390686,0.0,0.4202215671539306,0.0,0.0,0.0
normal,5.578500168652584,0.0,12.305752754211426,0.10349440574645996,-0.06061124801635698,1.5080950260162354,0.10349440574645996,0.0,0.8945280313491821,0.09027373790740963,0.4980010390281677,0.6835993528366089,0.0,0.3547364771366119,0.09027373790740963,0.0,0.0
normal,6.496406727960954,0.0,14.25064754486084,0.10349440574645996,-0.06061124801635698,1.5080950260162354,0.10349440574645996,0.0,1.0,0.3610950112342834,0.6015655994415283,0.7382885217666626,0.0,0.1777642220258712,0.3610950112342834,0.0,0.0
normal,7.996084214656152,0.0,15.864497184753418,0.10349440574645996,-0.06061124801635698,1.5080950260162354,0.10349440574645996,0.0,1.0,0.40871912240982056,0.6796929836273193,0.7851496934890747,0.0,0.0,0.40871912240982056,0.0,0.0
normal,9.608766340227572,0.1787882298231125,16.418561935424805,0.10349440574645996,-0.0400080680847168,1.5080950260162354,0.10349440574645996,0.3571276068687439,1.0,0.5468764305114746,0.6796929836273193,0.7851496934890747,0.0,0.0,0.5468764305114746,0.0,0.0
normal,11.156588550408681,2.704061269760132,16.913490295410156,0.10349440574645996,-0.036175101995468195,1.5080950260162354,0.10349440574645996,0.3571276068687439,1.0,0.6250038146972656,0.6796929836273193,0.7851496934890747,0.0,0.0,0.6250038146972656,0.0,0.0
normal,12.433199258645375,6.0553202629089355,17.136293411254883,0.10349440574645996,-0.036175101995468195,1.5080950260162354,0.10349440574645996,0.3571276068687439,1.0,0.5068361461162567,0.6484420299530029,0.7851496934890747,0.0,0.0,0.5068361461162567,0.0,0.0
normal,13.450364766915639,7.742801189422607,17.496410369873047,0.10301518440246582,-0.036175101995468195,1.5080950260162354,0.10301518440246582,0.3571276068687439,1.0,0.5078127384185791,0.6484420299530029,0.6992248296737671,0.0,0.0,0.5078127384185791,0.0,0.0
normal,14.420862679481507,8.417937278747559,18.06255340576172,0.06540268659591669,-0.036175101995468195,1.5080950260162354,0.06540268659591669,0.3571276068687439,1.0,0.6123081147670746,0.6523483991622925,0.6992248296737671,0.0,0.0,0.6123081147670746,0.0,0.0
normal,15.36306583404541,9.698356628417969,18.66149520874023,0.020123898983001695,-0.036175101995468195,1.034704089164734,0.036175101995468195,0.4245887696743011,1.0,0.6484420299530029,0.6796929836273193,0.6992248296737671,0.0,0.0,0.6484420299530029,0.0,0.0
normal,16.223583702239736,10.86205005645752,19.346837997436523,0.020123898983001695,-0.031144142150878892,0.384989470243454,0.031144142150878892,0.4245887696743011,1.0,0.6484420299530029,0.691412091255188,0.7617114782333374,0.0,0.0,0.6484420299530029,0.0,0.0
normal,17.058425685201144,12.336052894592283,20.329364776611328,0.020123898983001695,-0.012936800718307495,0.384989470243454,0.020123898983001695,0.4245887696743011,1.0,0.6484420299530029,0.691412091255188,0.8691366314888,0.0,0.0,0.6484420299530029,0.0,0.0
normal,17.828834613164265,14.28374195098877,21.506481170654297,0.020123898983001695,-0.012457653880119324,0.384989470243454,0.020123898983001695,0.4245887696743011,1.0,0.6484420299530029,0.691412091255188,0.8720664083957672,0.0,0.0,0.6484420299530029,0.0,0.0
normal,18.514691502004613,15.875579833984377,22.68694496154785,0.020123898983001695,-0.012457653880119324,0.384989470243454,0.020123898983001695,0.4245887696743011,1.0,0.6484420299530029,0.6953184604644775,0.91405987739563,0.0,0.0,0.6484420299530029,0.0,0.0
normal,19.232164783477785,16.427080154418945,23.872079849243164,0.020123898983001695,-0.012457653880119324,0.384989470243454,0.020123898983001695,0.4245887696743011,1.0,0.6484420299530029,0.6992248296737671,0.9960936307907104,0.0,0.0,0.6484420299530029,0.0,0.0
normal,20.003932892380654,16.921377182006836,25.07005500793457,0.020123898983001695,-0.012457653880119324,0.384989470243454,0.020123898983001695,0.4245887696743011,1.0,0.6679738759994507,0.843745231628418,0.9960936307907104,0.0,0.0,0.6679738759994507,0.0,0.0
normal,20.83293298403422,17.14004135131836,25.38212776184082,0.020123898983001695,-0.014134645462036105,0.384989470243454,0.020123898983001695,0.0,1.0,0.6757866144180298,0.8456984162330627,0.9960936307907104,0.0,0.0,0.6757866144180298,0.0,0.0
normal,21.58754723548889,17.505130767822266,25.38212776184082,0.020123898983001695,-0.014134645462036105,0.384989470243454,0.020123898983001695,0.0,1.0,0.6757866144180298,0.8456984162330627,0.9960936307907104,0.0,0.0416653901338577,0.6757866144180298,0.0,0.0
normal,22.19519710858663,18.072696685791016,25.38212776184082,0.020123898983001695,-0.014134645462036105,0.384989470243454,0.020123898983001695,0.0,1.0,0.0,0.8456984162330627,0.9960936307907104,0.0,0.2888821065425873,0.0,0.0,0.0
normal,22.48222034772237,18.670793533325195,25.38212776184082,0.008864104747772189,-0.014134645462036105,0.3555223345756531,0.014134645462036105,0.0,1.0,0.0,0.8456984162330627,0.9960936307907104,0.0,0.3249809443950653,0.0,0.0,0.0
normal,22.385210951102994,16.06062126159668,25.38212776184082,0.008864104747772189,-0.014134645462036105,0.3430646657943725,0.014134645462036105,0.0,1.0,0.0,0.8476516008377075,0.9960936307907104,0.0,0.4202215671539306,0.0,0.0,0.0
normal,21.788415989740916,12.212034225463867,25.38212776184082,0.008864104747772189,-0.014134645462036105,0.3430646657943725,0.014134645462036105,0.0,1.0,0.0,0.0,0.9960936307907104,0.0,0.4202215671539306,0.0,0.0,0.0
normal,20.785499307314556,9.669898986816406,25.38212776184082,0.008864104747772189,-0.014134645462036105,0.3430646657943725,0.014134645462036105,0.0,1.0,0.0,0.0,0.9609363079071044,0.0,0.4202215671539306,0.0,0.0416653901338577,0.0
normal,19.414896806875866,7.079978942871094,25.38212776184082,0.008864104747772189,-0.014134645462036105,0.3430646657943725,0.014134645462036105,0.0,1.0,0.0,0.0,0.0,0.0,0.4202215671539306,0.0,0.2134861350059509,0.0
normal,17.652536157766978,4.19642448425293,25.38212776184082,0.005989253520965604,-0.014134645462036105,0.2699957191944122,0.014134645462036105,0.0,0.9609363079071044,0.0,0.0,0.0,0.0,0.4202215671539306,0.0,0.2412579804658889,0.0
normal,15.379626554999493,0.0,25.38212776184082,0.0019165612757204992,-0.014134645462036105,0.2189672589302063,0.014134645462036105,0.0,0.8476516008377075,0.0,0.0,0.0,0.0,0.4202215671539306,0.0,0.2729972302913666,0.1499923765659332
normal,12.83785780273378,0.0,25.085477828979492,0.0019165612757204992,-0.001437421888113001,0.0344981215894222,0.0019165612757204992,0.0,0.0,0.0,0.0,0.0,0.0,0.4202215671539306,0.0,0.2729972302913666,0.21249428391456598
normal,10.354326210046809,0.0,24.521080017089844,0.0,-0.001437421888113001,0.0344981215894222,0.001437421888113001,0.0,0.0,0.0,0.0,0.0,0.0,0.4202215671539306,0.0,0.2729972302913666,0.21249428391456598
normal,7.969150940602025,0.0,22.75383949279785,0.0,0.0,0.02467573992908,0.0,0.0,0.0,0.0,0.0,0.0,0.0,0.4202215671539306,0.0,0.2729972302913666,0.0
normal,5.844998435998956,0.0,19.64628791809082,0.0,0.0,0.02467573992908,0.0,0.0,0.0,0.0,0.0,0.0,0.0,0.4202215671539306,0.0,0.2333231717348098,0.0
normal,4.073601625946516,0.0,15.99367332458496,0.0,0.0,0.02467573992908,0.0,0.0,0.0,0.0,0.0,0.0,0.0,0.4202215671539306,0.0,0.2134861350059509,0.0
normal,2.658052127652853,0.0,12.159775733947754,0.0,0.0,0.02467573992908,0.0,0.0,0.0,0.0,0.0,0.0,0.0,0.3071275949478149,0.0,0.0,0.0
fast,0.052209723883618914,0.0,2.132113456726074,0.018686532974243386,-0.010301589965820312,1.9714239835739136,0.018686532974243386,0.0,1.0,0.0,0.0,0.0,0.0,0.0,0.0,0.0,0.0
fast,0.50823355048274,0.0,7.107222557067871,0.018686532974243386,-0.0634861290454864,1.9714239835739136,0.0634861290454864,0.0,1.0,0.0,0.0,0.0,0.0,0.0,0.0,0.0,0.0
fast,1.4132402492500842,0.0,10.641201972961426,0.03234201669692993,-0.0634861290454864,1.9714239835739136,0.0634861290454864,0.0,1.0,0.0,0.0,0.46906185895204544,0.0,0.0,0.0,0.0,0.0
fast,2.649866109782209,0.0,14.040657043457031,0.0385708212852478,-0.0634861290454864,1.9714239835739136,0.0634861290454864,0.0,1.0,0.0,0.0,1.0,0.0,0.0,0.0,0.0,0.0
fast,4.148664012024437,0.0,16.051990509033203,0.0385708212852478,-0.0634861290454864,1.9714239835739136,0.0634861290454864,0.0,1.0,0.0,0.0,1.0,0.0,0.0,0.0,0.0,0.0
fast,5.846120319396058,0.0,18.113615036010746,0.0385708212852478,-0.0634861290454864,1.9714239835739136,0.0634861290454864,0.0,1.0,0.0,1.0,1.0,0.0,0.0,0.0,0.0,0.0
fast,7.791966839724531,0.0,20.33199691772461,0.0385708212852478,-0.0634861290454864,1.9714239835739136,0.0634861290454864,0.0,1.0,0.0,1.0,1.0,0.0,0.0,0.0,0.0,0.0
fast,9.906040100197313,0.0,22.08749771118164,0.0385708212852478,-0.0634861290454864,1.9714239835739136,0.0634861290454864,0.0,1.0,0.493697926402092,1.0,1.0,0.0,0.0,0.493697926402092,0.0,0.0
fast,12.179909372184667,0.0,23.329225540161133,0.0385708212852478,-0.0634861290454864,1.9714239835739136,0.0634861290454864,0.0,1.0,1.0,1.0,1.0,0.0,0.0,1.0,0.0,0.0
fast,14.57785707731453,0.0,24.518598556518555,0.0385708212852478,-0.0634861290454864,1.9714239835739136,0.0634861290454864,0.0,1.0,1.0,1.0,1.0,0.0,0.0,1.0,0.0,0.0
fast,17.034618184244096,2.207580327987671,25.414308547973633,0.0385708212852478,-0.0634861290454864,1.929978370666504,0.0634861290454864,0.6757866144180298,1.0,1.0,1.0,1.0,0.0,0.0,1.0,0.0,0.0
fast,19.139654297263476,7.2018585205078125,25.68681907653809,0.0385708212852478,-0.04360175132751465,0.1813547164201736,0.04360175132751465,0.4364909827709198,1.0,1.0,1.0,1.0,0.0,0.0,1.0,0.0,0.0
fast,20.820880734125772,10.69579029083252,25.814455032348633,0.0385708212852478,-0.025394454598426798,0.1813547164201736,0.0385708212852478,0.4245887696743011,1.0,0.7382885217666626,1.0,1.0,0.0,0.0,0.7382885217666626,0.0,0.0
fast,22.16574138233777,14.073646545410156,25.936872482299805,0.023717463016509996,-0.025394454598426798,0.1813547164201736,0.025394454598426798,0.4245887696743011,1.0,0.4801477193832397,1.0,1.0,0.0,0.0,0.4801477193832397,0.0,0.0
fast,23.275844020843508,16.08619499206543,26.37935447692871,0.014134648256003801,-0.025394454598426798,0.1813547164201736,0.025394454598426798,0.4245887696743011,1.0,0.4761803150177002,1.0,1.0,0.0,0.0,0.4761803150177002,0.0,0.0
fast,24.221309776115735,18.14932632446289,26.82073402404785,0.014134648256003801,-0.025394454598426798,0.1502105742692947,0.025394454598426798,0.4245887696743011,1.0,0.4761803150177002,0.7148503065109253,1.0,0.0,0.0,0.4761803150177002,0.0,0.0
fast,24.972533871332804,20.36884307861328,26.821666717529297,0.014134648256003801,-0.025394454598426798,0.1284096837043762,0.025394454598426798,0.051591545343399,1.0,0.4245887696743011,0.6425824761390686,1.0,0.0,0.0,0.4245887696743011,0.0,0.0
fast,25.455053383419397,22.10944366455078,26.821666717529297,0.014134648256003801,-0.012697227299213402,0.1284096837043762,0.014134648256003801,0.051591545343399,1.0,0.4245887696743011,0.4801477193832397,0.7421948909759521,0.0,0.0,0.4245887696743011,0.0,0.0
fast,25.787011165618896,23.34922218322754,26.821666717529297,0.007187109440565101,-0.012697227299213402,0.1284096837043762,0.012697227299213402,0.051591545343399,1.0,0.4245887696743011,0.4801477193832397,0.7148503065109253,0.0,0.0,0.4245887696743011,0.0,0.0
fast,26.034878273010253,24.538923263549805,26.821666717529297,0.007187109440565101,-0.0059892572462558,0.0421643741428852,0.007187109440565101,0.051591545343399,1.0,0.4245887696743011,0.4801477193832397,0.7148503065109253,0.0,0.0,0.4245887696743011,0.0,0.0
fast,26.22798584620158,25.424461364746097,27.247053146362305,0.007187109440565101,-0.0059892572462558,0.0421643741428852,0.007187109440565101,0.051591545343399,1.0,0.4245887696743011,0.4801477193832397,0.8886684775352478,0.0,0.0,0.4245887696743011,0.0,0.0
fast,26.421752418733874,25.68928337097168,27.628263473510746,0.007187109440565101,-0.0059892572462558,0.0421643741428852,0.007187109440565101,0.051591545343399,1.0,0.4245887696743011,0.5195318460464478,0.964842677116394,0.0,0.0,0.4245887696743011,0.0,0.0
fast,26.577416009902954,25.816530227661133,27.628263473510746,0.007187109440565101,-0.0059892572462558,0.0421643741428852,0.007187109440565101,0.051591545343399,1.0,0.2460249662399292,0.5195318460464478,0.964842677116394,0.0,0.0,0.2460249662399292,0.0,0.0
fast,26.657710053126017,25.908430099487305,27.628263473510746,0.007187109440565101,-0.0059892572462558,0.0421643741428852,0.007187109440565101,0.051591545343399,1.0,0.2261879444122314,0.5195318460464478,0.964842677116394,0.0,0.0,0.2261879444122314,0.0,0.0
fast,26.70170209244615,25.908430099487305,27.628263473510746,0.007187109440565101,-0.0059892572462558,0.0421643741428852,0.007187109440565101,0.051591545343399,1.0,0.2261879444122314,0.5195318460464478,0.9765617847442628,0.0,0.0,0.2261879444122314,0.0,0.0
fast,26.73095859788694,25.908430099487305,27.628263473510746,0.007187109440565101,-0.0059892572462558,0.0421643741428852,0.007187109440565101,0.051591545343399,1.0,0.2261879444122314,0.6875057220458984,1.0,0.0,0.0,0.2261879444122314,0.0,0.0
fast,26.76729406060679,25.908430099487305,27.628263473510746,0.007187109440565101,-0.0059892572462558,0.0421643741428852,0.007187109440565101,0.0674611628055572,1.0,0.26784569025039673,0.6875057220458984,1.0,0.0,0.0,0.26784569025039673,0.0,0.0
fast,26.809573200588833,25.908430099487305,27.628263473510746,0.011978514492511791,-0.0093432404100895,0.1528458446264267,0.011978514492511791,0.0674611628055572,1.0,0.2658619880676269,0.6875057220458984,1.0,0.0,0.0,0.2658619880676269,0.0,0.0
fast,26.843940142598097,26.211570739746097,27.628263473510746,0.011978514492511791,-0.0093432404100895,0.1528458446264267,0.011978514492511791,0.0674611628055572,1.0,0.2658619880676269,0.6015655994415283,1.0,0.0,0.0,0.2658619880676269,0.0,0.0
fast,26.82214698537614,26.208650588989254,27.628263473510746,0.011978514492511791,-0.0093432404100895,0.1528458446264267,0.011978514492511791,0.0674611628055572,1.0,0.2460249662399292,0.5039063692092896,0.9062471389770508,0.0,0.0,0.2460249662399292,0.0,0.0
fast,26.77545984493516,26.208650588989254,27.628263473510746,0.011978514492511791,-0.0093432404100895,0.1528458446264267,0.011978514492511791,0.0674611628055572,1.0,0.2460249662399292,0.4960173368453979,0.7695242166519165,0.0,0.0,0.2460249662399292,0.0,0.0
fast,26.764558893839517,26.208650588989254,27.80925178527832,0.011978514492511791,-0.0093432404100895,0.1528458446264267,0.011978514492511791,0.0674611628055572,1.0,0.2460249662399292,0.5039063692092896,0.7499923706054688,0.0,0.0,0.2460249662399292,0.0,0.0
fast,26.8437420018514,26.208650588989254,28.327192306518555,0.011978514492511791,-0.012457653880119296,0.1528458446264267,0.012457653880119296,0.1428571343421936,1.0,0.2618945837020874,0.5039063692092896,0.7499923706054688,0.0,0.0,0.2618945837020874,0.0,0.0
fast,27.026077003923312,26.208650588989254,28.688119888305664,0.011978514492511791,-0.012457653880119296,0.1528458446264267,0.012457653880119296,0.2420575618743896,1.0,0.3333231806755066,0.5039063692092896,0.7499923706054688,0.0,0.0,0.3333231806755066,0.0,0.0
fast,27.260686385651397,26.208650588989254,29.064781188964844,0.011978514492511791,-0.012457653880119296,0.1528458446264267,0.012457653880119296,0.2420575618743896,1.0,0.3333231806755066,0.4682455062866211,0.656254768371582,0.0,0.0,0.3333231806755066,0.0,0.0
fast,27.49316918473077,26.208650588989254,29.511884689331055,0.011978514492511791,-0.012457653880119296,0.1528458446264267,0.012457653880119296,0.2420575618743896,0.8046815395355225,0.3333231806755066,0.4325235784053802,0.5859401226043701,0.0,0.0,0.3333231806755066,0.0,0.0
fast,27.762613277435303,26.208650588989254,29.967315673828125,0.011978514492511791,-0.012457653880119296,0.1528458446264267,0.012457653880119296,0.0912655889987945,0.8046815395355225,0.3333231806755066,0.4325235784053802,0.583010345697403,0.0,0.0,0.3333231806755066,0.0,0.0
fast,28.0936587360655,26.208650588989254,29.9680233001709,0.007666252553462996,-0.012457653880119296,0.1152333170175552,0.012457653880119296,0.0,0.8046815395355225,0.3333231806755066,0.4325235784053802,0.5820337533950806,0.0,0.0,0.3333231806755066,0.0,0.0
fast,28.459101037979124,26.208650588989254,30.18463897705078,0.005989257391775,-0.012457653880119296,0.1152333170175552,0.012457653880119296,0.0,0.8046815395355225,0.2817316055297851,0.4087191224098205,0.4722129106521606,0.0,0.0,0.2817316055297851,0.0,0.0
fast,28.876412534713744,26.220888137817383,30.53070640563965,0.005989257391775,-0.012457653880119296,0.1152333170175552,0.012457653880119296,0.0,0.8046815395355225,0.2896664142608642,0.4087191224098205,0.4722129106521606,0.0,0.0,0.2896664142608642,0.0,0.0
fast,29.295605715208737,26.959218978881836,30.93211555480957,0.005989257391775,-0.012457653880119296,0.1152333170175552,0.012457653880119296,0.0,0.8046815395355225,0.2916577458381653,0.3729972243309021,0.4483931958675384,0.0,0.0,0.2916577458381653,0.0,0.0
fast,29.674304984410604,27.821460723876953,31.36888885498047,0.005989257391775,-0.012457653880119296,0.0907971411943435,0.012457653880119296,0.0,0.6367229223251343,0.2926534116268158,0.3690298199653625,0.4325235784053802,0.0,0.0,0.2926534116268158,0.0,0.0
fast,30.018294286727905,28.335460662841797,31.630205154418945,0.019644767045974704,-0.006468400359153803,0.0718710869550705,0.019644767045974704,0.0,0.4999847412109375,0.2886745631694793,0.365062415599823,0.3769798874855041,0.0,0.0,0.2886745631694793,0.0,0.0
fast,30.332296644846597,28.69403648376465,31.686243057250977,0.019644767045974704,-0.007426682859659202,0.02467573992908,0.019644767045974704,0.0,0.4999847412109375,0.217261254787445,0.317453533411026,0.3769798874855041,0.0,0.0,0.217261254787445,0.0,0.0
fast,30.603850587209067,29.07205390930176,31.686243057250977,0.019644767045974704,-0.007426682859659202,0.02467573992908,0.019644767045974704,0.0,0.4999847412109375,0.10614338517189023,0.2896664142608642,0.3690298199653625,0.0,0.0,0.10614338517189023,0.0,0.0
fast,30.830874185562134,29.520706176757812,31.686243057250977,0.019644767045974704,-0.007426682859659202,0.02467573992908,0.019644767045974704,0.0,0.4999847412109375,0.09820857644081113,0.2777642011642456,0.365062415599823,0.0,0.0,0.09820857644081113,0.0,0.0
fast,30.994950354894,29.89358711242676,31.686243057250977,0.019644767045974704,-0.007426682859659202,0.029227577149868,0.019644767045974704,0.0,0.3690298199653625,0.1021759808063507,0.2499923706054687,0.317453533411026,0.0,0.0,0.1021759808063507,0.0,0.0
fast,31.127402324676513,29.896671295166016,31.686243057250977,0.019644767045974704,-0.007426682859659202,0.029227577149868,0.019644767045974704,0.0,0.8124942779541016,0.1666615903377533,0.27578049898147583,0.317453533411026,0.0,0.0,0.1666615903377533,0.0,0.0
fast,31.2893120320638,30.19001579284668,32.137237548828125,0.019644767045974704,-0.007426682859659202,0.029227577149868,0.019644767045974704,0.0,1.0,0.1666615903377533,0.2777642011642456,0.3690298199653625,0.0,0.0,0.1666615903377533,0.0,0.0
fast,31.520528230667114,30.536693572998047,33.107486724853516,0.019644767045974704,-0.007426682859659202,0.029227577149868,0.019644767045974704,0.0,1.0,0.1666615903377533,0.2777642011642456,0.3690298199653625,0.0,0.0,0.1666615903377533,0.0,0.0
fast,31.805280377583177,30.93929672241211,34.06380844116211,0.019644767045974704,-0.007426682859659202,0.029227577149868,0.019644767045974704,0.0,1.0,0.1666615903377533,0.2777642011642456,1.0,0.0,0.0,0.1666615903377533,0.0,0.0
fast,32.14550803184509,31.177650451660156,34.94794464111328,0.019644767045974704,-0.007426682859659202,0.029227577149868,0.019644767045974704,0.0,1.0,0.1666615903377533,0.2777642011642456,1.0,0.0,0.0,0.1666615903377533,0.0,0.0
fast,32.46054392067936,31.177650451660156,34.94825744628906,0.004791406914591803,-0.007426682859659202,0.029227577149868,0.007426682859659202,0.0,1.0,0.1230048537254333,0.273796796798706,1.0,0.0,0.1420575678348541,0.1230048537254333,0.0,0.0
fast,32.44820284962853,27.65007972717285,34.94825744628906,0.004791406914591803,-0.0050309763755649,0.029227577149868,0.0050309763755649,0.0,1.0,0.0198370218276977,0.273796796798706,1.0,0.0,1.014865517616272,0.0198370218276977,0.0,0.0
fast,31.768111810684204,21.627857208251953,34.94825744628906,0.0052705465350299,-0.0050309763755649,0.029227577149868,0.0052705465350299,0.0,1.0,0.0,0.273796796798706,1.0,0.0,1.014865517616272,0.0,0.0,0.0
fast,30.471504662831624,17.415437698364258,34.94825744628906,0.0052705465350299,-0.011259809136390603,0.029227577149868,0.011259809136390603,0.0,1.0,0.0,0.2142857015132904,1.0,0.0,1.014865517616272,0.0,0.0,0.0
fast,29.127942220145176,17.415437698364258,34.94825744628906,0.011738955974578857,-0.020842641592025812,0.027550583705306,0.020842641592025812,0.0,1.0,0.0,0.5312509536743164,1.0,0.0,1.014865517616272,0.0,0.0,0.0
fast,27.884879627227782,17.415437698364258,34.94825744628906,0.011738955974578857,-0.020842641592025812,0.027550583705306,0.020842641592025812,0.0,1.0,0.0,0.7324289679527283,1.0,0.0,1.014865517616272,0.0,0.0,0.0
fast,26.634670355950735,17.415437698364258,34.94825744628906,0.016290783882141113,-0.020842641592025812,0.027550583705306,0.020842641592025812,0.0,1.0,0.0,0.6054719686508179,1.0,0.0,1.014865517616272,0.0,0.0,0.0
fast,25.36120688120524,17.415437698364258,34.94825744628906,0.016290783882141113,-0.020842641592025812,0.027550583705306,0.020842641592025812,0.0,1.0,0.0,0.5976592302322388,0.9960936307907104,0.0,1.014865517616272,0.0,0.0,0.0
fast,23.914693500200908,15.60069179534912,34.94825744628906,0.016290783882141113,-0.020842641592025812,0.027550583705306,0.020842641592025812,0.0,1.0,0.0,0.1944334208965301,0.7617114782333374,0.0,3.5,0.0,0.0,0.0
fast,21.962975432078043,14.794337272644045,34.94825744628906,0.07690206170082098,-0.1303262356668711,1.2275582551956177,0.1303262356668711,0.0,1.0,0.0,0.0456328094005584,0.7617114782333374,0.0,3.5,0.0,0.0,0.0
fast,20.177167614301045,14.794337272644045,34.367313385009766,0.08121430873870872,-0.1401485800743103,1.2275582551956177,0.1401485800743103,0.0,1.0,0.0,0.3452253937721252,0.7617114782333374,0.0,3.5,0.0,0.0,0.0
fast,18.890549472485127,14.794337272644045,27.53553009033203,0.17871946096420288,-0.1401485800743103,1.2275582551956177,0.17871946096420288,0.0,1.0,0.0,0.7499923706054688,1.0,0.0,3.5,0.0,0.0,0.0
fast,18.459833048184713,14.794337272644045,21.487234115600582,0.17871946096420288,-0.1401485800743103,1.2275582551956177,0.17871946096420288,0.0,1.0,0.14087343215942383,0.7617114782333374,1.0,0.0,3.5,0.14087343215942383,0.0,0.0
fast,18.71728424397056,14.794337272644045,21.468029022216797,0.17871946096420288,-0.1401485800743103,1.2275582551956177,0.17871946096420288,0.0,1.0,0.35911130905151367,0.7617114782333374,1.0,0.0,3.5,0.35911130905151367,0.0,0.0
fast,19.070222992897033,14.794337272644045,21.571714401245117,0.17871946096420288,-0.1401485800743103,1.2275582551956177,0.17871946096420288,0.0,1.0,0.1458326876163482,0.7441480755805969,1.0,0.0,3.5,0.1458326876163482,0.0,0.0
fast,19.319510668118795,14.794337272644045,21.571714401245117,0.17871946096420288,-0.1401485800743103,1.2275582551956177,0.17871946096420288,0.0,1.0,0.2103182971477508,0.7382885217666626,1.0,0.0,3.5,0.2103182971477508,0.0,0.0
fast,19.52583603230064,14.794337272644045,21.571714401245117,0.17871946096420288,-0.1401485800743103,1.2275582551956177,0.17871946096420288,0.0,1.0,0.15872676670551294,0.6250038146972656,1.0,0.0,3.5,0.15872676670551294,0.0,0.0
fast,19.694629658063253,14.794337272644045,22.166181564331055,0.17871946096420288,-0.1401485800743103,1.2275582551956177,0.17871946096420288,0.0,1.0,0.16071047633886332,0.6308633685112,1.0,0.0,3.5,0.16071047633886332,0.0,0.0
fast,20.034185552597044,14.794337272644045,22.635093688964844,0.17871946096420288,-0.1401485800743103,1.2275582551956177,0.17871946096420288,0.0,1.0,0.2103182971477508,0.6992248296737671,1.0,0.0,0.7922025322914124,0.2103182971477508,0.0,0.0
fast,20.832412014421518,15.561223030090332,23.567981719970703,0.17871946096420288,-0.1401485800743103,0.8121433258056641,0.17871946096420288,0.0,1.0,0.2698293924331665,0.7617114782333374,1.0,0.0,0.0,0.2698293924331665,0.0,0.0
fast,21.578867168426513,17.601158142089844,24.409177780151367,0.17871946096420288,-0.1183477342128754,0.8121433258056641,0.17871946096420288,0.0,1.0,0.2618945837020874,0.7382885217666626,1.0,0.0,0.0,0.2618945837020874,0.0,0.0
fast,22.114067036310832,19.801753997802734,24.409177780151367,0.027310967445373535,-0.018926024436950684,0.6391735672950745,0.027310967445373535,0.0,1.0,0.1428571343421936,0.4960173368453979,1.0,0.0,0.0,0.1428571343421936,0.0,0.0
fast,22.39374490737915,21.08026123046875,24.409177780151367,0.027310967445373535,-0.020123898983001653,0.6391735672950745,0.027310967445373535,0.0,1.0,0.1428571343421936,0.42458876967430115,0.8828089237213135,0.0,0.0,0.1428571343421936,0.0,0.0
fast,22.629974327087403,21.08026123046875,24.409177780151367,0.027310967445373535,-0.0246757417917252,0.6391735672950745,0.027310967445373535,0.0,1.0,0.1984008252620697,0.452360600233078,0.8828089237213135,0.0,0.0,0.1984008252620697,0.0,0.0
fast,22.875793991088866,21.08026123046875,24.409177780151367,0.027310967445373535,-0.0246757417917252,0.6391735672950745,0.027310967445373535,0.0,1.0,0.2618945837020874,0.5390636920928955,0.8828089237213135,0.0,0.0,0.2618945837020874,0.0,0.0
fast,23.19272575378418,21.08026123046875,24.97699928283691,0.027310967445373535,-0.0246757417917252,0.6391735672950745,0.027310967445373535,0.0,1.0,0.3878902494907379,0.5390636920928955,0.9257789850234984,0.0,0.0,0.3878902494907379,0.0,0.0
fast,23.619789041020905,21.215028762817383,26.031639099121097,0.027310967445373535,-0.0246757417917252,0.6391735672950745,0.027310967445373535,0.0,1.0,0.4682455062866211,0.7421948909759521,1.0,0.0,0.0,0.4682455062866211,0.0,0.0
fast,24.113215217590334,22.184309005737305,26.831241607666016,0.027310967445373535,-0.0246757417917252,0.6391735672950745,0.027310967445373535,0.0,1.0,0.443433940410614,0.5820337533950806,0.9804681539535522,0.0,0.0,0.443433940410614,0.0,0.0
fast,24.497669003443647,22.63724708557129,26.831241607666016,0.027310967445373535,-0.0246757417917252,0.6391735672950745,0.027310967445373535,0.0,1.0,0.2896664142608642,0.5390636920928955,0.9316385388374329,0.0,0.0,0.2896664142608642,0.0,0.0
fast,24.794425834236844,23.467439651489254,26.831241607666016,0.027310967445373535,-0.0246757417917252,0.6391735672950745,0.027310967445373535,0.0,1.0,0.2896664142608642,0.5390636920928955,0.9257789850234984,0.0,0.0,0.2896664142608642,0.0,0.0
fast,24.975961110754536,23.467439651489254,26.831241607666016,0.027310967445373535,-0.0246757417917252,0.6391735672950745,0.027310967445373535,0.0,1.0,0.3253883421421051,0.5390636920928955,0.9062471389770508,0.0,0.0,0.3253883421421051,0.0,0.0
fast,25.17526954015096,23.467439651489254,26.831241607666016,0.026592303067445797,-0.0246757417917252,0.5407101511955261,0.026592303067445797,0.0,1.0,0.3412579894065857,0.5390636920928955,0.9072237312793732,0.0,0.0,0.3412579894065857,0.0,0.0
fast,25.394025996849813,23.495929718017575,26.831241607666016,0.026592303067445797,-0.0246757417917252,0.1906979531049728,0.026592303067445797,0.0,1.0,0.3412579894065857,0.5390636920928955,0.9082003235816956,0.0,0.0,0.3412579894065857,0.0,0.0
fast,25.5804932478462,23.731143951416016,26.831241607666016,0.0167699232697487,-0.016769921407103504,0.0654026940464973,0.0167699232697487,0.0,1.0,0.3412579894065857,0.4761803150177002,0.9062471389770508,0.0,0.0,0.3412579894065857,0.0,0.0
fast,25.743556250315876,24.03076934814453,26.831241607666016,0.0167699232697487,-0.016769921407103504,0.0642048418521881,0.0167699232697487,0.0,1.0,0.3412579894065857,0.4722129106521606,0.9082003235816956,0.0,0.0,0.3412579894065857,0.0,0.0
fast,25.85494403170425,24.993444442749023,26.831241607666016,0.0167699232697487,-0.016769921407103504,0.0642048418521881,0.0167699232697487,0.0,1.0,0.3412579894065857,0.4722129106521606,0.6757866144180298,0.0,0.0,0.3412579894065857,0.0,0.0
fast,25.89374732017517,25.442035675048828,26.831241607666016,0.0167699232697487,-0.016769921407103504,0.0642048418521881,0.0167699232697487,0.0,1.0,0.3412579894065857,0.4741966128349304,0.6806695759296417,0.0,0.0,0.3412579894065857,0.0,0.0
fast,25.870757973850868,25.442035675048828,26.730241775512695,0.023238323628902408,-0.016769921407103504,0.2213629633188247,0.023238323628902408,0.0,0.7578051090240479,0.3412579894065857,0.5156254768371582,0.6699270606040955,0.0,0.0,0.3412579894065857,0.0,0.0
fast,25.896806129798318,25.442035675048828,26.658002853393555,0.023238323628902408,-0.0184469111263752,0.2213629633188247,0.023238323628902408,0.2856990098953247,0.7578051090240479,0.3888821005821228,0.5234382152557373,0.6679738759994507,0.0,0.0,0.3888821005821228,0.0,0.0
fast,25.956701195896766,25.442035675048828,26.68975067138672,0.023238323628902408,-0.0184469111263752,0.2213629633188247,0.023238323628902408,0.2539597749710083,0.7578051090240479,0.3888821005821228,0.535157322883606,0.6699270606040955,0.0,0.0,0.3888821005821228,0.0,0.0
fast,26.064287860723887,25.442035675048828,27.16478157043457,0.023238323628902408,-0.0184469111263752,0.2213629633188247,0.023238323628902408,0.0,1.0,0.386898398399353,0.5195318460464478,0.7148503065109253,0.0,0.0,0.386898398399353,0.0,0.0
fast,26.15758557072864,25.442035675048828,27.16478157043457,0.023238323628902408,-0.0184469111263752,0.2213629633188247,0.023238323628902408,0.0,1.0,0.3253883421421051,0.5117191076278687,0.7148503065109253,0.0,0.0,0.3253883421421051,0.0,0.0
fast,26.249007422129313,25.442035675048828,27.16478157043457,0.023238323628902408,-0.029467143118381507,0.2213629633188247,0.029467143118381507,0.0,1.0,0.2539597749710083,0.5117191076278687,0.7148503065109253,0.0,0.0,0.2539597749710083,0.0,0.0
fast,26.336283596210766,25.442035675048828,27.16478157043457,0.023238323628902408,-0.029467143118381507,0.2213629633188247,0.029467143118381507,0.0,1.0,0.138889729976654,0.4841151237487793,0.7148503065109253,0.0,0.0,0.138889729976654,0.0,0.0
fast,26.395040207416958,25.50737571716309,27.16478157043457,0.023238323628902408,-0.029467143118381507,0.2213629633188247,0.029467143118381507,0.0,1.0,0.1349223256111145,0.2896664142608642,0.7148503065109253,0.0,0.0,0.1349223256111145,0.0,0.0
fast,26.408586273574194,25.703105926513672,27.16478157043457,0.023238323628902408,-0.029467143118381507,0.2213629633188247,0.029467143118381507,0.0,1.0,0.1190374493598938,0.2539597749710083,0.6289101839065552,0.0,0.0,0.1190374493598938,0.0,0.0
fast,26.40143050511678,25.691423416137695,27.16478157043457,0.023238323628902408,-0.029467143118381507,0.2213629633188247,0.029467143118381507,0.0,1.0,0.1180455982685089,0.2539597749710083,0.5195318460464478,0.0,0.0,0.1180455982685089,0.0,0.0
fast,26.41359674771627,25.691423416137695,27.16478157043457,0.0189260542392731,-0.029467143118381507,0.1904583871364593,0.029467143118381507,0.0,1.0,0.1180455982685089,0.2539597749710083,0.5195318460464478,0.0,0.0,0.1180455982685089,0.0,0.0
fast,26.469707479476927,25.691423416137695,27.561603546142575,0.0189260542392731,-0.029467143118381507,0.1214621439576149,0.029467143118381507,0.0,1.0,0.1180455982685089,0.2539597749710083,1.0,0.0,0.0,0.1180455982685089,0.0,0.0
fast,26.600512001558073,25.691423416137695,28.30415916442871,0.0189260542392731,-0.029467143118381507,0.0402478091418743,0.029467143118381507,0.0,1.0,0.1190374493598938,0.2817316055297851,1.0,0.0,0.0,0.1190374493598938,0.0,0.0
fast,26.759141953786216,25.691423416137695,28.739582061767575,0.0189260542392731,-0.029467143118381507,0.0402478091418743,0.029467143118381507,0.0,1.0,0.1349223256111145,0.3015839159488678,1.0,0.0,0.0,0.1349223256111145,0.0,0.0
fast,26.947969395388384,25.691423416137695,28.75329971313477,0.0189260542392731,-0.029467143118381507,0.0402478091418743,0.029467143118381507,0.0,1.0,0.138889729976654,0.365062415599823,1.0,0.0,0.0,0.138889729976654,0.0,0.0
fast,27.147902353829434,25.691423416137695,28.75329971313477,0.0189260542392731,-0.015092929214006299,0.0402478091418743,0.0189260542392731,0.0,1.0,0.2539597749710083,0.5273445844650269,1.0,0.0,0.0,0.2539597749710083,0.0,0.0
fast,27.403926078174358,25.691423416137695,29.186355590820312,0.01820734888315209,-0.015092929214006299,0.0402478091418743,0.01820734888315209,0.0,1.0,0.365062415599823,0.7461012601852417,1.0,0.0,0.0,0.365062415599823,0.0,0.0
fast,27.753114413737453,25.691423416137695,29.922557830810547,0.01820734888315209,-0.015092929214006299,0.0220404677093029,0.01820734888315209,0.0,1.0,0.42260506749153137,0.8945280313491821,1.0,0.0,0.0,0.42260506749153137,0.0,0.0
fast,28.207623513539634,25.691423416137695,30.58023452758789,0.01820734888315209,-0.012936800718307495,-0.0004791406099684,0.01820734888315209,0.3015839159488678,1.0,0.625980406999588,1.0,1.0,0.0,0.0,0.625980406999588,0.0,0.0
fast,28.71840765161785,26.09291076660156,31.22212791442871,0.016051210463047,-0.012936800718307495,-0.0004791406099684,0.016051210463047,0.365062415599823,1.0,0.7050843834877014,1.0,1.0,0.0,0.0,0.7050843834877014,0.0,0.0
fast,29.20042727470398,26.821081161499023,31.40308380126953,0.016051210463047,-0.012936800718307495,-0.0004791406099684,0.016051210463047,0.365062415599823,1.0,0.5937528610229492,0.8769493699073792,1.0,0.0,0.0,0.5937528610229492,0.0,0.0
fast,29.636607811725597,27.57395362854004,31.614465713500977,0.016051210463047,-0.012936800718307495,0.0531846061348915,0.016051210463047,0.365062415599823,1.0,0.5937528610229492,0.7851496934890747,1.0,0.0,0.0,0.5937528610229492,0.0,0.0
fast,29.992051944732665,28.316560745239254,31.617233276367188,0.016051210463047,-0.012936800718307495,0.0531846061348915,0.016051210463047,0.0,1.0,0.5273445844650269,0.6289101839065552,1.0,0.0,0.0,0.5273445844650269,0.0,0.0
fast,30.214049790700276,28.58378791809082,31.617233276367188,0.016051210463047,-0.012936800718307495,0.0531846061348915,0.016051210463047,0.0,1.0,0.365062415599823,0.6289101839065552,0.8808557391166687,0.0,0.0,0.365062415599823,0.0,0.0
fast,30.400565958023073,28.58378791809082,31.617233276367188,0.016051210463047,-0.012936800718307495,0.0531846061348915,0.016051210463047,0.0,1.0,0.365062415599823,0.6289101839065552,0.8808557391166687,0.0,0.0,0.365062415599823,0.0,0.0
fast,30.530252377059504,28.713329315185547,31.617233276367188,0.016051210463047,-0.012936800718307495,0.0812143310904502,0.016051210463047,0.0,1.0,0.06746116280555725,0.6250038146972656,0.8828089237213135,0.0,0.0,0.06746116280555725,0.0,0.0
fast,30.569237375259398,29.19881248474121,31.617233276367188,0.016051210463047,-0.011259809136390686,0.087682731449604,0.016051210463047,0.0,1.0,0.0,0.5077745914459229,0.8515579700469971,0.0,0.0,0.0,0.0,0.0
fast,30.542344288500693,29.22268295288086,31.617233276367188,0.016051210463047,-0.007426679134368903,0.087682731449604,0.016051210463047,0.0,1.0,0.0,0.4007843136787414,0.6289101839065552,0.0,0.0,0.0,0.0,0.0
fast,30.425206537246705,28.924087524414062,31.617233276367188,0.011020228266716003,-0.006707968190312299,0.087682731449604,0.011020228266716003,0.0,1.0,0.0,0.16269418597221375,0.5937528610229492,0.0,0.0,0.0,0.0,0.0
fast,30.215601186387353,28.758127212524418,31.617233276367188,0.012218080461025196,-0.006707968190312299,0.1157124564051628,0.012218080461025196,0.0,0.6289101839065552,0.0,0.1150700449943542,0.4364909827709198,0.0,0.0,0.0,0.0,0.0
fast,29.947486000061033,28.448408126831055,31.617233276367188,0.0138950773980468,-0.0124576562084258,0.1157124564051628,0.0138950773980468,0.0,0.6289101839065552,0.0,0.0158696174621582,0.2856990098953247,0.0,0.0,0.0,0.0,0.0
fast,29.622724666373305,28.131572723388672,31.617233276367188,0.0138950773980468,-0.0124576562084258,0.1157124564051628,0.0138950773980468,0.0,0.5195318460464478,0.0,0.0,0.1190374493598938,0.0,0.0,0.0,0.0,0.0
fast,29.273286271771923,27.829221725463867,31.15068817138672,0.0138950773980468,-0.0124576562084258,0.1157124564051628,0.0138950773980468,0.0,0.4761803150177002,0.0,0.0,0.1190374493598938,0.0,0.0,0.0,0.0,0.0
fast,28.95860006487905,27.606609344482425,30.689453125,0.0138950773980468,-0.0124576562084258,0.1157124564051628,0.0138950773980468,0.0,0.4761803150177002,0.0,0.0,0.1071352362632751,0.0,0.0,0.0,0.0,0.0
fast,28.647171150843302,27.30607795715332,30.233802795410156,0.0138950773980468,-0.0124576562084258,0.1157124564051628,0.0138950773980468,0.0,0.4364909827709198,0.0,0.0,0.06448560953140257,0.0,0.0,0.0,0.0,0.0
fast,28.377469097773233,27.056520462036133,29.57418441772461,0.0138950773980468,-0.0124576562084258,0.1157124564051628,0.0138950773980468,0.0,0.4364909827709198,0.0,0.0,0.0833307802677154,0.0,0.0,0.0,0.0,0.0
fast,28.148809050876828,27.04505157470703,29.353086471557617,0.0138950773980468,-0.0124576562084258,0.1157124564051628,0.0138950773980468,0.0,0.4364909827709198,0.0,0.0,0.11308634281158444,0.0,0.0,0.0,0.0,0.0
fast,27.935254329045613,27.04505157470703,29.228925704956055,0.0138950773980468,-0.0124576562084258,0.1157124564051628,0.0138950773980468,0.0,0.4563280045986175,0.0,0.0,0.1190374493598938,0.0,0.0,0.0,0.0,0.0
fast,27.718713916142782,26.72776222229004,28.920148849487305,0.0138950773980468,-0.0124576562084258,0.1157124564051628,0.0138950773980468,0.0,0.4563280045986175,0.0,0.0,0.1190374493598938,0.0,0.0,0.0,0.0,0.0
fast,27.50392577246155,26.59893035888672,28.753477096557617,0.0138950773980468,-0.0124576562084258,0.0749855041503906,0.0138950773980468,0.0,0.4563280045986175,0.0,0.0,0.22618794441223145,0.0,0.0,0.0,0.0,0.0
fast,27.282749414047267,26.2275390625,28.443178176879883,0.007187105715274804,-0.01054109632968911,0.0747459307312965,0.01054109632968911,0.0,0.8320261240005493,0.0,0.0436567366123199,0.2618945837020874,0.0,0.0,0.0,0.0,0.0
fast,27.09455314318339,26.2275390625,28.12641334533691,0.011020243167877197,-0.01054109632968911,0.0747459307312965,0.011020243167877197,0.0,1.0,0.0,0.1230048537254333,0.2817316055297851,0.0,0.0,0.0,0.0,0.0
fast,26.963246702552834,26.2275390625,27.82413101196289,0.011020243167877197,-0.01054109632968911,0.0747459307312965,0.011020243167877197,0.0,1.0,0.0,0.2182531058788299,0.4444257915019989,0.0,0.0,0.0,0.0,0.0
fast,26.87023260116577,26.2275390625,27.6015682220459,0.011020243167877197,-0.01054109632968911,0.0687566772103309,0.011020243167877197,0.0,1.0,0.017853319644927923,0.2777642011642456,1.0,0.0,0.0,0.017853319644927923,0.0,0.0
fast,26.818490482966105,26.2275390625,27.301101684570312,0.013895064592361395,-0.01054109632968911,0.0687566772103309,0.013895064592361395,0.0,1.0,0.1745963990688324,0.3392742872238159,1.0,0.0,0.0,0.1745963990688324,0.0,0.0
fast,26.81100963078402,26.2275390625,27.234477996826172,0.018446911126375205,-0.0107806622982025,0.0625278502702713,0.018446911126375205,0.0,1.0,0.2618945837020874,0.8320261240005493,1.0,0.0,0.0,0.2618945837020874,0.0,0.0
fast,26.827417513296727,26.2275390625,27.311796188354492,0.018446911126375205,-0.0107806622982025,0.0824121832847595,0.018446911126375205,0.0,1.0,0.2777642011642456,1.0,1.0,0.0,0.0,0.2777642011642456,0.0,0.0
fast,26.847024749120077,26.2275390625,27.46660614013672,0.018446911126375205,-0.0107806622982025,0.087682731449604,0.018446911126375205,0.0,1.0,0.2817316055297851,1.0,1.0,0.0,0.0,0.2817316055297851,0.0,0.0
fast,26.910952637990317,26.2275390625,27.621265411376953,0.018446911126375205,-0.0107806622982025,0.087682731449604,0.018446911126375205,0.1745963990688324,1.0,1.0,1.0,1.0,0.0,0.0,1.0,0.0,0.0
fast,27.012676562723424,26.2275390625,27.775196075439453,0.018446911126375205,-0.0107806622982025,0.087682731449604,0.018446911126375205,0.1745963990688324,1.0,1.0,1.0,1.0,0.0,0.0,1.0,0.0,0.0
fast,27.160424779256186,26.24093437194824,27.92720603942871,0.018446911126375205,-0.0107806622982025,0.087682731449604,0.018446911126375205,0.8632770776748657,1.0,1.0,1.0,1.0,0.0,0.0,1.0,0.0,0.0
fast,27.316970111929713,26.570661544799805,28.05129051208496,0.018446911126375205,-0.0107806622982025,0.087682731449604,0.018446911126375205,1.0,1.0,1.0,1.0,1.0,0.0,0.0,1.0,0.0,0.0
fast,27.4549388726287,26.72090721130371,28.08714485168457,0.018446911126375205,-0.0107806622982025,0.087682731449604,0.018446911126375205,0.0,1.0,1.0,1.0,1.0,0.0,0.0,1.0,0.0,0.0
fast,27.48825741449992,26.758806228637695,28.08714485168457,0.018446911126375205,-0.0107806622982025,0.2417264282703399,0.018446911126375205,0.0,1.0,1.0,1.0,1.0,0.0,0.0,1.0,0.0,0.0
fast,27.501658582687377,26.758806228637695,28.08714485168457,0.018446911126375205,-0.0107806622982025,0.3042542934417724,0.018446911126375205,0.0,1.0,1.0,1.0,1.0,0.0,0.0,1.0,0.0,0.0
fast,27.557614200700304,26.758806228637695,28.08714485168457,0.011978514492511805,-0.0074266791343688965,0.3042542934417724,0.011978514492511805,0.0,1.0,1.0,1.0,1.0,0.0,0.0,1.0,0.0,0.0
fast,27.65754986445109,26.758806228637695,28.515174865722656,0.011978514492511805,-0.0074266791343688965,0.3042542934417724,0.011978514492511805,0.0,1.0,1.0,1.0,1.0,0.0,0.0,1.0,0.0,0.0
fast,27.799675731658937,26.758806228637695,29.098857879638672,0.011978514492511805,-0.0074266791343688965,0.3377941250801086,0.011978514492511805,0.0,1.0,1.0,1.0,1.0,0.0,0.0,1.0,0.0,0.0
fast,27.985383237202964,26.758806228637695,29.71904563903809,0.012936800718307495,-0.02012389898300171,0.3377941250801086,0.02012389898300171,0.0,1.0,1.0,1.0,1.0,0.0,0.0,1.0,0.0,0.0
fast,28.21031719525655,26.758806228637695,30.014251708984375,0.012936800718307495,-0.02012389898300171,0.3377941250801086,0.02012389898300171,0.0,1.0,1.0,1.0,1.0,0.0,0.0,1.0,0.0,0.0
fast,28.38082915941874,26.758806228637695,30.014251708984375,0.012936800718307495,-0.02012389898300171,0.3377941250801086,0.02012389898300171,0.0,1.0,0.7421948909759521,1.0,1.0,0.0,0.0,0.7421948909759521,0.0,0.0
fast,28.43934597707231,26.758806228637695,30.014251708984375,0.012936800718307495,-0.02012389898300171,0.3377941250801086,0.02012389898300171,0.0,1.0,0.2817316055297851,1.0,1.0,0.0,0.0,0.2817316055297851,0.0,0.0
fast,28.44532213528951,26.758806228637695,30.014251708984375,0.017967775464058006,-0.02012389898300171,0.3377941250801086,0.02012389898300171,0.0,1.0,0.36605426669120783,1.0,1.0,0.0,0.0,0.36605426669120783,0.0,0.0
fast,28.493999064068166,26.786256790161133,30.014251708984375,0.017967775464058006,-0.02012389898300171,0.3377941250801086,0.02012389898300171,0.0,1.0,0.3551439046859741,1.0,1.0,0.0,0.0,0.3551439046859741,0.0,0.0
fast,28.446130984624226,26.09385871887207,30.014251708984375,0.017967775464058006,-0.02012389898300171,0.3471373617649078,0.02012389898300171,0.0,1.0,0.1944334208965301,0.6210974454879761,1.0,0.0,0.0,0.1944334208965301,0.0,0.0
fast,28.24782764752706,25.216575622558594,30.014251708984375,0.017967775464058006,-0.02012389898300171,0.4436841905117035,0.02012389898300171,0.0,1.0,0.0396740734577178,0.4186376631259918,1.0,0.0,0.0,0.0396740734577178,0.0,0.0
fast,27.918400973031837,24.80500030517578,30.014251708984375,0.017967775464058006,-0.02012389898300171,0.4436841905117035,0.02012389898300171,0.0,1.0,0.0,0.329355776309967,0.8320261240005493,0.0,0.0,0.0,0.0,0.0
fast,27.573344891866046,24.80500030517578,30.014251708984375,0.017967775464058006,-0.02012389898300171,0.4436841905117035,0.02012389898300171,0.0,1.0,0.0,0.3313394784927368,0.8447218239307404,0.0,0.0,0.0,0.0,0.0
fast,27.26757458051046,24.80500030517578,30.014251708984375,0.017967775464058006,-0.01365551352500921,0.4436841905117035,0.017967775464058006,0.0,1.0,0.0,0.3313394784927368,0.8447218239307404,0.0,0.0,0.0,0.0,0.0
fast,26.995981904222493,24.80500030517578,29.95599365234375,0.021321758627891513,-0.051507607102394104,0.4436841905117035,0.051507607102394104,0.0,1.0,0.0,0.329355776309967,1.0,0.0,0.0,0.0,0.0,0.0
fast,26.833966976801555,24.80500030517578,29.05294609069824,0.09702596068382269,-0.0572573021054268,0.4448820352554321,0.09702596068382269,0.0,1.0,0.0,0.5136722922325134,1.0,0.0,0.0,0.0,0.0,0.0
fast,26.81232091938713,24.80500030517578,28.617292404174805,0.09702596068382269,-0.0572573021054268,0.4448820352554321,0.09702596068382269,0.0,1.0,0.0,1.0,1.0,0.0,0.0,0.0,0.0,0.0
fast,26.894649930880988,24.80500030517578,29.05358505249023,0.09702596068382269,-0.0572573021054268,0.4448820352554321,0.09702596068382269,0.0,1.0,0.0,1.0,1.0,0.0,0.0,0.0,0.0,0.0
fast,27.036146329243977,24.80500030517578,29.18455696105957,0.09702596068382269,-0.0572573021054268,0.4448820352554321,0.09702596068382269,0.0,1.0,0.0863063558936119,1.0,1.0,0.0,0.0,0.0863063558936119,0.0,0.0
fast,27.300966269175213,24.80500030517578,29.35555648803711,0.09702596068382269,-0.0572573021054268,0.4448820352554321,0.09702596068382269,0.0,1.0,0.656254768371582,1.0,1.0,0.0,0.0,0.656254768371582,0.0,0.0
fast,27.687548949992202,24.80500030517578,29.734773635864254,0.09702596068382269,-0.0572573021054268,0.4448820352554321,0.09702596068382269,0.0,1.0,0.9960936307907104,1.0,1.0,0.0,0.0,0.9960936307907104,0.0,0.0
fast,28.18637701034546,24.953638076782227,30.18037223815918,0.09702596068382269,-0.0572573021054268,0.4448820352554321,0.09702596068382269,0.416653960943222,1.0,1.0,1.0,1.0,0.0,0.0,1.0,0.0,0.0
fast,28.684062639872234,25.88380241394043,30.36874008178711,0.09702596068382269,-0.0572573021054268,0.4448820352554321,0.09702596068382269,0.416653960943222,1.0,1.0,1.0,1.0,0.0,0.0,1.0,0.0,0.0
fast,29.10228309249241,26.82106590270996,30.702125549316406,0.09702596068382269,-0.0572573021054268,0.4448820352554321,0.09702596068382269,0.416653960943222,1.0,0.9257789850234985,1.0,1.0,0.0,0.0,0.9257789850234985,0.0,0.0
fast,29.423604406651958,27.624238967895508,30.7062931060791,0.09702596068382269,-0.0572573021054268,0.4448820352554321,0.09702596068382269,0.0952330231666565,1.0,0.7851496934890747,1.0,1.0,0.0,0.0,0.7851496934890747,0.0,0.0
fast,29.61629295349121,28.185232162475582,30.7062931060791,0.0256340211490169,-0.0208426164463162,0.0924741327762603,0.0256340211490169,0.0,1.0,0.578127384185791,0.9960936307907104,1.0,0.0,0.0,0.578127384185791,0.0,0.0
fast,29.671890700658164,28.624757766723633,30.7062931060791,0.013895079493522616,-0.01365549862384799,0.1312845200300216,0.013895079493522616,0.0,1.0,0.4870906770229339,0.8789025545120239,1.0,0.0,0.0,0.4870906770229339,0.0,0.0
fast,29.65554549217224,28.59760856628418,30.7062931060791,0.010541088879108401,-0.008624531328678103,0.1312845200300216,0.010541088879108401,0.0,1.0,0.4870906770229339,0.7324289679527283,1.0,0.0,0.0,0.4870906770229339,0.0,0.0
fast,29.60302330334981,28.42860984802246,30.7062931060791,0.010541088879108401,-0.009343244135379798,0.1312845200300216,0.010541088879108401,0.0,1.0,0.5234382152557373,0.6953184604644775,1.0,0.0,0.0,0.5234382152557373,0.0,0.0
fast,29.514923178492882,28.256752014160156,30.7062931060791,0.010541088879108401,-0.009343244135379798,0.1312845200300216,0.010541088879108401,0.0,1.0,0.5625019073486328,0.6953184604644775,0.9609363079071045,0.0,0.0,0.5625019073486328,0.0,0.0
fast,29.378853470484415,28.1314754486084,30.7062931060791,0.010541088879108401,-0.009343244135379798,0.1312845200300216,0.010541088879108401,0.0,1.0,0.5625019073486328,0.6953184604644775,0.8828089237213135,0.0,0.0,0.5625019073486328,0.0,0.0
fast,29.22342063585917,28.1314754486084,30.7062931060791,0.010541088879108401,-0.009343244135379798,0.1312845200300216,0.010541088879108401,0.0,1.0,0.5625019073486328,0.6953184604644775,0.8828089237213135,0.0,0.0,0.5625019073486328,0.0,0.0
fast,29.065218823750815,28.1314754486084,30.7062931060791,0.010541088879108401,-0.009343244135379798,0.1312845200300216,0.010541088879108401,0.0,1.0,0.5625019073486328,0.6953184604644775,1.0,0.0,0.0,0.5625019073486328,0.0,0.0
fast,28.936958125744404,28.1314754486084,30.7062931060791,0.010780662298202487,-0.009343244135379798,0.2685582935810089,0.010780662298202487,0.0,1.0,0.5625019073486328,0.6953184604644775,1.0,0.0,0.0,0.5625019073486328,0.0,0.0
fast,28.86099384861916,28.1314754486084,30.110515594482425,0.010780662298202487,-0.009343244135379798,0.3382732570171356,0.010780662298202487,0.0,1.0,0.6777397990226746,0.7070375680923462,1.0,0.0,0.0,0.6777397990226746,0.0,0.0
fast,28.8985032526652,28.1314754486084,30.28486442565918,0.010780662298202487,-0.018686488270759583,0.3382732570171356,0.018686488270759583,0.0,1.0,0.691412091255188,0.9062471389770508,1.0,0.0,0.0,0.691412091255188,0.0,0.0
fast,28.979817776037333,28.1314754486084,30.28486442565918,0.010780662298202487,-0.018686488270759583,0.3382732570171356,0.018686488270759583,0.0,1.0,0.691412091255188,0.9023407697677612,1.0,0.0,0.0,0.691412091255188,0.0,0.0
fast,29.004653078715005,28.1314754486084,30.28486442565918,0.010780662298202487,-0.018686488270759583,0.3382732570171356,0.018686488270759583,0.0,1.0,0.6044953763484955,0.9062471389770508,1.0,0.0,0.0,0.6044953763484955,0.0,0.0
fast,28.997260859807334,28.1314754486084,30.28486442565918,0.010780662298202487,-0.018686488270759583,0.3382732570171356,0.018686488270759583,0.0,1.0,0.2728049457073211,0.9062471389770508,1.0,0.0,0.0,0.2728049457073211,0.0,0.0
fast,28.969853993065147,27.95396614074707,30.28486442565918,0.010780662298202487,-0.018686488270759583,0.3382732570171356,0.018686488270759583,0.0,1.0,0.1547593474388122,0.9023407697677612,1.0,0.0,0.0,0.1547593474388122,0.0,0.0
fast,28.954894002278646,27.911399841308594,30.28486442565918,0.010780662298202487,-0.018686488270759583,0.3382732570171356,0.018686488270759583,0.0,1.0,0.1547593474388122,0.7207098603248596,1.0,0.0,0.0,0.1547593474388122,0.0,0.0
fast,28.99630108926935,27.911399841308594,30.28486442565918,0.010780662298202487,-0.018686488270759583,0.3382732570171356,0.018686488270759583,0.0,1.0,0.1547593474388122,0.7226630449295044,1.0,0.0,0.0,0.1547593474388122,0.0,0.0
fast,29.044359286758855,27.911399841308594,30.28486442565918,0.02683186531066889,-0.018686488270759583,0.3382732570171356,0.02683186531066889,0.0,1.0,0.1547593474388122,0.3610950112342834,1.0,0.0,0.0,0.1547593474388122,0.0,0.0
fast,28.981632366403314,27.911399841308594,30.28486442565918,0.02683186531066889,-0.018686488270759583,0.3382732570171356,0.02683186531066889,0.0,1.0,0.0198370218276977,0.1944334208965301,1.0,0.0,0.0,0.0198370218276977,0.0,0.0
fast,28.837613135923363,27.911399841308594,30.28486442565918,0.02683186531066889,-0.018686488270759583,0.380198061466217,0.02683186531066889,0.0,1.0,0.0198370218276977,0.1944334208965301,0.656254768371582,0.0,0.0,0.0198370218276977,0.0,0.0
fast,28.67655312638116,27.911399841308594,30.180831909179688,0.02683186531066889,-0.012697234749793979,0.380198061466217,0.02683186531066889,0.0,1.0,0.0198370218276977,0.1944334208965301,0.656254768371582,0.0,0.0,0.0198370218276977,0.0,0.0
fast,28.60490963935852,27.911399841308594,29.37410545349121,0.02683186531066889,-0.012697234749793979,0.380198061466217,0.02683186531066889,0.0,1.0,0.1547593474388122,0.35911130905151367,0.8056581318378448,0.0,0.0,0.1547593474388122,0.0,0.0
fast,28.621412817637125,27.911399841308594,29.37410545349121,0.02683186531066889,-0.012697234749793979,0.380198061466217,0.02683186531066889,0.0,1.0,0.1547593474388122,0.3690298199653625,0.8056581318378448,0.0,0.0,0.1547593474388122,0.0,0.0
fast,28.668439763556304,27.911399841308594,29.37410545349121,0.02683186531066889,-0.012697234749793979,0.380198061466217,0.02683186531066889,0.0,1.0,0.1547593474388122,0.5625019073486328,0.8046815395355225,0.0,0.0,0.1547593474388122,0.0,0.0
fast,28.775897766749065,27.911399841308594,29.37410545349121,0.02683186531066889,-0.0110202347859741,0.380198061466217,0.02683186531066889,0.0,1.0,0.2341227531433105,0.6445356607437134,0.8056581318378448,0.0,0.0,0.2341227531433105,0.0,0.0
fast,28.91394626318115,28.25306510925293,29.546751022338867,0.02683186531066889,-0.0110202347859741,0.380198061466217,0.02683186531066889,0.0,1.0,0.2896664142608642,0.656254768371582,0.6757866144180298,0.0,0.0,0.2896664142608642,0.0,0.0
fast,29.00347664197286,28.25306510925293,29.823244094848633,0.02683186531066889,-0.0110202347859741,0.380198061466217,0.02683186531066889,0.0,0.9257789850234984,0.2896664142608642,0.656254768371582,0.6640675067901611,0.0,0.0,0.2896664142608642,0.0,0.0
fast,29.068673693994914,28.25306510925293,29.942853927612305,0.014613788574934002,-0.0110202347859741,0.380198061466217,0.014613788574934002,0.0,0.8828089237213135,0.3928495049476623,0.656254768371582,0.6640675067901611,0.0,0.0,0.3928495049476623,0.0,0.0
fast,29.161761474609374,28.25306510925293,29.942853927612305,0.014613788574934002,-0.0110202347859741,0.380198061466217,0.014613788574934002,0.0,0.8828089237213135,0.395825058221817,0.656254768371582,0.6640675067901611,0.0,0.0,0.395825058221817,0.0,0.0
fast,29.255743039449055,28.400461196899418,29.942853927612305,0.014613788574934002,-0.0110202347859741,0.3720526695251465,0.014613788574934002,0.0,0.8828089237213135,0.2886745631694793,0.6484420299530029,0.6640675067901611,0.0,0.0,0.2886745631694793,0.0,0.0
fast,29.293194796244304,28.67682456970215,29.942853927612305,0.015572071075439495,-0.0110202347859741,0.3519287705421448,0.015572071075439495,0.0,0.8828089237213135,0.2142857015132904,0.6035187840461731,0.6640675067901611,0.0,0.0,0.2142857015132904,0.0,0.0
fast,29.220957361857096,28.0604305267334,29.942853927612305,0.015572071075439495,-0.0110202347859741,0.2666417360305786,0.015572071075439495,0.0,0.6640675067901611,0.1904660165309906,0.329355776309967,0.6601611375808716,0.0,0.0,0.1904660165309906,0.0,0.0
fast,29.047377250429385,24.865381240844727,29.942853927612305,0.06947538256645203,-0.028029724955558694,0.3320444226264953,0.06947538256645203,0.0,0.6640675067901611,0.15277564525604245,0.329355776309967,0.6601611375808716,0.0,3.5,0.15277564525604245,0.0,0.0
fast,28.1639990011851,15.718003273010254,29.942853927612305,0.0922345519065857,-0.208186587318778,1.61638081073761,0.208186587318778,0.0,0.6640675067901611,0.046632289886474595,0.2261879444122314,0.6601611375808716,0.0,3.5,0.046632289886474595,0.0,0.0
fast,26.36194180170695,6.878548622131348,29.942853927612305,0.09415113925933832,-0.208186587318778,1.61638081073761,0.208186587318778,0.0,0.6640675067901611,0.0,0.1944334208965301,0.4583193436264992,0.0,3.5,0.0,0.0,0.0
fast,23.97622480312983,4.38319206237793,29.942853927612305,0.09415113925933832,-0.208186587318778,1.61638081073761,0.208186587318778,0.0,0.6640675067901611,0.0,0.0634937584400177,0.3105105757713318,0.0,3.5,0.0,0.0,0.0
fast,21.612201244036356,4.38319206237793,29.942853927612305,0.09415113925933832,-0.208186587318778,1.61638081073761,0.208186587318778,0.0,1.0,0.0,0.0634937584400177,0.3095187246799469,0.0,3.5,0.0,0.0,0.0
fast,19.648185230057706,4.38319206237793,29.74052047729492,0.09415113925933832,-0.208186587318778,1.61638081073761,0.208186587318778,0.0,1.0,0.0,0.0634937584400177,0.32737205922603607,0.0,3.5,0.0,0.0,0.0
fast,18.010921913058112,4.38319206237793,29.368896484375,0.09415113925933832,-0.208186587318778,1.61638081073761,0.208186587318778,0.0,1.0,0.0,0.0634937584400177,0.9101535081863404,0.0,3.5,0.0,0.0,0.0
fast,16.579221607844033,4.38319206237793,29.107728958129883,0.09415113925933832,-0.208186587318778,1.61638081073761,0.208186587318778,0.0,1.0,0.0,0.0634937584400177,1.0,0.0,3.5,0.0,0.0,0.0
fast,15.379426517486571,4.38319206237793,28.665836334228516,0.09415113925933832,-0.208186587318778,1.61638081073761,0.208186587318778,0.0,1.0,0.0,0.3749885559082031,1.0,0.0,3.5,0.0,0.0,0.0
fast,14.432435951232911,4.38319206237793,28.05068588256836,0.09415113925933832,-0.208186587318778,1.61638081073761,0.208186587318778,0.0,1.0,0.0,1.0,1.0,0.0,3.5,0.0,0.0,0.0
fast,13.808024442929794,4.38319206237793,24.715906143188477,0.09415113925933832,-0.208186587318778,1.61638081073761,0.208186587318778,0.0,1.0,0.0,1.0,1.0,0.0,3.5,0.0,0.0,0.0
fast,14.003986285527548,4.38319206237793,22.91807746887207,0.09415113925933832,-0.06636096537113192,0.5359187722206116,0.09415113925933832,0.0,1.0,0.9130832850933076,1.0,1.0,0.0,3.5,0.9130832850933076,0.0,0.0
fast,15.238734724525617,4.38319206237793,24.29218101501465,0.028508871793746893,-0.02156132459640503,0.5359187722206116,0.028508871793746893,0.0,1.0,1.0,1.0,1.0,0.0,0.5847697257995605,1.0,0.0,0.0
fast,17.20794983625412,4.3840532302856445,25.71539306640625,0.028508871793746893,-0.02156132459640503,0.5359187722206116,0.028508871793746893,0.2936490774154663,1.0,1.0,1.0,1.0,0.0,0.0,1.0,0.0,0.0
fast,19.24389660994212,8.633429527282715,27.183977127075195,0.028508871793746893,-0.018686473369598333,0.5359187722206116,0.028508871793746893,0.8164006471633911,1.0,1.0,1.0,1.0,0.0,0.0,1.0,0.0,0.0
fast,21.010761994093706,11.608644485473633,28.637123107910156,0.017488628625869806,-0.018686473369598333,0.5359187722206116,0.018686473369598333,0.8164006471633911,1.0,1.0,1.0,1.0,0.0,0.0,1.0,0.0,0.0
fast,22.651909999847412,14.206465721130373,30.095319747924805,0.01030152291059501,-0.018686473369598333,0.525617241859436,0.018686473369598333,1.0,1.0,1.0,1.0,1.0,0.0,0.0,1.0,0.0,0.0
fast,24.22626111984253,16.024511337280273,31.557716369628903,0.009582810103893308,-0.014134648256003801,0.162189096212387,0.014134648256003801,1.0,1.0,1.0,1.0,1.0,0.0,0.0,1.0,0.0,0.0
fast,25.76149614016215,17.920700073242188,33.022037506103516,0.009582810103893308,-0.014134648256003801,0.1090044826269149,0.014134648256003801,1.0,1.0,1.0,1.0,1.0,0.0,0.0,1.0,0.0,0.0
fast,27.249322160085043,19.897537231445312,34.48322677612305,0.009582810103893308,-0.014134648256003801,0.1090044826269149,0.014134648256003801,1.0,1.0,1.0,1.0,1.0,0.0,0.0,1.0,0.0,0.0
fast,28.633492323557537,21.69446563720703,34.86637878417969,0.009582810103893308,-0.0131763662211596,0.1090044826269149,0.0131763662211596,0.0,1.0,1.0,1.0,1.0,0.0,0.0,1.0,0.0,0.0
fast,29.82820418993632,22.94071388244629,34.86637878417969,0.010301522910594899,-0.014613788574933999,0.0934324190020561,0.014613788574933999,0.0,1.0,1.0,1.0,1.0,0.0,0.0,1.0,0.0,0.0
fast,30.819993203481037,24.31571388244629,34.86637878417969,0.014134652912616702,-0.019884336739778602,0.0934324190020561,0.019884336739778602,0.0,1.0,0.0,1.0,1.0,0.0,0.0,0.0,0.0,0.0
fast,31.637774405582572,25.73930549621582,34.86637878417969,0.014134652912616702,-0.019884336739778602,0.0934324190020561,0.019884336739778602,0.0,1.0,0.0,1.0,1.0,0.0,0.0,0.0,0.0,0.0
fast,32.264008366266886,27.20815086364746,34.86637878417969,0.014134652912616702,-0.019884336739778602,0.0934324190020561,0.019884336739778602,0.0,1.0,0.0,1.0,1.0,0.0,0.0,0.0,0.0,0.0
fast,32.68369643211365,28.661388397216797,34.86637878417969,0.014134652912616702,-0.019884336739778602,0.0934324190020561,0.019884336739778602,0.0,1.0,0.0,0.0,1.0,0.0,0.0,0.0,0.0,0.0
fast,32.909431081781406,30.11966133117676,34.86637878417969,0.014134652912616702,-0.019884336739778602,0.1782402992248535,0.019884336739778602,0.0,1.0,0.0,0.0,1.0,0.0,0.0,0.0,0.0,0.0
fast,32.93376366297404,30.86308479309082,34.86637878417969,0.014134652912616702,-0.019884336739778602,0.3289300203323364,0.019884336739778602,0.0,1.0,0.0,0.0,0.0,0.0,0.0,0.0,0.0,0.0
fast,32.764823338190716,30.371915817260746,34.86637878417969,0.014134652912616702,-0.019884336739778602,0.3289300203323364,0.019884336739778602,0.0,1.0,0.0,0.0,0.0,0.0,0.0,0.0,0.0,0.0
fast,32.4008332602183,29.887760162353516,34.86637878417969,0.014134652912616702,-0.019884336739778602,0.3289300203323364,0.019884336739778602,0.0,1.0,0.0,0.0,0.0,0.0,0.0,0.0,0.0,0.0
fast,31.894905468622845,29.41042709350586,34.50638961791992,0.014134652912616702,-0.019884336739778602,0.3289300203323364,0.019884336739778602,0.0,0.0,0.0,0.0,0.0,0.0,0.0,0.0,0.0,0.0
fast,31.388254788716633,28.939725875854492,33.96018981933594,0.014134652912616702,-0.019884336739778602,0.3289300203323364,0.019884336739778602,0.0,0.0,0.0,0.0,0.0,0.0,0.0,0.0,0.0,0.0
fast,30.893289531130165,28.47547721862793,33.43146896362305,0.0134159326553345,-0.018446912989020302,0.3289300203323364,0.018446912989020302,0.0,0.0,0.0,0.0,0.0,0.0,0.0,0.0,0.0,0.0
fast,30.397239990234375,28.028013229370117,32.8932991027832,0.0134159326553345,-0.0100619522854685,0.3981658518314361,0.0134159326553345,0.0,0.0357066690921783,0.0,0.0,0.0,0.0,0.0,0.0,0.0,0.0
fast,29.91971607240094,27.632034301757812,32.37211227416992,0.0134159326553345,-0.01221808791160578,0.3986449837684631,0.0134159326553345,0.0,0.0357066690921783,0.0,0.0,0.0,0.0,0.0,0.0,0.0,0.0
fast,29.449957941529746,27.23198890686035,31.85879135131836,0.0134159326553345,-0.01221808791160578,0.3986449837684631,0.0134159326553345,0.0,0.0357066690921783,0.0,0.0,0.0,0.0,0.0,0.0,0.0,0.0
fast,29.01189337871634,27.14482879638672,31.36147117614746,0.011020243167877197,-0.01221808791160578,0.3986449837684631,0.01221808791160578,0.0,1.0,0.0,0.0,0.0357066690921783,0.0,0.0,0.0,0.0,0.0
fast,28.64819964090983,27.14482879638672,30.854841232299805,0.008145391941070501,-0.01221808791160578,0.3986449837684631,0.01221808791160578,0.0,1.0,0.0,0.0,0.0357066690921783,0.0,0.0,0.0,0.0,0.0
fast,28.376910467147827,27.14482879638672,30.363788604736328,0.008145391941070501,-0.01221808791160578,0.3986449837684631,0.01221808791160578,0.0,1.0,0.0,0.0357066690921783,0.6982482373714447,0.0,0.0,0.0,0.0,0.0
fast,28.20174124399821,27.14482879638672,29.879749298095703,0.008145391941070501,-0.01221808791160578,0.3986449837684631,0.01221808791160578,0.0,1.0,0.0,0.0357066690921783,1.0,0.0,0.0,0.0,0.0,0.0
fast,28.122170565923057,27.14482879638672,29.40252685546875,0.008145391941070501,-0.01221808791160578,0.3986449837684631,0.01221808791160578,0.0,1.0,0.0,0.0357066690921783,1.0,0.0,0.0,0.0,0.0,0.0
fast,28.13531074141819,27.14482879638672,29.55279541015625,0.008145391941070501,-0.01221808791160578,0.3986449837684631,0.01221808791160578,0.0,1.0,0.0357066690921783,1.0,1.0,0.0,0.0,0.0357066690921783,0.0,0.0
fast,28.22789482116699,27.14482879638672,29.782541275024418,0.008145391941070501,-0.01221808791160578,0.3986449837684631,0.01221808791160578,0.0,1.0,0.0357066690921783,1.0,1.0,0.0,0.0,0.0357066690921783,0.0,0.0
fast,28.2519265238444,27.14482879638672,29.782541275024418,0.0081453903112559,-0.01221808791160578,0.3986449837684631,0.01221808791160578,0.0,1.0,0.0357066690921783,1.0,1.0,0.0,0.0,0.0357066690921783,0.0,0.0
fast,28.22175905863444,27.14482879638672,29.782541275024418,0.0081453903112559,-0.011020233388990202,0.3567201793193817,0.011020233388990202,0.0,1.0,0.24007385969161982,1.0,1.0,0.0,0.0,0.24007385969161982,0.0,0.0
fast,28.251719444643044,27.14482879638672,29.782541275024418,0.0081453903112559,-0.011020233388990202,0.3567201793193817,0.011020233388990202,0.0,1.0,0.7304757833480835,1.0,1.0,0.0,0.0,0.7304757833480835,0.0,0.0
fast,28.34737763086955,27.396465301513672,29.782541275024418,0.007666260004043635,-0.009582812199369,0.3567201793193817,0.009582812199369,0.0,1.0,0.9414044618606568,1.0,1.0,0.0,0.0,0.9414044618606568,0.0,0.0
fast,28.457001892725625,27.41284942626953,29.782541275024418,0.007666260004043635,-0.009582812199369,0.3567201793193817,0.009582812199369,0.0,1.0,0.9414044618606568,0.9765617847442628,1.0,0.0,0.0,0.9414044618606568,0.0,0.0
fast,28.570635986328124,27.41284942626953,29.782541275024418,0.007666260004043635,-0.009582812199369,0.3567201793193817,0.009582812199369,0.0,1.0,0.9414044618606568,0.9765617847442628,1.0,0.0,0.0,0.9414044618606568,0.0,0.0
fast,28.6843576780955,27.41284942626953,29.782541275024418,0.012457668781280518,-0.009582787752151434,0.3600741624832153,0.012457668781280518,0.0,1.0,0.9414044618606568,0.9765617847442628,1.0,0.0,0.0,0.9414044618606568,0.0,0.0
fast,28.718748633066813,27.41284942626953,29.79157829284668,0.012457668781280518,-0.009582787752151434,0.3600741624832153,0.012457668781280518,0.0,1.0,0.4603068530559539,0.9726554155349731,1.0,0.0,1.1202917098999023,0.4603068530559539,0.0,0.0
fast,28.09203150431315,18.82356071472168,29.79157829284668,0.012457668781280518,-0.009582787752151434,0.3600741624832153,0.012457668781280518,0.0,1.0,0.0,0.9570299386978148,0.9765617847442628,0.0,3.5,0.0,0.0,0.0
fast,27.01867888168819,18.64492416381836,29.79157829284668,0.012457668781280518,-0.009582787752151434,0.3600741624832153,0.012457668781280518,0.0,1.0,0.0,0.9570299386978148,0.9765617847442628,0.0,3.5,0.0,0.0,0.0
fast,26.141703294118244,18.64492416381836,29.79157829284668,0.012457668781280518,-0.009582787752151434,0.3600741624832153,0.012457668781280518,0.0,1.0,0.1230048537254333,0.9609363079071044,0.9765617847442628,0.0,3.5,0.1230048537254333,0.0,0.0
fast,25.36264172554016,18.64492416381836,29.79157829284668,0.012457668781280518,-0.009582787752151434,0.3600741624832153,0.012457668781280518,0.0,1.0,0.0,0.9609363079071044,0.9765617847442628,0.0,3.5,0.0,0.0,0.0
fast,24.50104347891322,18.64492416381836,29.79157829284668,0.012457668781280518,-0.009582787752151434,0.3600741624832153,0.012457668781280518,0.0,1.0,0.0,0.7382885217666626,0.9765617847442628,0.0,3.5,0.0,0.0,0.0
fast,23.543651520411174,18.21955108642578,29.79157829284668,0.012457668781280518,-0.009582787752151434,0.3600741624832153,0.012457668781280518,0.0,1.0,0.0,0.0,0.9765617847442628,0.0,3.5,0.0,0.0,0.0
fast,22.450259695053102,17.245698928833008,29.79157829284668,0.012457668781280518,-0.009343236684799194,0.3600741624832153,0.012457668781280518,0.0,1.0,0.0,0.0,0.9619129002094268,0.0,3.5,0.0,0.0,0.0
fast,21.095531239509583,14.782373428344728,29.79157829284668,0.05510115623474121,-0.009343236684799194,1.2951170206069946,0.05510115623474121,0.0,1.0,0.0,0.0,0.2380901575088501,0.0,3.5,0.0,0.0,0.0
fast,19.71939346905742,14.782373428344728,29.79157829284668,0.05510115623474121,-0.05653858184814431,2.50303053855896,0.05653858184814431,0.0,1.0,0.0,0.0,0.21427808701992035,0.0,3.5,0.0,0.0,0.0
fast,18.571843463579814,14.782373428344728,27.32674789428711,0.05510115623474121,-0.05653858184814431,2.50303053855896,0.05653858184814431,0.0,1.0,0.0,0.0,0.9267555773258208,0.0,3.5,0.0,0.0,0.0
fast,18.278348737072427,14.782373428344728,21.021902084350582,0.05510115623474121,-0.05653858184814431,2.50303053855896,0.05653858184814431,0.0,1.0,0.0,0.0,0.9960936307907104,0.0,0.6750114560127258,0.0,0.0,0.0
fast,18.57166997525537,14.782373428344728,22.517072677612305,0.055580317974090576,-0.05653858184814431,2.50303053855896,0.05653858184814431,0.0,1.0,0.0,0.0,1.0,0.0,0.6750114560127258,0.0,0.0,0.0
fast,18.837440950075784,14.782373428344728,22.603172302246097,0.055580317974090576,-0.05653858184814431,2.50303053855896,0.05653858184814431,0.0,1.0,0.0,0.0,1.0,0.0,0.6750114560127258,0.0,0.0,0.0
fast,19.16001309553782,14.782373428344728,23.459653854370117,0.055580317974090576,-0.05653858184814431,2.50303053855896,0.05653858184814431,0.0,1.0,0.0,0.4483931958675384,1.0,0.0,0.6750114560127258,0.0,0.0,0.0
fast,19.68597612206432,14.782373428344728,25.2713565826416,0.055580317974090576,-0.05653858184814431,2.50303053855896,0.05653858184814431,0.0,1.0,0.0,0.929685354232788,1.0,0.0,0.6750114560127258,0.0,0.0,0.0
fast,20.44830071926117,14.782373428344728,27.33319854736328,0.055580317974090576,-0.05653858184814431,2.50303053855896,0.05653858184814431,0.0,1.0,0.3501846492290496,1.0,1.0,0.0,0.6750114560127258,0.3501846492290496,0.0,0.0
fast,21.53113616148631,14.782373428344728,29.672887802124023,0.055580317974090576,-0.05653858184814431,2.50303053855896,0.05653858184814431,0.0,1.0,0.6230506300926208,1.0,1.0,0.0,0.6750114560127258,0.6230506300926208,0.0,0.0
fast,23.073814477920532,14.8109712600708,32.118202209472656,0.055580317974090576,-0.05653858184814431,2.50303053855896,0.05653858184814431,0.0,1.0,0.9960936307907104,1.0,1.0,0.0,0.0,0.9960936307907104,0.0,0.0
fast,24.820813139345802,16.694643020629883,34.399471282958984,0.055580317974090576,-0.04479968547821045,1.7780907154083252,0.055580317974090576,0.0,1.0,1.0,1.0,1.0,0.0,0.0,1.0,0.0,0.0
fast,26.584493474960325,18.856931686401367,35.64939880371094,0.055580317974090576,-0.03689384460449219,1.5188757181167605,0.055580317974090576,0.0,1.0,0.9609363079071044,1.0,1.0,0.0,0.0,0.9609363079071044,0.0,0.0
fast,28.161743485132853,21.058988571166992,35.76449203491211,0.055580317974090576,-0.0340189822018146,0.1403881907463073,0.055580317974090576,0.0,1.0,0.4483931958675384,1.0,1.0,0.0,0.0,0.4483931958675384,0.0,0.0
fast,29.558574520746866,22.436166763305664,35.86344528198242,0.01245765388011931,-0.014134652912616799,0.1403881907463073,0.014134652912616799,0.0,1.0,0.0,1.0,1.0,0.0,0.0,0.0,0.0,0.0
fast,30.888490517934162,22.545665740966797,35.86376953125,0.01245765388011931,-0.014134652912616799,0.1403881907463073,0.014134652912616799,0.0,1.0,0.0,1.0,1.0,0.0,0.0,0.0,0.0,0.0
fast,32.1333621274215,23.487144470214844,35.86376953125,0.01245765388011931,-0.0138950794935227,0.1403881907463073,0.0138950794935227,0.0,1.0,0.0,1.0,1.0,0.0,0.0,0.0,0.0,0.0
fast,33.20668501686771,25.30339813232422,35.86376953125,0.011020228266716003,-0.0138950794935227,0.1403881907463073,0.0138950794935227,0.0,1.0,0.0,0.1944334208965301,1.0,0.0,0.0,0.0,0.0,0.0
fast,34.072994057337446,27.369935989379883,35.86376953125,0.011020228266716003,-0.0138950794935227,0.1403881907463073,0.0138950794935227,0.0,1.0,0.0,0.1944334208965301,1.0,0.0,0.0,0.0,0.0,0.0
fast,34.80161110242208,29.713611602783203,36.2537727355957,0.011020228266716003,-0.0138950794935227,0.1403881907463073,0.0138950794935227,0.0,1.0,0.0,0.1944334208965301,1.0,0.0,0.0,0.0,0.0,0.0
fast,35.38332466125488,32.1588020324707,37.19450759887695,0.011020228266716003,-0.0138950794935227,0.1403881907463073,0.0138950794935227,0.0,1.0,0.0,0.1944334208965301,1.0,0.0,0.0,0.0,0.0,0.0
fast,35.796348883310955,34.43523406982422,37.521297454833984,0.013415936846286,-0.0138950794935227,0.1403881907463073,0.0138950794935227,0.0,1.0,0.0,0.18451490998268125,0.9960936307907104,0.0,0.0,0.0,0.0,0.0
fast,35.978106307983396,34.7588005065918,37.521297454833984,0.013415936846286,-0.017009491100907298,0.1343989372253418,0.017009491100907298,0.0,1.0,0.0,0.0,0.9619129002094268,0.0,0.0,0.0,0.0,0.0
fast,36.0568737227451,34.7588005065918,37.521297454833984,0.013415936846286,-0.020123913884162875,0.1343989372253418,0.020123913884162875,0.0,1.0,0.0,0.0,0.9628894925117493,0.0,0.0,0.0,0.0,0.0
fast,35.77953217188517,28.809993743896484,37.521297454833984,0.042164385318756104,-0.04192480444908142,0.1485335826873779,0.042164385318756104,0.0,1.0,0.0,0.0,0.9619129002094268,0.0,3.5,0.0,0.0,0.0
fast,34.63636415163676,20.137208938598633,37.521297454833984,0.042164385318756104,-0.04192480444908142,0.1485335826873779,0.042164385318756104,0.0,1.0,0.0,0.0,0.9619129002094268,0.0,3.5,0.0,0.0,0.0
fast,32.6679319302241,11.596088409423828,37.521297454833984,0.042164385318756104,-0.04192480444908142,0.1485335826873779,0.042164385318756104,0.0,1.0,0.0,0.0,0.9619129002094268,0.0,3.5,0.0,0.0,0.0
fast,29.898261869211563,2.9691357612609863,37.521297454833984,0.042164385318756104,-0.04192480444908142,0.1485335826873779,0.042164385318756104,0.0,1.0,0.0,0.0,0.9609363079071044,0.0,3.5,0.0,0.0,0.0
fast,26.45634236757954,0.0,37.521297454833984,0.1600329875946045,-0.04192480444908142,2.962526321411133,0.1600329875946045,0.0,1.0,0.0,0.0,0.6962950527667999,0.0,3.5,0.0,0.0,0.0
fast,23.203797265042862,0.0,37.521297454833984,0.1600329875946045,-0.056778192520142046,4.714503765106201,0.1600329875946045,0.0,1.0,0.0,0.0,0.6962950527667999,0.0,3.5,0.0,0.0,0.0
fast,20.3537740581731,0.0,37.521297454833984,0.1600329875946045,-0.1655430793762207,4.714503765106201,0.1655430793762207,0.0,1.0,0.0,0.0,0.6962950527667999,0.0,3.5,0.0,0.0,0.0
fast,17.792443576008083,0.0,37.379093170166016,0.1600329875946045,-0.1655430793762207,4.714503765106201,0.1655430793762207,0.0,1.0,0.0,0.0,1.0,0.0,3.5,0.0,0.0,0.0
fast,15.563650425424179,0.0,36.78593063354492,0.1863856911659239,-0.1655430793762207,4.714503765106201,0.1863856911659239,0.0,1.0,0.0,0.0,1.0,0.0,3.5,0.0,0.0,0.0
fast,13.637258894778727,0.0,36.212371826171875,0.1863856911659239,-0.1655430793762207,4.714503765106201,0.1863856911659239,0.0,1.0,0.0,1.0,1.0,0.0,3.5,0.0,0.0,0.0
fast,12.177213694446275,0.0,28.66303062438965,0.1863856911659239,-0.1655430793762207,4.714503765106201,0.1863856911659239,0.0,1.0,0.0,1.0,1.0,0.0,3.5,0.0,0.0,0.0
fast,11.844363759507736,0.0,21.68056869506836,0.1863856911659239,-0.1655430793762207,4.714503765106201,0.1863856911659239,0.0,1.0,0.0,1.0,1.0,0.0,3.5,0.0,0.0,0.0
fast,12.487823221037786,0.0,22.765363693237305,0.1863856911659239,-0.1655430793762207,4.714503765106201,0.1863856911659239,0.0,1.0,1.0,1.0,1.0,0.0,3.5,1.0,0.0,0.0
fast,14.083074473528711,0.0,23.850011825561523,0.1863856911659239,-0.1655430793762207,4.714503765106201,0.1863856911659239,0.0,1.0,1.0,1.0,1.0,0.0,2.8261513710021973,1.0,0.0,0.0
fast,16.46940222317866,0.850016176700592,24.971166610717773,0.1863856911659239,-0.1655430793762207,4.714503765106201,0.1863856911659239,1.0,1.0,1.0,1.0,1.0,0.0,0.0,1.0,0.0,0.0
fast,18.66754107395808,5.890663146972656,25.154197692871097,0.1863856911659239,-0.1655430793762207,3.884392738342285,0.1863856911659239,0.3055513203144073,1.0,1.0,1.0,1.0,0.0,0.0,1.0,0.0,0.0
fast,20.328998600700263,10.100932121276855,25.154197692871097,0.1863856911659239,-0.09822386503219616,1.82336950302124,0.1863856911659239,0.2341227531433105,1.0,1.0,1.0,1.0,0.0,0.0,1.0,0.0,0.0
fast,21.60904967287347,13.64331340789795,25.154197692871097,0.1863856911659239,-0.09822386503219616,1.82336950302124,0.1863856911659239,0.0,1.0,0.3115024268627167,1.0,1.0,0.0,0.0,0.3115024268627167,0.0,0.0
fast,22.604805026110107,15.839448928833008,25.317459106445312,0.0515076126903294,-0.0397686706855893,0.2079470157623291,0.0515076126903294,0.0,1.0,0.3115024268627167,1.0,1.0,0.0,0.0,0.3115024268627167,0.0,0.0
fast,23.54560578664144,17.925539016723633,27.076284408569336,0.019884333014488192,-0.01724906265735629,0.1940519362688064,0.019884333014488192,0.0,1.0,0.3124942779541015,1.0,1.0,0.0,0.0,0.3124942779541015,0.0,0.0
fast,24.4396477570748,19.95679473876953,28.82591438293457,0.019884333014488192,-0.01724906265735629,0.1940519362688064,0.019884333014488192,0.0,1.0,0.3134861290454864,1.0,1.0,0.0,0.0,0.3134861290454864,0.0,0.0
fast,25.326598374048867,21.698495864868164,30.56022071838379,0.019884333014488192,-0.01724906265735629,0.1940519362688064,0.019884333014488192,0.0,1.0,0.3124942779541015,1.0,1.0,0.0,0.0,0.3124942779541015,0.0,0.0
fast,26.20843410174052,22.783599853515625,31.41899681091309,0.019884333014488192,-0.01724906265735629,0.1940519362688064,0.019884333014488192,0.0,1.0,0.3124942779541015,1.0,1.0,0.0,0.0,0.3124942779541015,0.0,0.0
fast,27.018866261309277,23.868547439575195,31.54652404785156,0.019884333014488192,-0.01724906265735629,0.1940519362688064,0.019884333014488192,0.0,1.0,0.3055513203144073,0.6953184604644775,1.0,0.0,0.0,0.3055513203144073,0.0,0.0
fast,27.686677808967882,24.412099838256836,31.54652404785156,0.019884333014488192,-0.01724906265735629,0.1887813955545425,0.019884333014488192,0.0,1.0,0.2341227531433105,0.5117191076278687,1.0,0.0,0.5437528491020203,0.2341227531433105,0.0,0.0
fast,27.81399427096049,22.722476959228516,31.54652404785156,0.022280029952526106,-0.028029724955558805,0.3725318014621734,0.028029724955558805,0.0,1.0,0.0,0.4424420893192291,1.0,0.0,3.5,0.0,0.0,0.0
fast,27.60483896891276,22.63850212097168,31.54652404785156,0.022280029952526106,-0.028029724955558805,0.3725318014621734,0.028029724955558805,0.0,1.0,0.0,0.5371105074882507,1.0,0.0,3.5,0.0,0.0,0.0
fast,27.39594225002803,22.18497085571289,31.54652404785156,0.022280029952526106,-0.028029724955558805,0.3725318014621734,0.028029724955558805,0.0,1.0,0.0,0.535157322883606,1.0,0.0,3.5,0.0,0.0,0.0
fast,27.103572918574017,21.30464553833008,31.54652404785156,0.022280029952526106,-0.028029724955558805,0.3725318014621734,0.028029724955558805,0.0,1.0,0.0,0.29562516510486603,1.0,0.0,3.5,0.0,0.0,0.0
fast,26.593830369313558,21.074596405029297,31.54652404785156,0.022280029952526106,-0.028029724955558805,0.3725318014621734,0.028029724955558805,0.0,1.0,0.0,0.2063356339931488,0.8037049472332001,0.0,3.5,0.0,0.0,0.0
fast,25.957415577570597,21.074596405029297,31.54652404785156,0.022280029952526106,-0.028029724955558805,0.3725318014621734,0.028029724955558805,0.0,1.0,0.0,0.2063356339931488,0.625980406999588,0.0,3.5,0.0,0.0,0.0
fast,25.120564089792598,21.06353187561035,31.54652404785156,0.022280029952526106,-0.028029724955558805,0.3725318014621734,0.028029724955558805,0.0,1.0,0.0,0.2063356339931488,0.5058595538139343,0.0,3.5,0.0,0.0,0.0
fast,24.09756102879842,20.804100036621097,31.54652404785156,0.022280029952526106,-0.028029724955558805,0.3725318014621734,0.028029724955558805,0.0,1.0,0.0,0.2063356339931488,0.3700216710567474,0.0,3.5,0.0,0.0,0.0
fast,23.085334660212197,20.804100036621097,31.367469787597656,0.022280029952526106,-0.028029724955558805,0.3725318014621734,0.028029724955558805,0.0,1.0,0.0,0.2618945837020874,0.5273445844650269,0.0,3.5,0.0,0.0,0.0
fast,22.165501726688646,20.804100036621097,30.325958251953125,0.022280029952526106,-0.028029724955558805,0.3725318014621734,0.028029724955558805,0.0,1.0,0.0,0.2618945837020874,0.5859401226043701,0.0,3.5,0.0,0.0,0.0
fast,21.68648380349594,20.804100036621097,22.94843864440918,0.009582817554473919,-0.019405193626880604,0.3442625105381012,0.019405193626880604,0.0,1.0,0.08928188681602475,0.3095187246799469,0.6523483991622925,0.0,0.0,0.08928188681602475,0.0,0.0
fast,21.66120825591381,20.804100036621097,22.93648910522461,0.007905840873718262,-0.019405193626880604,0.3442625105381012,0.019405193626880604,0.0,1.0,0.0753959715366363,0.3095187246799469,0.9960936307907104,0.0,0.0674611628055572,0.0753959715366363,0.0,0.0
fast,21.45795621871948,19.381223678588867,22.90765953063965,0.007905840873718262,-0.019405193626880604,0.3442625105381012,0.019405193626880604,0.0,1.0,0.14484083652496332,0.34324169158935547,0.9960936307907104,0.0,1.132010817527771,0.14484083652496332,0.0,0.0
fast,21.34721499552544,19.381223678588867,22.90765953063965,0.010780662298202515,-0.019405193626880604,0.3442625105381012,0.019405193626880604,0.0,1.0,0.2618945837020874,0.5273445844650269,1.0,0.0,1.132010817527771,0.2618945837020874,0.0,0.0
fast,21.4561741288503,19.381223678588867,22.90765953063965,0.010780662298202515,-0.019405193626880604,0.3442625105381012,0.019405193626880604,0.0,1.0,0.2618945837020874,0.5273445844650269,1.0,0.0,1.132010817527771,0.2618945837020874,0.0,0.0
fast,21.558109591801962,19.381223678588867,22.90765953063965,0.010780662298202515,-0.019405193626880604,0.3442625105381012,0.019405193626880604,0.0,1.0,0.04563662409782407,0.3849146962165832,1.0,0.0,1.132010817527771,0.04563662409782407,0.0,0.0
fast,21.70680805206299,19.381223678588867,23.003149032592773,0.010780662298202515,-0.019405193626880604,0.3442625105381012,0.019405193626880604,0.0,1.0,0.026779979467391926,0.3849146962165832,1.0,0.0,1.132010817527771,0.026779979467391926,0.0,0.0
fast,21.930254952112833,19.381223678588867,23.110689163208008,0.010780662298202515,-0.019405193626880604,0.3442625105381012,0.019405193626880604,0.0,1.0,0.0,0.2698293924331665,1.0,0.0,1.132010817527771,0.0,0.0,0.0
fast,22.115097644532064,19.381223678588867,23.33781623840332,0.010780662298202515,-0.019405193626880604,0.2841303646564483,0.019405193626880604,0.0,1.0,0.0,0.1547593474388122,0.9746086001396179,0.0,1.132010817527771,0.0,0.0,0.0
fast,22.252992620484008,19.381223678588867,23.33781623840332,0.010780662298202515,-0.019405193626880604,0.2340601831674575,0.019405193626880604,0.0,1.0,0.0,0.1230048537254333,0.921872615814209,0.0,1.132010817527771,0.0,0.0,0.0
fast,22.452191470464072,19.381223678588867,24.16573905944824,0.010780662298202515,-0.01221808791160589,-0.028988005593419,0.01221808791160589,0.0,1.0,0.0,0.14484083652496335,1.0,0.0,1.132010817527771,0.0,0.0,0.0
fast,22.692861709594727,19.381223678588867,25.394187927246097,0.013895079493522589,-0.01221808791160589,-0.1415860503911972,0.013895079493522589,0.0,1.0,0.0,0.1547593474388122,1.0,0.0,1.132010817527771,0.0,0.0,0.0
fast,23.148035809199015,19.70096969604492,25.394187927246097,0.0189260542392731,-0.011499375104904175,0.1217017099261283,0.0189260542392731,0.0,1.0,0.0,0.1408734321594238,1.0,0.0,0.0,0.0,0.0,0.0
fast,23.56025666505944,21.549972534179688,25.394187927246097,0.0189260542392731,-0.011499375104904175,0.1217017099261283,0.0189260542392731,0.0,1.0,0.0,0.1150700449943542,0.2698293924331665,0.0,0.0,0.0,0.0,0.0
fast,23.801654059092204,22.574766159057617,25.394187927246097,0.0189260542392731,-0.011499375104904175,0.1217017099261283,0.0189260542392731,0.0,1.0,0.0,0.1507919430732727,0.2618945837020874,0.0,0.0,0.0,0.0,0.0
fast,24.00849223772685,22.659578323364254,25.394187927246097,0.0189260542392731,-0.0105410926043987,0.1217017099261283,0.0189260542392731,0.0,1.0,0.0,0.1884823143482208,0.2658619880676269,0.0,0.0,0.0,0.0,0.0
fast,24.17972648480966,23.00908088684082,25.394187927246097,0.0189260542392731,-0.012218084186315495,0.1217017099261283,0.0189260542392731,0.0,1.0,0.0,0.1745963990688324,0.2658619880676269,0.0,0.0,0.0,0.0,0.0
fast,24.264976730346678,23.111194610595703,25.394187927246097,0.0189260542392731,-0.012457655277103201,0.1217017099261283,0.0189260542392731,0.0,1.0,0.0,0.1547593474388122,0.2658619880676269,0.0,0.0,0.0,0.0,0.0
fast,24.280807234446208,23.151443481445312,25.394187927246097,0.0189260542392731,-0.012457655277103201,0.1217017099261283,0.0189260542392731,0.0,1.0,0.0,0.1468245387077331,0.2658619880676269,0.0,0.0,0.0,0.0,0.0
fast,24.243272530237835,22.659990310668945,25.394187927246097,0.0189260542392731,-0.012457655277103201,0.1217017099261283,0.0189260542392731,0.0,1.0,0.0714285671710968,0.1468245387077331,0.2658619880676269,0.0,0.0,0.0714285671710968,0.0,0.0
fast,24.12792506035473,22.181367874145508,25.394187927246097,0.0189260542392731,-0.012457655277103201,0.1217017099261283,0.0189260542392731,0.0,1.0,0.0714285671710968,0.0952330231666565,0.2579271793365478,0.0,0.0,0.0714285671710968,0.0,0.0
fast,23.83281301498413,21.707353591918945,25.36924743652344,0.0189260542392731,-0.014134652912616702,0.1312845200300216,0.0189260542392731,0.0,0.2658619880676269,0.0753959715366363,0.0952330231666565,0.2063356339931488,0.0,0.0,0.0753959715366363,0.0,0.0
fast,23.470731525070878,21.245588302612305,24.876319885253903,0.016769923269748695,-0.014134652912616702,0.1312845200300216,0.016769923269748695,0.0,0.2658619880676269,0.0952330231666565,0.0952330231666565,0.2063356339931488,0.0,0.0,0.0952330231666565,0.0,0.0
fast,23.098754138946532,20.78013610839844,24.696510314941406,0.016769923269748695,-0.014134652912616702,0.1312845200300216,0.016769923269748695,0.0,0.2658619880676269,0.0952330231666565,0.0952330231666565,0.13988158106803888,0.0,0.0,0.0952330231666565,0.0,0.0
fast,22.679820601145426,20.36119079589844,24.696510314941406,0.016769923269748695,-0.014134652912616702,0.1312845200300216,0.016769923269748695,0.0,0.3452253937721252,0.0952330231666565,0.0952330231666565,0.0952330231666565,0.0,0.0,0.0952330231666565,0.0,0.0
fast,22.29210521062215,20.3609561920166,24.69307327270508,0.016769923269748695,-0.014134652912616702,0.1312845200300216,0.016769923269748695,0.0,1.0,0.0952330231666565,0.0952330231666565,0.0952330231666565,0.0,0.0,0.0952330231666565,0.0,0.0
fast,22.022179765701296,20.3609561920166,24.242713928222656,0.0162907807389274,-0.014134652912616702,0.1312845200300216,0.0162907807389274,0.0,1.0,0.0952330231666565,0.0952330231666565,0.1269875168800354,0.0,0.0,0.0952330231666565,0.0,0.0
fast,21.87766774707724,20.3609561920166,23.6250057220459,0.0162907807389274,-0.014134652912616702,0.1312845200300216,0.0162907807389274,0.0833307802677154,1.0,0.0952330231666565,0.0952330231666565,0.7187566757202148,0.0,0.0,0.0952330231666565,0.0,0.0
fast,21.882181701660155,20.3609561920166,23.90231132507324,0.013655506074428503,-0.018686480820179,0.1312845200300216,0.018686480820179,0.0952330231666565,1.0,0.0952330231666565,0.0952330231666565,0.8984344005584717,0.0,0.0,0.0952330231666565,0.0,0.0
fast,22.03743337949117,20.3609561920166,24.940093994140625,0.013655506074428503,-0.018686480820179,0.1312845200300216,0.018686480820179,0.0952330231666565,1.0,0.0952330231666565,0.3809396773576736,1.0,0.0,0.0,0.0952330231666565,0.0,0.0
fast,22.326021722157797,20.3609561920166,25.427515029907227,0.012457661330700004,-0.018686480820179,0.1312845200300216,0.018686480820179,0.0952330231666565,1.0,0.0952330231666565,0.7148503065109253,1.0,0.0,0.0,0.0952330231666565,0.0,0.0
fast,22.64431786855062,20.3609561920166,25.427515029907227,0.012457661330700004,-0.018686480820179,0.0103015229105949,0.018686480820179,0.0952330231666565,1.0,0.1269875168800354,0.7148503065109253,1.0,0.0,0.0,0.1269875168800354,0.0,0.0
fast,22.980733703257837,20.3609561920166,25.427515029907227,0.012457661330700004,-0.018686480820179,0.0103015229105949,0.018686480820179,0.0952330231666565,1.0,0.2182531058788299,0.7148503065109253,1.0,0.0,0.0,0.2182531058788299,0.0,0.0
fast,23.340700806476512,20.3609561920166,25.427515029907227,0.012457661330700004,-0.018686480820179,0.0103015229105949,0.018686480820179,0.0952330231666565,1.0,0.317453533411026,0.7148503065109253,1.0,0.0,0.0,0.317453533411026,0.0,0.0
fast,23.729158166249594,20.3609561920166,25.427515029907227,0.012457661330700004,-0.018686480820179,0.0103015229105949,0.018686480820179,0.2182531058788299,1.0,0.3452253937721252,0.7148503065109253,1.0,0.0,0.0,0.3452253937721252,0.0,0.0
fast,24.06512988726298,21.37639617919922,25.427515029907227,0.012457661330700004,-0.018686480820179,0.0103015229105949,0.018686480820179,0.2182531058788299,1.0,0.3452253937721252,0.4622943699359894,1.0,0.0,0.0,0.3452253937721252,0.0,0.0
fast,24.277030849456786,22.185733795166016,25.427515029907227,0.012457661330700004,-0.018686480820179,0.0103015229105949,0.018686480820179,0.2182531058788299,1.0,0.3452253937721252,0.3452253937721252,1.0,0.0,0.0,0.3452253937721252,0.0,0.0
fast,24.41203656569495,22.91451072692871,25.427515029907227,0.012457661330700004,-0.018686480820179,0.1058900728821754,0.018686480820179,0.2182531058788299,1.0,0.3452253937721252,0.3452253937721252,0.9687490463256836,0.0,0.0,0.3452253937721252,0.0,0.0
fast,24.51990364074707,23.745105743408203,25.427515029907227,0.011978518217802,-0.011738948523998288,0.1449400335550308,0.011978518217802,0.2182531058788299,1.0,0.3452253937721252,0.3452253937721252,0.7187566757202148,0.0,0.0,0.3452253937721252,0.0,0.0
fast,24.577380618189334,23.745105743408203,25.427515029907227,0.011978518217802,-0.013655509799718898,0.1449400335550308,0.013655509799718898,0.2182531058788299,1.0,0.3452253937721252,0.3452253937721252,0.7070375680923462,0.0,0.0,0.3452253937721252,0.0,0.0
fast,24.627634468078615,23.745105743408203,26.2168025970459,0.014374218881130219,-0.017249062657356304,0.1751258820295334,0.017249062657356304,0.2182531058788299,0.9804681539535522,0.3452253937721252,0.3452253937721252,0.6923886835575104,0.0,0.0,0.3452253937721252,0.0,0.0
fast,24.79386095046997,23.745105743408203,27.282245635986328,0.0155720636248588,-0.017249062657356304,0.1763237416744232,0.017249062657356304,0.2499923706054687,0.9804681539535522,0.3452253937721252,0.38888210058212275,0.7070375680923462,0.0,0.0,0.3452253937721252,0.0,0.0
fast,25.05395403370037,23.745105743408203,27.68662452697754,0.0155720636248588,-0.017249062657356304,0.1763237416744232,0.017249062657356304,0.3372905850410461,0.9804681539535522,0.3452253937721252,0.4245887696743011,0.7070375680923462,0.0,0.0,0.3452253937721252,0.0,0.0
fast,25.37725811928063,23.745105743408203,27.993101119995117,0.0155720636248588,-0.017249062657356304,0.1763237416744232,0.017249062657356304,0.3214209377765655,0.9804681539535522,0.3452253937721252,0.4245887696743011,0.7070375680923462,0.0,0.0,0.3452253937721252,0.0,0.0
fast,25.759662208557128,23.745105743408203,28.34733772277832,0.0155720636248588,-0.017249062657356304,0.1763237416744232,0.017249062657356304,0.3214209377765655,0.9804681539535522,0.3452253937721252,0.4245887696743011,0.7070375680923462,0.0,0.0,0.3452253937721252,0.0,0.0
fast,26.188323350501975,23.745105743408203,28.628915786743164,0.0155720636248588,-0.017249062657356304,0.1763237416744232,0.017249062657356304,0.3015839159488678,0.9804681539535522,0.3452253937721252,0.4245887696743011,0.7070375680923462,0.0,0.0,0.3452253937721252,0.0,0.0
fast,26.665874188741046,23.745105743408203,28.71271324157715,0.0155720636248588,-0.017249062657356304,0.1763237416744232,0.017249062657356304,0.1507919430732727,0.9804681539535522,0.3372905850410461,0.4245887696743011,0.7070375680923462,0.0,0.0,0.3372905850410461,0.0,0.0
fast,27.156639935175576,24.193012237548828,28.835371017456055,0.0155720636248588,-0.017249062657356304,0.1763237416744232,0.017249062657356304,0.1309549212455749,0.9804681539535522,0.3214209377765655,0.3729972243309021,0.691412091255188,0.0,0.0,0.3214209377765655,0.0,0.0
fast,27.59960040316209,24.73254776000977,29.20078468322754,0.0208426164463162,-0.017249062657356304,0.1763237416744232,0.0208426164463162,0.1309549212455749,0.8789025545120239,0.3055513203144073,0.3690298199653625,0.6015655994415283,0.0,0.0,0.3055513203144073,0.0,0.0
fast,28.05248332221972,25.364757537841797,29.90237045288086,0.0208426164463162,-0.017249062657356304,0.1763237416744232,0.0208426164463162,0.1309549212455749,0.8789025545120239,0.3055513203144073,0.3690298199653625,0.4960173368453979,0.0,0.0,0.3055513203144073,0.0,0.0
fast,28.491678206125894,26.230497360229492,30.302886962890625,0.0208426164463162,-0.014853358734399,0.1763237416744232,0.0208426164463162,0.1309549212455749,0.8789025545120239,0.2698293924331665,0.3452253937721252,0.4483931958675384,0.0,0.0,0.2698293924331665,0.0,0.0
fast,28.85603819211324,27.290958404541016,30.543291091918945,0.0208426164463162,-0.014853358734399,0.1763237416744232,0.0208426164463162,0.1309549212455749,0.6953184604644775,0.2261879444122314,0.3253883421421051,0.3888821005821228,0.0,0.0,0.2261879444122314,0.0,0.0
fast,29.167327176314622,27.691818237304688,30.79100227355957,0.0208426164463162,-0.0107806622982025,0.106369212269783,0.0208426164463162,0.1309549212455749,1.0,0.1984008252620697,0.3055513203144073,0.3729972243309021,0.0,0.0,0.1984008252620697,0.0,0.0
fast,29.52565755844116,27.998449325561523,32.1142463684082,0.0208426164463162,-0.0107806622982025,0.106369212269783,0.0208426164463162,0.1309549212455749,1.0,0.1984008252620697,0.3055513203144073,0.4444257915019989,0.0,0.0,0.1984008252620697,0.0,0.0
fast,29.978093541463217,28.353294372558594,32.94730758666992,0.0208426164463162,-0.0107806622982025,0.0967864021658897,0.0208426164463162,0.1309549212455749,1.0,0.1984008252620697,0.3055513203144073,0.4722129106521606,0.0,0.0,0.1984008252620697,0.0,0.0
fast,30.42373799641927,28.63316535949707,33.06538391113281,0.0208426164463162,-0.011259801685810103,0.0967864021658897,0.0208426164463162,0.0,1.0,0.1547593474388122,0.2658619880676269,0.4732047617435455,0.0,0.0,0.1547593474388122,0.0,0.0
fast,30.92459668159485,28.714139938354492,34.103065490722656,0.0208426164463162,-0.027550583705305998,0.0967864021658897,0.027550583705305998,0.0,1.0,0.2013763785362243,0.39483320713043213,0.6953184604644775,0.0,0.0,0.2013763785362243,0.0,0.0
fast,31.500007546604774,28.837223052978516,35.044090270996094,0.0208426164463162,-0.027550583705305998,0.0967864021658897,0.027550583705305998,0.0,1.0,0.2341227531433105,0.4483931958675384,1.0,0.0,0.0,0.2341227531433105,0.0,0.0
fast,32.16355060895284,29.210052490234375,36.01245880126953,0.019405193626880604,-0.027550583705305998,0.0579760111868381,0.027550583705305998,0.0,1.0,0.2539597749710083,0.5917996764183044,1.0,0.0,0.0,0.2539597749710083,0.0,0.0
fast,32.85760000228882,29.912038803100582,36.88536834716797,0.019405193626880604,-0.027550583705305998,0.0579760111868381,0.027550583705305998,0.0,1.0,0.2539597749710083,0.9082003235816956,1.0,0.0,0.0,0.2539597749710083,0.0,0.0
fast,33.56454923311869,30.307390213012695,37.46353530883789,0.019405193626880604,-0.027550583705305998,0.0579760111868381,0.027550583705305998,0.0,1.0,0.2569353282451629,0.9082003235816956,1.0,0.0,0.0,0.2569353282451629,0.0,0.0
fast,34.28071934064229,30.546817779541016,37.66994857788086,0.019405193626880604,-0.027550583705305998,0.0579760111868381,0.027550583705305998,0.0,1.0,0.4910580813884735,0.9082003235816956,1.0,0.0,0.0,0.4910580813884735,0.0,0.0
fast,34.950241544210854,30.813400268554688,37.66994857788086,0.019405193626880604,-0.027550583705305998,0.0579760111868381,0.027550583705305998,0.0,1.0,0.47816401720046997,0.8984344005584717,1.0,0.0,0.0,0.47816401720046997,0.0,0.0
fast,35.32469260077706,31.803199768066406,37.66994857788086,0.019405193626880604,-0.027550583705305998,0.0579760111868381,0.027550583705305998,0.0,1.0,0.1745963990688324,0.7304757833480835,1.0,0.0,0.9797082543373108,0.1745963990688324,0.0,0.0
fast,34.931480563741694,26.44292640686035,37.66994857788086,0.019405193626880604,-0.027550583705305998,0.0579760111868381,0.027550583705305998,0.0,1.0,0.0,0.6328165531158447,1.0,0.0,0.9797082543373108,0.0,0.0,0.0
fast,34.2031986281003,25.722122192382812,37.66994857788086,0.009343244135379798,-0.027550583705305998,0.045278787612915,0.027550583705305998,0.0,1.0,0.0,0.6093783378601074,1.0,0.0,0.9797082543373108,0.0,0.0,0.0
fast,33.41942546844482,25.722122192382812,37.66994857788086,0.03377944231033325,-0.02587360143661499,0.045278787612915,0.03377944231033325,0.0,1.0,0.0,0.4087191224098205,0.9453108310699463,0.0,0.9797082543373108,0.0,0.0,0.0
fast,32.530409351164806,25.356626510620117,37.66994857788086,0.03377944231033325,-0.02587360143661499,0.045278787612915,0.03377944231033325,0.0,1.0,0.0,0.3015839159488678,0.7617114782333374,0.0,0.9797082543373108,0.0,0.0,0.0
fast,31.09498681386312,16.916067123413086,37.66994857788086,0.03377944231033325,-0.02587360143661499,0.045278787612915,0.03377944231033325,0.0,1.0,0.0,0.0,0.5429700613021851,0.0,3.5,0.0,0.0,0.0
fast,28.727156756915313,8.771208763122559,37.66994857788086,0.03377944231033325,-0.02587360143661499,0.045278787612915,0.03377944231033325,0.0,0.8515579700469971,0.0,0.0,0.3670461177825928,0.0,3.5,0.0,0.0,0.0
fast,25.810386706988016,8.061488151550293,37.66994857788086,0.03377944231033325,-0.02587360143661499,0.045278787612915,0.03377944231033325,0.0,0.6054719686508179,0.0,0.0,0.10217598080635068,0.0,3.5,0.0,0.0,0.0
fast,22.822377284367878,6.974367141723633,37.65372085571289,0.05198675394058222,-0.02587360143661499,0.045278787612915,0.05198675394058222,0.0,0.4126865267753601,0.0,0.0,0.0,0.0,3.5,0.0,0.0,0.0
fast,19.46851527524491,0.0,37.0820426940918,0.05198675394058222,-0.02587360143661499,0.045278787612915,0.05198675394058222,0.0,0.4126865267753601,0.0,0.0,0.0,0.0,3.5,0.0,0.1400738656520843,0.0
fast,15.883022546693683,0.0,31.65829849243164,0.05198675394058222,-0.02587360143661499,0.045278787612915,0.05198675394058222,0.0,0.4126865267753601,0.0,0.0,0.0,0.0,3.5,0.0,0.25911130011081696,0.0
fast,13.07697145136694,0.0,26.409257888793945,0.05198675394058222,-0.02587360143661499,0.0280297249555587,0.05198675394058222,0.0,0.4126865267753601,0.0,0.0,0.0,0.0,3.5,0.0,0.0,0.0
fast,10.442242774888873,0.0,25.800460815429688,0.05198675394058222,-0.02587360143661499,0.0280297249555587,0.05198675394058222,0.0,0.4126865267753601,0.0,0.0,0.0,0.0,3.5,0.0,0.0,0.0
fast,7.878943613579556,0.0,25.800460815429688,0.05198675394058222,-0.016530334949493408,0.0280297249555587,0.05198675394058222,0.0,0.3412579894065857,0.0,0.0,0.0,0.0,3.5,0.0,0.0,0.0
fast,5.300072771633665,0.0,25.303491592407227,0.05198675394058222,-0.016530334949493408,0.0280297249555587,0.05198675394058222,0.0,0.0,0.0,0.0,0.0,0.0,3.5,0.0,0.0,0.0
fast,3.1768185996264218,0.0,16.7681941986084,0.05198675394058222,-0.007905840873718262,0.0280297249555587,0.05198675394058222,0.0,0.0,0.0,0.0,0.0,0.0,3.5,0.0,0.0,0.0
fast,1.94477747750779,0.0,8.73747730255127,0.05198675394058222,-0.0045518358238041,0.0280297249555587,0.05198675394058222,0.0,0.0,0.0,0.0,0.0,0.0,3.5,0.0,0.0,0.0
fast,1.092844277943174,0.0,8.050966262817383,0.05198675394058222,-0.0045518358238041,0.0280297249555587,0.05198675394058222,0.0,0.0,0.0,0.0,0.0,0.0,3.5,0.0,0.0,0.0
normal,0.0002891443638751902,0.0,0.0871853977441787,0.0,-0.0229987483471632,0.0,0.0229987483471632,0.0079348087310791,0.5,0.5,0.5,0.5,0.0,0.449999988079071,0.5,0.449999988079071,0.449999988079071
normal,0.14927764987883468,0.0,3.104766368865967,0.0,-0.0229987483471632,0.0,0.0229987483471632,0.0079348087310791,0.7578051090240479,0.5,0.5,0.5,0.0,0.449999988079071,0.5,0.449999988079071,0.449999988079071
normal,0.6249606376094043,0.0,6.253174781799316,0.0,-0.0229987483471632,0.0,0.0229987483471632,0.0079348087310791,0.7578051090240479,0.5,0.5,0.5,0.0,0.449999988079071,0.5,0.449999988079071,0.449999988079071
normal,1.3556065044396868,0.0,8.084421157836914,0.0057496894150971985,-0.0229987483471632,0.0,0.0229987483471632,0.0079348087310791,0.7578051090240479,0.5,0.5,0.6406292915344238,0.0,0.449999988079071,0.5,0.449999988079071,0.0
normal,2.2542467587782693,0.0,9.827091217041016,0.0057496894150971985,-0.0229987483471632,0.0,0.0229987483471632,0.0079348087310791,0.7578051090240479,0.5,0.5,0.6640675067901611,0.0,0.449999988079071,0.5,0.449999988079071,0.0
normal,3.2833061990731705,0.0,11.104272842407228,0.006707968423143,-0.0229987483471632,0.0325815603137016,0.0229987483471632,0.0079348087310791,0.7617114782333374,0.5,0.5,0.7119205296039581,0.0,0.449999988079071,0.5,0.0,0.0
normal,4.482177126565948,0.0,12.431623458862305,0.006707968423143,-0.0229987483471632,0.0608508549630641,0.0229987483471632,0.0079348087310791,0.7617114782333374,0.5,0.6406292915344238,0.7421948909759521,0.0,0.449999988079071,0.5,0.0,0.0
normal,5.779793878554677,0.0,13.48458194732666,0.008145390078425397,-0.0229987483471632,0.0608508549630641,0.0229987483471632,0.0079348087310791,0.7617114782333374,0.5,0.6503952145576477,0.7421948909759521,0.0,0.449999988079071,0.5,0.0,0.0
normal,7.179148657480255,0.0,14.448030471801758,0.008145390078425397,-0.0229987483471632,0.0608508549630641,0.0229987483471632,0.0079348087310791,0.7617114782333374,0.5537125766277313,0.6503952145576477,0.7421948909759521,0.0,0.449999988079071,0.5537125766277313,0.0,0.0
normal,8.655867642830305,0.0,15.219751358032228,0.008145390078425397,-0.0229987483471632,0.0608508549630641,0.0229987483471632,0.0079348087310791,0.7617114782333374,0.5937528610229492,0.6523483991622925,0.7421948909759521,0.0,0.449999988079071,0.5937528610229492,0.0,0.0
normal,10.213692470377495,0.1179159358143806,15.863401412963867,0.008145390078425397,-0.013655507005751098,0.0608508549630641,0.013655507005751098,0.4087191224098205,0.7617114782333374,0.6171910762786865,0.6523483991622925,0.7421948909759521,0.0,0.0,0.6171910762786865,0.0,0.0
normal,11.687132428487143,3.162458896636963,16.36691665649414,0.008145390078425397,-0.013655507005751098,0.0608508549630641,0.013655507005751098,0.5468764305114746,0.7617114782333374,0.6171910762786865,0.6328165531158447,0.7304757833480835,0.0,0.0,0.6171910762786865,0.0,0.0
normal,12.845441589355469,6.2864990234375,16.83797836303711,0.0098223835229873,-0.013655507005751098,0.0608508549630641,0.013655507005751098,0.5468764305114746,0.7617114782333374,0.6171910762786865,0.6289101839065552,0.6640675067901611,0.0,0.0,0.6171910762786865,0.0,0.0
normal,13.850865788459778,8.114592552185059,17.327028274536133,0.0098223835229873,-0.013655507005751098,0.0608508549630641,0.013655507005751098,0.5468764305114746,0.7617114782333374,0.6171910762786865,0.6289101839065552,0.656254768371582,0.0,0.0,0.6171910762786865,0.0,0.0
normal,14.709463435808818,9.84593391418457,17.80998992919922,0.014374218881130205,-0.013655507005751098,0.140627771615982,0.014374218881130205,0.5468764305114746,0.7617114782333374,0.6201208531856537,0.6289101839065552,0.6289101839065552,0.0,0.0,0.6201208531856537,0.0,0.0
normal,15.455539274215699,11.126472473144531,18.28666305541992,0.014374218881130205,-0.0155720673501492,0.140627771615982,0.0155720673501492,0.5468764305114746,0.7617114782333374,0.6171910762786865,0.6289101839065552,0.6289101839065552,0.0,0.0,0.6171910762786865,0.0,0.0
normal,16.13909248828888,12.450355529785156,18.730161666870117,0.014374218881130205,-0.0155720673501492,0.140627771615982,0.0155720673501492,0.5468764305114746,0.6601611375808716,0.6093783378601074,0.6289101839065552,0.6289101839065552,0.0,0.0,0.6093783378601074,0.0,0.0
normal,16.731565181414286,13.501709938049316,19.02263069152832,0.014374218881130205,-0.0155720673501492,0.140627771615982,0.0155720673501492,0.4126865267753601,0.6289101839065552,0.6015655994415283,0.6289101839065552,0.6289101839065552,0.0,0.0,0.6015655994415283,0.0,0.0
normal,17.235021828015647,14.462496757507324,19.037233352661133,0.014374218881130205,-0.0155720673501492,0.140627771615982,0.0155720673501492,0.3055513203144073,0.6289101839065552,0.5703146457672119,0.6289101839065552,0.6289101839065552,0.0,0.0,0.5703146457672119,0.0,0.0
normal,17.63969757156245,15.230690002441406,19.037233352661133,0.014374218881130205,-0.0155720673501492,0.140627771615982,0.0155720673501492,0.3055513203144073,0.6289101839065552,0.5390636920928955,0.6289101839065552,0.6289101839065552,0.0,0.0,0.5390636920928955,0.0,0.0
normal,17.970547466278077,15.872784614562988,19.037233352661133,0.014374218881130205,-0.0155720673501492,0.140627771615982,0.0155720673501492,0.3055513203144073,0.6289101839065552,0.3491927981376648,0.6093783378601074,0.6289101839065552,0.0,0.0,0.3491927981376648,0.0,0.0
normal,18.25524768829346,16.37488555908203,19.037233352661133,0.014374218881130205,-0.0155720673501492,0.140627771615982,0.0155720673501492,0.3055513203144073,0.6289101839065552,0.3491927981376648,0.5625019073486328,0.6289101839065552,0.0,0.0,0.3491927981376648,0.0,0.0
normal,18.504775128229685,16.845979690551758,19.237735748291016,0.014374218881130205,-0.0155720673501492,0.140627771615982,0.0155720673501492,0.3055513203144073,0.6289101839065552,0.3491927981376648,0.4722129106521606,0.6289101839065552,0.0,0.0,0.3491927981376648,0.0,0.0
normal,18.728234232168564,17.33506202697754,19.336746215820312,0.014374218881130205,-0.0155720673501492,0.140627771615982,0.0155720673501492,0.3055513203144073,0.6289101839065552,0.3491927981376648,0.4722129106521606,0.6015655994415283,0.0,0.0,0.3491927981376648,0.0,0.0
normal,18.895305331043886,17.81805419921875,19.336746215820312,0.006228828802704801,-0.0155720673501492,0.1001403853297233,0.0155720673501492,0.1349223256111145,0.6289101839065552,0.3055513203144073,0.4325235784053802,0.535157322883606,0.0,0.0,0.3055513203144073,0.0,0.0
normal,18.95630450574015,18.294189453125,19.336746215820312,0.006228828802704801,-0.0079058203846217,0.0388103872537612,0.0079058203846217,0.0,0.6093783378601074,0.3055513203144073,0.3729972243309021,0.4722129106521606,0.0,0.0,0.3055513203144073,0.0,0.0
normal,18.92574964205424,18.16952133178711,19.336746215820312,0.006228828802704801,-0.0079058203846217,0.0388103872537612,0.0079058203846217,0.0,0.5625019073486328,0.3055513203144073,0.3610950112342834,0.4722129106521606,0.0,0.0,0.3055513203144073,0.0,0.0
normal,18.862809791564942,18.16952133178711,19.336746215820312,0.006228828802704801,-0.0079058203846217,0.0388103872537612,0.0079058203846217,0.0,0.5937528610229492,0.3055513203144073,0.3610950112342834,0.4722129106521606,0.0,0.0,0.3055513203144073,0.0,0.0
normal,18.80530881165264,18.16952133178711,19.336746215820312,0.006228828802704801,-0.0079058203846217,0.0388103872537612,0.0079058203846217,0.0,0.5976592302322388,0.3055513203144073,0.4206213653087616,0.5019455552101135,0.0,0.0,0.3055513203144073,0.0,0.0
normal,18.764396794849326,18.16952133178711,19.336746215820312,0.006707973778247792,-0.010301522910594996,0.0388103872537612,0.010301522910594996,0.0,0.5976592302322388,0.3055513203144073,0.452360600233078,0.5117191076278687,0.0,0.0,0.3055513203144073,0.0,0.0
normal,18.723200247410727,18.16952133178711,19.336746215820312,0.008864104747772203,-0.010780662298202598,0.0388103872537612,0.010780662298202598,0.0,0.5976592302322388,0.3571276068687439,0.452360600233078,0.5117191076278687,0.0,0.0,0.3571276068687439,0.0,0.0
normal,18.65751860936483,18.162513732910156,19.336746215820312,0.008864104747772203,-0.010780662298202598,0.0388103872537612,0.010780662298202598,0.0,0.5976592302322388,0.3372905850410461,0.4206213653087616,0.5117191076278687,0.0,0.0,0.3372905850410461,0.0,0.0
normal,18.54486081759135,17.84050941467285,19.336746215820312,0.008864104747772203,-0.010780662298202598,0.0026352733839303,0.010780662298202598,0.0,0.5976592302322388,0.3055513203144073,0.3729972243309021,0.5117191076278687,0.0,0.0,0.3055513203144073,0.0,0.0
normal,18.393500094802526,17.758922576904297,19.334487915039062,0.008864104747772203,-0.010780662298202598,-0.0208426155149936,0.010780662298202598,0.0,0.5976592302322388,0.2896664142608642,0.3610950112342834,0.5195318460464478,0.0,0.0,0.2896664142608642,0.0,0.0
normal,18.25932469106157,17.758922576904297,19.046876907348633,0.008864104747772203,-0.010780662298202598,-0.0182073432952165,0.010780662298202598,0.0,0.5976592302322388,0.317453533411026,0.416653960943222,0.5195318460464478,0.0,0.0,0.317453533411026,0.0,0.0
normal,18.20468609491984,17.758922576904297,18.563053131103516,0.008864104747772203,-0.010780662298202598,0.0328211300075054,0.010780662298202598,0.1507919430732727,0.6953184604644775,0.3372905850410461,0.5,0.5703146457672119,0.0,0.0,0.3372905850410461,0.0,0.0
normal,18.22369789161746,17.758922576904297,18.563053131103516,0.008864104747772203,-0.010780662298202598,0.0328211300075054,0.010780662298202598,0.2460249662399292,0.6953184604644775,0.347209095954895,0.5039063692092896,0.5742210149765015,0.0,0.0,0.347209095954895,0.0,0.0
normal,18.241144094467163,17.758922576904297,18.563053131103516,0.008864104747772203,-0.010780662298202598,0.0328211300075054,0.010780662298202598,0.2460249662399292,0.6953184604644775,0.3482009470462799,0.4682455062866211,0.5703146457672119,0.0,0.0,0.3482009470462799,0.0,0.0
normal,18.23705707810286,17.758922576904297,18.563053131103516,0.008864104747772203,-0.010780662298202598,0.0404873788356781,0.010780662298202598,0.2460249662399292,0.6953184604644775,0.3372905850410461,0.4603106677532196,0.5273445844650269,0.0,0.0,0.3372905850410461,0.0,0.0
normal,18.19735721264425,17.758922576904297,18.549610137939453,0.010301522910594996,-0.0074266791343688965,0.1502105742692947,0.010301522910594996,0.2460249662399292,0.6953184604644775,0.3214209377765655,0.3928495049476623,0.5273445844650269,0.0,0.0,0.3214209377765655,0.0,0.0
normal,18.131586360931397,17.669466018676758,18.44463539123535,0.010301522910594996,-0.0074266791343688965,0.1502105742692947,0.010301522910594996,0.2142857015132904,0.6953184604644775,0.2976165115833282,0.3829309940338135,0.5273445844650269,0.0,0.0,0.2976165115833282,0.0,0.0
normal,18.06577577273051,17.598398208618164,18.44463539123535,0.010301522910594996,-0.0074266791343688965,0.1502105742692947,0.010301522910594996,0.2103182971477508,0.6953184604644775,0.2569353282451629,0.3829309940338135,0.5273445844650269,0.0,0.0,0.2569353282451629,0.0,0.0
normal,18.033361705595343,17.598398208618164,18.44463539123535,0.010301522910594996,-0.009582810103893294,0.1502105742692947,0.010301522910594996,0.2103182971477508,0.6953184604644775,0.2142857015132904,0.3849146962165832,0.5273445844650269,0.0,0.0,0.2142857015132904,0.0,0.0
normal,18.045338401794435,17.598398208618164,18.44463539123535,0.010301522910594996,-0.009582810103893294,0.1502105742692947,0.010301522910594996,0.1547593474388122,0.6953184604644775,0.2103182971477508,0.2976165115833282,0.5117191076278687,0.0,0.0,0.2103182971477508,0.0,0.0
normal,18.061530793507895,17.598398208618164,18.44463539123535,0.010301522910594996,-0.009822379797697102,0.1502105742692947,0.010301522910594996,0.1269875168800354,0.6953184604644775,0.2103182971477508,0.2698293924331665,0.4642780721187591,0.0,0.0,0.2103182971477508,0.0,0.0
normal,18.06196299235026,17.598398208618164,18.44463539123535,0.011978514492511708,-0.009822379797697102,0.1502105742692947,0.011978514492511708,0.0555589497089386,0.6484420299530029,0.1904660165309906,0.2142857015132904,0.3898739516735077,0.0,0.0,0.1904660165309906,0.0,0.0
normal,18.037706435420947,17.598398208618164,18.44463539123535,0.011978514492511708,-0.009822379797697102,0.1502105742692947,0.011978514492511708,0.0555589497089386,0.4920499324798584,0.1269875168800354,0.2103182971477508,0.2976165115833282,0.0,0.0,0.1269875168800354,0.0,0.0
normal,18.003332246144613,17.598398208618164,18.44463539123535,0.011978514492511708,-0.009822379797697102,0.1502105742692947,0.011978514492511708,0.0079348087310791,0.4642780721187591,0.1031678318977356,0.2103182971477508,0.2142857015132904,0.0,0.0,0.1031678318977356,0.0,0.0
normal,17.963624521891276,17.598398208618164,18.30236053466797,0.011978514492511708,-0.0136555060744286,0.1502105742692947,0.0136555060744286,0.0079348087310791,0.2976165115833282,0.0555589497089386,0.15277564525604245,0.2103182971477508,0.0,0.0,0.0555589497089386,0.0,0.0
normal,17.937299512227376,17.598398208618164,18.1633358001709,0.011978514492511708,-0.0136555060744286,0.1449400335550308,0.0136555060744286,0.0,0.2698293924331665,0.0119022130966186,0.1269875168800354,0.2103182971477508,0.0,0.0,0.0119022130966186,0.0,0.0
normal,17.924561812082928,17.579511642456055,18.1633358001709,0.011978514492511708,-0.0136555060744286,0.1449400335550308,0.0136555060744286,0.0,0.2142857015132904,0.0079348087310791,0.0555589497089386,0.1904660165309906,0.0,0.0,0.0079348087310791,0.0,0.0
normal,17.909317429860433,17.349199295043945,18.1633358001709,0.011978514492511708,-0.0136555060744286,0.1343989372253418,0.0136555060744286,0.0,0.2103182971477508,0.0,0.0555589497089386,0.1269875168800354,0.0,0.0,0.0,0.0,0.0
normal,17.873279647700205,17.259021759033203,18.1633358001709,0.011978514492511708,-0.0136555060744286,0.1343989372253418,0.0136555060744286,0.0,0.329355776309967,0.0,0.0119022130966186,0.1269875168800354,0.0,0.0,0.0,0.0,0.0
normal,17.856975357998195,17.259021759033203,18.1633358001709,0.011978514492511708,-0.0136555060744286,0.1343989372253418,0.0136555060744286,0.0,0.329355776309967,0.0,0.0119022130966186,0.1269875168800354,0.0,0.0,0.0,0.0,0.0
normal,17.876337830225626,17.259021759033203,18.444515228271484,0.011978514492511708,-0.0136555060744286,0.1343989372253418,0.0136555060744286,0.0,0.329355776309967,0.0,0.0119022130966186,0.1269875168800354,0.0,0.0,0.0,0.0,0.0
normal,17.91322501818339,17.259021759033203,18.53165626525879,0.0095828119665385,-0.0136555060744286,0.0924741327762603,0.0136555060744286,0.0,0.329355776309967,0.0,0.0079348087310791,0.1835230588912964,0.0,0.0,0.0,0.0,0.0
normal,17.9601961517334,17.259021759033203,18.78080177307129,0.0095828119665385,-0.0136555060744286,0.0924741327762603,0.0136555060744286,0.0,0.329355776309967,0.0,0.0079348087310791,0.230155348777771,0.0,0.0,0.0,0.0,0.0
normal,18.046309185028075,17.259021759033203,19.112382888793945,0.009343242272734698,-0.0136555060744286,0.0924741327762603,0.0136555060744286,0.0,0.329355776309967,0.0,0.0079348087310791,0.2341227531433105,0.0,0.0,0.0,0.0,0.0
normal,18.168289473851523,17.259021759033203,19.365253448486328,0.0062288269400597035,-0.0055101178586483,0.0529450364410877,0.0062288269400597035,0.0,0.329355776309967,0.0,0.1349223256111145,0.23908200860023499,0.0,0.0,0.0,0.0,0.0
normal,18.327530762354534,17.259021759033203,19.52065658569336,0.007187109440565102,-0.0055101178586483,0.0244361702352762,0.007187109440565102,0.0,0.329355776309967,0.0,0.1507919430732727,0.2420575618743896,0.0,0.0,0.0,0.0,0.0
normal,18.507125221888224,17.259021759033203,19.52065658569336,0.007187109440565102,-0.0055101178586483,0.0244361702352762,0.007187109440565102,0.0,0.329355776309967,0.0,0.1507919430732727,0.2420575618743896,0.0,0.0,0.0,0.0,0.0
normal,18.70673802057902,17.259021759033203,19.52065658569336,0.007187109440565102,-0.005749683827161796,0.0244361702352762,0.007187109440565102,0.0,0.329355776309967,0.0,0.1507919430732727,0.2420575618743896,0.0,0.0,0.0,0.0,0.0
normal,18.91666071641823,17.468055725097656,19.52065658569336,0.007187109440565102,-0.005749683827161796,0.0244361702352762,0.007187109440565102,0.0,0.329355776309967,0.0,0.1309549212455749,0.2341227531433105,0.0,0.0,0.0,0.0,0.0
normal,19.08124302945002,18.01192855834961,19.52065658569336,0.007187109440565102,-0.006468400359153692,0.0172490607947111,0.007187109440565102,0.0,0.329355776309967,0.0,0.0,0.1984008252620697,0.0,0.0,0.0,0.0,0.0
normal,19.19425390240346,18.450124740600582,19.52065658569336,0.012697234749794006,-0.006468400359153692,0.0172490607947111,0.012697234749794006,0.0,0.2460249662399292,0.0,0.0,0.1507919430732727,0.0,0.0,0.0,0.0,0.0
normal,19.276356210708617,18.516374588012695,19.52065658569336,0.012697234749794006,-0.006468400359153692,0.0172490607947111,0.012697234749794006,0.0,0.2460249662399292,0.0,0.0,0.1468245387077331,0.0,0.0,0.0,0.0,0.0
normal,19.35518754005432,18.787429809570312,19.580385208129883,0.012697234749794006,-0.006468400359153692,0.0172490607947111,0.012697234749794006,0.0,0.3333231806755066,0.0,0.0,0.1468245387077331,0.0,0.0,0.0,0.0,0.0
normal,19.421350768407187,19.116308212280273,19.65882110595703,0.012697234749794006,-0.006468400359153692,0.0172490607947111,0.012697234749794006,0.0,0.3333231806755066,0.0,0.0,0.1279793679714203,0.0,0.0,0.0,0.0,0.0
normal,19.433504374821982,19.217041015625,19.65882110595703,0.012697234749794006,-0.006468400359153692,0.0356959737837314,0.012697234749794006,0.0,0.3333231806755066,0.0,0.0,0.03669852018356318,0.0,0.0,0.0,0.0,0.0
normal,19.41128706892265,19.217041015625,19.65882110595703,0.012697234749794006,-0.006468400359153692,0.0356959737837314,0.012697234749794006,0.0,0.3333231806755066,0.0,0.0,0.1468245387077331,0.0,0.0,0.0,0.0,0.0
normal,19.37836971282959,19.120027542114254,19.65882110595703,0.012697234749794006,-0.006468400359153692,0.0356959737837314,0.012697234749794006,0.0,0.4999847412109375,0.0,0.0,0.17955565452575678,0.0,0.0,0.0,0.0,0.0
normal,19.377722635269166,19.120027542114254,19.65882110595703,0.012697234749794006,-0.006468400359153692,0.0356959737837314,0.012697234749794006,0.0,0.5039063692092896,0.0,0.0337229669094085,0.2787560522556305,0.0,0.0,0.0,0.0,0.0
normal,19.417620285973573,19.120027542114254,19.978601455688477,0.012697234749794006,-0.006468400359153692,0.0356959737837314,0.012697234749794006,0.0,0.5039063692092896,0.0,0.1507919430732727,0.3333231806755066,0.0,0.0,0.0,0.0,0.0
normal,19.48796796162923,19.120027542114254,20.204681396484375,0.012697234749794006,-0.0047914058086461,0.0356959737837314,0.012697234749794006,0.0,0.5039063692092896,0.0,0.2222205400466919,0.3729972243309021,0.0,0.0,0.0,0.0,0.0
normal,19.578290672746554,19.120027542114254,20.304237365722656,0.0057496866211295,-0.006228826940059599,0.0356959737837314,0.006228826940059599,0.0,0.5039063692092896,0.1269875168800354,0.2936490774154663,0.3729972243309021,0.0,0.0,0.1269875168800354,0.0,0.0
normal,19.673072719573973,19.120027542114254,20.304237365722656,0.006228828802704901,-0.0100619528675451,0.0356959737837314,0.0100619528675451,0.0,0.5039063692092896,0.1815393567085266,0.2936490774154663,0.3729972243309021,0.0,0.0,0.1815393567085266,0.0,0.0
normal,19.75109629313151,19.120027542114254,20.304237365722656,0.006228828802704901,-0.0100619528675451,0.0356959737837314,0.0100619528675451,0.0,0.5039063692092896,0.177571952342987,0.2539597749710083,0.3729972243309021,0.0,0.0,0.177571952342987,0.0,0.0
normal,19.79426467259725,19.120027542114254,20.304237365722656,0.006228828802704901,-0.0100619528675451,0.0356959737837314,0.0100619528675451,0.0,0.5039063692092896,0.1785638034343719,0.2261879444122314,0.3729972243309021,0.0,0.0,0.1785638034343719,0.0,0.0
normal,19.85012270291646,19.120027542114254,20.304237365722656,0.008864104747772203,-0.0136555074714125,0.116910308599472,0.0136555074714125,0.1230048537254333,0.5039063692092896,0.1626941859722137,0.2261879444122314,0.3729972243309021,0.0,0.0,0.1626941859722137,0.0,0.0
normal,19.891601638667,19.120027542114254,20.304237365722656,0.008864104747772203,-0.0136555074714125,0.116910308599472,0.0136555074714125,0.051591545343399,0.5039063692092896,0.1507919430732727,0.2142857015132904,0.3729972243309021,0.0,0.0,0.1507919430732727,0.0,0.0
normal,19.910195665359495,19.131969451904297,20.304237365722656,0.008864104747772203,-0.0136555074714125,0.116910308599472,0.0136555074714125,0.0,0.5039063692092896,0.138889729976654,0.186498612165451,0.3729972243309021,0.0,0.0,0.138889729976654,0.0,0.0
normal,19.858715159268133,18.71830368041992,20.304237365722656,0.008864104747772203,-0.0136555074714125,0.116910308599472,0.0136555074714125,0.0,0.4603106677532196,0.09920042753219604,0.1825312077999115,0.3253883421421051,0.0,0.0,0.09920042753219604,0.0,0.0
normal,19.71512409210205,17.907529830932617,20.304237365722656,0.0098223818931728,-0.0136555074714125,0.116910308599472,0.0136555074714125,0.0,0.3928495049476623,0.0,0.1507919430732727,0.2222205400466919,0.0,0.1261879503726959,0.0,0.0,0.0
normal,19.442472966512046,17.05476951599121,20.304237365722656,0.0098223818931728,-0.016290783882141113,0.116910308599472,0.016290783882141113,0.0,0.3333231806755066,0.0,0.1230048537254333,0.1825312077999115,0.0,0.1261879503726959,0.0,0.0,0.0
normal,19.094556372960408,16.539045333862305,20.29851722717285,0.0098223818931728,-0.016290783882141113,0.116910308599472,0.016290783882141113,0.0,0.2261879444122314,0.0,0.049607843160629245,0.1587267816066742,0.0,0.1261879503726959,0.0,0.0,0.0
normal,18.695129737854003,16.059619903564453,20.240856170654297,0.0098223818931728,-0.016290783882141113,0.116910308599472,0.016290783882141113,0.0,0.186498612165451,0.0,0.0,0.138889729976654,0.0,0.1261879503726959,0.0,0.0,0.0
normal,18.267514392534892,15.744329452514648,20.118314743041992,0.015811622142791804,-0.016290783882141113,0.116910308599472,0.016290783882141113,0.0,0.1825312077999115,0.0,0.0,0.08928189426660538,0.0,0.1261879503726959,0.0,0.0,0.0
normal,17.8148592135345,15.25409984588623,19.99206924438477,0.015811622142791804,-0.016290783882141113,0.116910308599472,0.016290783882141113,0.0,0.1507919430732727,0.0,0.0,0.0634937584400177,0.0,0.1261879503726959,0.0,0.0,0.0
normal,17.312706259091694,14.429953575134276,19.80547332763672,0.015811622142791804,-0.016290783882141113,0.0325815603137016,0.016290783882141113,0.0,0.1230048537254333,0.0,0.0,0.0,0.0,0.1976165175437927,0.0,0.0,0.0
normal,16.664591431020696,12.01509952545166,19.535551071166992,0.015811622142791804,-0.016290783882141113,0.0325815603137016,0.016290783882141113,0.0,0.087298184633255,0.0,0.0,0.0,0.0,0.2928495109081268,0.0,0.0,0.0
normal,15.884728258450826,11.439559936523438,19.124927520751953,0.030665010213851873,-0.016290783882141113,0.4266746938228607,0.030665010213851873,0.0,0.1706289947032928,0.0,0.0,0.0,0.0,0.2928495109081268,0.0,0.0,0.0
normal,15.141029756200096,11.415303230285645,18.711322784423828,0.030665010213851873,-0.05222630500793457,0.4266746938228607,0.05222630500793457,0.0,0.2063356339931488,0.0,0.0,0.0,0.0,0.2928495109081268,0.0,0.0,0.0
normal,14.444496312141418,11.415303230285645,17.88309669494629,0.030665010213851873,-0.05222630500793457,0.4266746938228607,0.05222630500793457,0.0,0.416653960943222,0.0,0.0,0.087298184633255,0.0,0.2928495109081268,0.0,0.0,0.0
normal,13.902791120373148,11.415303230285645,17.046117782592773,0.03473764657974254,-0.05222630500793457,0.4266746938228607,0.05222630500793457,0.0,0.4364909827709198,0.0,0.0,0.19244971871376035,0.0,0.2928495109081268,0.0,0.0,0.0
normal,13.480524393717447,11.415303230285645,16.530508041381836,0.03473764657974254,-0.05222630500793457,0.4266746938228607,0.05222630500793457,0.0,0.6171910762786865,0.0,0.0753959715366363,0.3055513203144073,0.0,0.2928495109081268,0.0,0.0,0.0
normal,13.205441012382508,11.415303230285645,16.054235458374023,0.03473764657974254,-0.05222630500793457,0.4266746938228607,0.05222630500793457,0.0,0.6171910762786865,0.0,0.1706289947032928,0.4126865267753601,0.0,0.2928495109081268,0.0,0.0,0.0
normal,13.059732780456542,11.415303230285645,15.735967636108398,0.03473764657974254,-0.05222630500793457,0.4266746938228607,0.05222630500793457,0.0,0.6679738759994507,0.0,0.2063356339931488,0.5673848688602448,0.0,0.2928495109081268,0.0,0.0,0.0
normal,13.04890006790542,11.415303230285645,15.740161895751951,0.03473764657974254,-0.05222630500793457,0.4266746938228607,0.05222630500793457,0.0,0.7070375680923462,0.0,0.3928495049476623,0.5703146457672119,0.0,0.2928495109081268,0.0,0.0,0.0
normal,13.167505489985148,11.415303230285645,16.546327590942383,0.03473764657974254,-0.05222630500793457,0.4266746938228607,0.05222630500793457,0.0,0.7070375680923462,0.1944334208965301,0.44442579150199885,0.6093783378601074,0.0,0.2928495109081268,0.1944334208965301,0.0,0.0
normal,13.53067252000173,11.415303230285645,17.048336029052734,0.03473764657974254,-0.05222630500793457,0.4494338929653168,0.05222630500793457,0.0,0.7070375680923462,0.3035676181316375,0.5546891689300537,0.6171910762786865,0.0,0.1301553547382354,0.3035676181316375,0.0,0.0
normal,14.096940781275432,11.415303230285645,17.275503158569336,0.03473764657974254,-0.05222630500793457,0.6585787534713745,0.05222630500793457,0.1706289947032928,0.7070375680923462,0.4126865267753601,0.5546891689300537,0.6171910762786865,0.0,0.0,0.4126865267753601,0.0,0.0
normal,14.684699929555258,11.420021057128906,17.316965103149414,0.03473764657974254,-0.019884333014488303,0.6585787534713745,0.03473764657974254,0.2063356339931488,0.7070375680923462,0.4206213653087616,0.5546891689300537,0.6171910762786865,0.0,0.0,0.4206213653087616,0.0,0.0
normal,15.264053122202556,11.676772117614746,17.316965103149414,0.03473764657974254,-0.019884333014488303,0.6585787534713745,0.03473764657974254,0.2976165115833282,0.7070375680923462,0.4206213653087616,0.5546891689300537,0.6171910762786865,0.0,0.0,0.4206213653087616,0.0,0.0
normal,15.792170781660793,12.168922424316406,17.316965103149414,0.0333002710249274,-0.019884333014488303,0.6585787534713745,0.0333002710249274,0.2976165115833282,0.7070375680923462,0.3928495049476623,0.5546891689300537,0.6171910762786865,0.0,0.0,0.3928495049476623,0.0,0.0
normal,16.261571695009867,13.083768844604492,17.316965103149414,0.016051203012466486,-0.019884333014488303,0.6585787534713745,0.019884333014488303,0.2856990098953247,0.7070375680923462,0.2976165115833282,0.452360600233078,0.5722678303718567,0.0,0.0,0.2976165115833282,0.0,0.0
normal,16.625742444992067,13.997597694396973,17.316965103149414,0.016051203012466486,-0.019884333014488303,0.6585787534713745,0.019884333014488303,0.2856990098953247,0.7070375680923462,0.2976165115833282,0.4444257915019989,0.5722678303718567,0.0,0.0,0.2976165115833282,0.0,0.0
normal,16.891911226908366,14.947818756103516,17.316965103149414,0.016051203012466486,-0.019884333014488303,0.6585787534713745,0.019884333014488303,0.2856990098953247,0.7070375680923462,0.2856990098953247,0.3115024268627167,0.4851069748401642,0.0,0.0,0.2856990098953247,0.0,0.0
normal,17.06177413304647,15.753558158874512,17.316965103149414,0.016051203012466486,-0.015332490205764826,0.6585787534713745,0.016051203012466486,0.2579271793365478,0.7070375680923462,0.2856990098953247,0.2976165115833282,0.452360600233078,0.0,0.0,0.2856990098953247,0.0,0.0
normal,17.138813619613646,16.559804916381836,17.316965103149414,0.01102021336555481,-0.015332490205764826,0.6585787534713745,0.015332490205764826,0.2539597749710083,0.7070375680923462,0.2856990098953247,0.2976165115833282,0.3928495049476623,0.0,0.0,0.2856990098953247,0.0,0.0
normal,17.132389421463014,16.70305061340332,17.316965103149414,0.0110202342038974,-0.021082186838611797,0.6585787534713745,0.021082186838611797,0.2460249662399292,0.452360600233078,0.2698293924331665,0.2856990098953247,0.2976165115833282,0.0,0.0,0.2698293924331665,0.0,0.0
normal,17.073534590403238,16.530092239379883,17.316965103149414,0.0110202342038974,-0.021082186838611797,0.6394131183624268,0.021082186838611797,0.2460249662399292,0.4444257915019989,0.2539597749710083,0.2856990098953247,0.2976165115833282,0.0,0.0,0.2539597749710083,0.0,0.0
normal,16.988837081323283,16.350936889648438,17.312936782836914,0.0110202342038974,-0.021082186838611797,0.5534073710441589,0.021082186838611797,0.230155348777771,0.3095187246799469,0.2539597749710083,0.2856990098953247,0.2856990098953247,0.0,0.0,0.2539597749710083,0.0,0.0
normal,16.88130204518636,16.118711471557617,17.28219223022461,0.0110202342038974,-0.021082186838611797,0.5404706001281738,0.021082186838611797,0.2222205400466919,0.2976165115833282,0.2460249662399292,0.2579271793365478,0.2856990098953247,0.0,0.0,0.2460249662399292,0.0,0.0
normal,16.754607887268065,15.88719654083252,17.253353118896484,0.0110202342038974,-0.021082186838611797,0.5404706001281738,0.021082186838611797,0.2222205400466919,0.2976165115833282,0.2460249662399292,0.2539597749710083,0.2856990098953247,0.0,0.0,0.2460249662399292,0.0,0.0
normal,16.60837521870931,15.655787467956545,17.203060150146484,0.0110202342038974,-0.021082186838611797,0.5404706001281738,0.021082186838611797,0.2222205400466919,0.2856990098953247,0.2222205400466919,0.2460249662399292,0.2698293924331665,0.0,0.0,0.2222205400466919,0.0,0.0
normal,16.444819820721943,15.424449920654297,17.143396377563477,0.0110202342038974,-0.021082186838611797,0.5404706001281738,0.021082186838611797,0.2222205400466919,0.2856990098953247,0.2222205400466919,0.2460249662399292,0.2539597749710083,0.0,0.0,0.2222205400466919,0.0,0.0
normal,16.264112284978232,15.192489624023438,17.083345413208008,0.0110202342038974,-0.021082186838611797,0.5404706001281738,0.021082186838611797,0.2182531058788299,0.2856990098953247,0.2222205400466919,0.2281716465950012,0.2539597749710083,0.0,0.0,0.2222205400466919,0.0,0.0
normal,16.06855325746616,14.955297470092772,16.990856170654297,0.0110202342038974,-0.021082186838611797,0.4621311128139496,0.021082186838611797,0.2182531058788299,0.2579271793365478,0.2222205400466919,0.2222205400466919,0.2460249662399292,0.0,0.0,0.2222205400466919,0.0,0.0
normal,15.857206327120464,14.693984985351562,16.846418380737305,0.0110202342038974,-0.021082186838611797,0.3787606358528137,0.021082186838611797,0.2023682296276092,0.2539597749710083,0.2222205400466919,0.2222205400466919,0.2460249662399292,0.0,0.0,0.2222205400466919,0.0,0.0
normal,15.639783067703247,14.460497856140137,16.70021629333496,0.012457655277103201,-0.012457653880119404,0.0689962431788444,0.012457655277103201,0.2023682296276092,0.2460249662399292,0.2182531058788299,0.2222205400466919,0.22717979550361628,0.0,0.0,0.2182531058788299,0.0,0.0
normal,15.410646405220032,14.265405654907228,16.52725601196289,0.012457655277103201,-0.012457653880119404,0.0689962431788444,0.012457655277103201,0.2023682296276092,0.2460249662399292,0.2182531058788299,0.2222205400466919,0.22717979550361628,0.0,0.0,0.2182531058788299,0.0,0.0
normal,15.184074006739154,14.034221649169922,16.347415924072266,0.012457655277103201,-0.012457653880119404,0.0689962431788444,0.012457655277103201,0.2023682296276092,0.2380901575088501,0.2182531058788299,0.2222205400466919,0.2222205400466919,0.0,0.0,0.2182531058788299,0.0,0.0
normal,14.948520027796427,13.756129264831545,16.114852905273438,0.012457655277103201,-0.0114993741735815,0.0670796856284141,0.012457655277103201,0.1706289947032928,0.2380901575088501,0.2142857015132904,0.2222205400466919,0.2222205400466919,0.0,0.0,0.2142857015132904,0.0,0.0
normal,14.705582575798035,13.397433280944824,15.883338928222656,0.012457655277103201,-0.0114993741735815,0.0651631206274032,0.012457655277103201,0.1626941859722137,0.2460249662399292,0.2063356339931488,0.2182531058788299,0.2222205400466919,0.0,0.0,0.2063356339931488,0.0,0.0
normal,14.45280258178711,13.1034574508667,15.651931762695312,0.012457655277103201,-0.0114993741735815,0.0527054667472839,0.012457655277103201,0.1626941859722137,0.317453533411026,0.2023682296276092,0.2182531058788299,0.2222205400466919,0.0,0.0,0.2023682296276092,0.0,0.0
normal,14.194244817097982,12.812031745910645,15.420595169067385,0.012457655277103201,-0.0114993741735815,0.0527054667472839,0.012457655277103201,0.1626941859722137,0.317453533411026,0.1984008252620697,0.2103182971477508,0.2222205400466919,0.0,0.0,0.1984008252620697,0.0,0.0
normal,13.944510045051574,12.759130477905272,15.188468933105469,0.012457655277103201,-0.0114993741735815,0.0527054667472839,0.012457655277103201,0.1626941859722137,0.6523483991622925,0.1984008252620697,0.2103182971477508,0.2380901575088501,0.0,0.0,0.1984008252620697,0.0,0.0
normal,13.799783631960551,12.759130477905272,14.95127773284912,0.012457655277103201,-0.0114993741735815,0.0527054667472839,0.012457655277103201,0.1626941859722137,0.9101535081863404,0.1984008252620697,0.2103182971477508,0.2380901575088501,0.0,0.0,0.1984008252620697,0.0,0.0
normal,13.803640567461649,12.759130477905272,15.254416465759276,0.012457655277103201,-0.0114993741735815,0.0527054667472839,0.012457655277103201,0.1626941859722137,0.9101535081863404,0.1984008252620697,0.230155348777771,0.33530688285827637,0.0,0.0,0.1984008252620697,0.0,0.0
normal,13.877512672742208,12.759130477905272,15.336666107177734,0.0083849604707211,-0.0098223816603422,0.0527054667472839,0.0098223816603422,0.1626941859722137,0.9101535081863404,0.1984008252620697,0.2380901575088501,0.5078127384185791,0.0,0.0,0.1984008252620697,0.0,0.0
normal,13.956481630007426,12.759130477905272,15.336666107177734,0.0083849604707211,-0.0098223816603422,0.0527054667472839,0.0098223816603422,0.1468245387077331,0.9101535081863404,0.1904660165309906,0.2103182971477508,0.5078127384185791,0.0,0.0,0.1904660165309906,0.0,0.0
normal,14.040932209543474,12.759130477905272,15.336666107177734,0.0083849604707211,-0.0098223816603422,0.0527054667472839,0.0098223816603422,0.1468245387077331,0.9101535081863404,0.1904660165309906,0.2579271793365478,0.5664082765579224,0.0,0.0,0.1904660165309906,0.0,0.0
normal,14.206435535748799,12.759130477905272,15.864429473876951,0.0083849604707211,-0.0098223816603422,0.0527054667472839,0.0098223816603422,0.1468245387077331,0.9101535081863404,0.1904660165309906,0.3372905850410461,0.7304757833480835,0.0,0.0,0.1904660165309906,0.0,0.0
normal,14.45941082318624,12.759130477905272,16.30596923828125,0.009103670716285706,-0.0098223816603422,0.1499710083007812,0.0098223816603422,0.1468245387077331,0.9101535081863404,0.2023682296276092,0.4841151237487793,0.7304757833480835,0.0,0.0,0.2023682296276092,0.0,0.0
normal,14.784373148282368,12.759130477905272,16.660846710205078,0.0189260542392731,-0.014134645462036105,0.193333238363266,0.0189260542392731,0.1468245387077331,0.9101535081863404,0.308526873588562,0.4841151237487793,0.7304757833480835,0.0,0.0,0.308526873588562,0.0,0.0
normal,15.171384849548339,12.759130477905272,16.978044509887695,0.0189260542392731,-0.014134645462036105,0.193333238363266,0.0189260542392731,0.1468245387077331,0.9101535081863404,0.416653960943222,0.4841151237487793,0.7304757833480835,0.0,0.0,0.416653960943222,0.0,0.0
normal,15.603906656901042,12.995861053466797,17.281803131103516,0.0189260542392731,-0.014134645462036105,0.193333238363266,0.0189260542392731,0.1468245387077331,0.9101535081863404,0.416653960943222,0.4682455062866211,0.7304757833480835,0.0,0.0,0.416653960943222,0.0,0.0
normal,15.982330231817311,14.26400375366211,17.55681610107422,0.0189260542392731,-0.014134645462036105,0.193333238363266,0.0189260542392731,0.1468245387077331,0.886715292930603,0.3968169093132019,0.4325235784053802,0.578127384185791,0.0,0.0,0.3968169093132019,0.0,0.0
normal,16.26677474180857,14.940958976745604,17.82030487060547,0.0189260542392731,-0.014134645462036105,0.193333238363266,0.0189260542392731,0.1468245387077331,0.7538987398147583,0.3888821005821228,0.416653960943222,0.5039063692092896,0.0,0.0,0.3888821005821228,0.0,0.0
normal,16.52825212399297,14.940958976745604,18.07503890991211,0.0189260542392731,-0.014134645462036105,0.193333238363266,0.0189260542392731,0.1468245387077331,0.7538987398147583,0.3888821005821228,0.416653960943222,0.4722129106521606,0.0,0.0,0.3888821005821228,0.0,0.0
normal,16.833206032117207,14.940958976745604,18.22688102722168,0.0189260542392731,-0.014134645462036105,0.193333238363266,0.0189260542392731,0.2936490774154663,0.7538987398147583,0.3888821005821228,0.416653960943222,0.4722129106521606,0.0,0.0,0.3888821005821228,0.0,0.0
normal,17.152645534762925,15.21388816833496,18.25505828857422,0.0189260542392731,-0.014134645462036105,0.193333238363266,0.0189260542392731,0.2341227531433105,0.7538987398147583,0.3849146962165832,0.404751718044281,0.4325235784053802,0.0,0.0,0.3849146962165832,0.0,0.0
normal,17.42759709040324,15.875598907470703,18.25505828857422,0.0189260542392731,-0.014134645462036105,0.193333238363266,0.0189260542392731,0.2261879444122314,0.6953184604644775,0.3095187246799469,0.3888821005821228,0.4206213653087616,0.0,0.0,0.3095187246799469,0.0,0.0
normal,17.640321407318115,16.312633514404297,18.25505828857422,0.0189260542392731,-0.014134645462036105,0.193333238363266,0.0189260542392731,0.2182531058788299,0.4999847412109375,0.2539597749710083,0.3849146962165832,0.4087191224098205,0.0,0.0,0.2539597749710083,0.0,0.0
normal,17.809947640101115,16.666162490844727,18.25505828857422,0.0138950794935227,-0.012697219848632785,0.1238578483462333,0.0138950794935227,0.1984008252620697,0.4206213653087616,0.230155348777771,0.3769798874855041,0.3928495049476623,0.0,0.0,0.230155348777771,0.0,0.0
normal,17.939562891480918,16.983245849609375,18.25505828857422,0.0138950794935227,-0.012697219848632785,0.1238578483462333,0.0138950794935227,0.1825312077999115,0.416653960943222,0.2202368229627609,0.2936490774154663,0.3888821005821228,0.0,0.0,0.2202368229627609,0.0,0.0
normal,18.029426708221436,17.286663055419922,18.25505828857422,0.0138950794935227,-0.012697219848632785,0.1238578483462333,0.0138950794935227,0.1825312077999115,0.404751718044281,0.2023682296276092,0.2341227531433105,0.3849146962165832,0.0,0.0,0.2023682296276092,0.0,0.0
normal,18.075747219721475,17.561216354370117,18.25505828857422,0.0138950794935227,-0.012697219848632785,0.1200247183442115,0.0138950794935227,0.1825312077999115,0.3888821005821228,0.2023682296276092,0.2261879444122314,0.3095187246799469,0.0,0.0,0.2023682296276092,0.0,0.0
normal,18.081682249704997,17.688777923583984,18.25505828857422,0.0138950794935227,-0.012697219848632785,0.1200247183442115,0.0138950794935227,0.1825312077999115,0.3849146962165832,0.2023682296276092,0.2261879444122314,0.2539597749710083,0.0,0.0,0.2023682296276092,0.0,0.0
normal,18.049147109985352,17.56390953063965,18.25505828857422,0.0138950794935227,-0.012697219848632785,0.1200247183442115,0.0138950794935227,0.1825312077999115,0.3769798874855041,0.2023682296276092,0.2261879444122314,0.230155348777771,0.0,0.0,0.2023682296276092,0.0,0.0
normal,17.98275050163269,17.439207077026367,18.25505828857422,0.0138950794935227,-0.012697219848632785,0.1200247183442115,0.0138950794935227,0.1825312077999115,0.2856990098953247,0.2023682296276092,0.2261879444122314,0.2261879444122314,0.0,0.0,0.2023682296276092,0.0,0.0
normal,17.89661510321055,17.31667137145996,18.254730224609375,0.012218080461025294,-0.012697219848632785,0.0761833563446998,0.012697219848632785,0.1825312077999115,0.2341227531433105,0.2023682296276092,0.2261879444122314,0.2261879444122314,0.0,0.0,0.2023682296276092,0.0,0.0
normal,17.795893026987713,17.18997573852539,18.241762161254883,0.012218080461025294,-0.012697219848632785,0.0404873788356781,0.012697219848632785,0.1825312077999115,0.2261879444122314,0.2023682296276092,0.2261879444122314,0.2261879444122314,0.0,0.0,0.2023682296276092,0.0,0.0
normal,17.685689233144124,17.06529426574707,18.21228408813477,0.012218080461025294,-0.012697219848632785,0.0447996445000171,0.012697219848632785,0.1825312077999115,0.2261879444122314,0.2023682296276092,0.2261879444122314,0.2261879444122314,0.0,0.0,0.2023682296276092,0.0,0.0
normal,17.57139972056292,17.027050018310547,18.15590476989746,0.0107806622982025,-0.007905818521976402,0.0447996445000171,0.0107806622982025,0.1825312077999115,0.4325235784053802,0.2202368229627609,0.2261879444122314,0.2261879444122314,0.0,0.0,0.2202368229627609,0.0,0.0
normal,17.473515062332154,17.027050018310547,18.082427978515625,0.0107806622982025,-0.009103670716285699,0.0447996445000171,0.0107806622982025,0.1825312077999115,0.4642780721187591,0.2261879444122314,0.2261879444122314,0.2261879444122314,0.0,0.0,0.2261879444122314,0.0,0.0
normal,17.401823444366457,17.027050018310547,17.967857360839844,0.0093432404100895,-0.011978507041931097,0.0447996445000171,0.011978507041931097,0.2023682296276092,0.4642780721187591,0.2261879444122314,0.2261879444122314,0.2866908609867096,0.0,0.0,0.2261879444122314,0.0,0.0
normal,17.35902385075887,17.027050018310547,17.811851501464844,0.009343244135379805,-0.011978507041931097,0.0447996445000171,0.011978507041931097,0.2261879444122314,0.4642780721187591,0.2261879444122314,0.2261879444122314,0.4007843136787414,0.0,0.0,0.2261879444122314,0.0,0.0
normal,17.338767267862956,17.027050018310547,17.686695098876953,0.017488628625869695,-0.011978507041931097,0.0447996445000171,0.017488628625869695,0.2261879444122314,0.4642780721187591,0.2261879444122314,0.2261879444122314,0.4007843136787414,0.0,0.0,0.2261879444122314,0.0,0.0
normal,17.340144735972085,17.027050018310547,17.70781898498535,0.017488628625869695,-0.011978507041931097,0.0447996445000171,0.017488628625869695,0.2261879444122314,0.4999847412109375,0.2261879444122314,0.4007843136787414,0.416653960943222,0.0,0.0,0.2261879444122314,0.0,0.0
normal,17.380099897384643,17.027050018310547,18.096511840820312,0.017488628625869695,-0.011978507041931097,0.0447996445000171,0.017488628625869695,0.2261879444122314,0.6015655994415283,0.2261879444122314,0.4007843136787414,0.452360600233078,0.0,0.0,0.2261879444122314,0.0,0.0
normal,17.467521162874093,17.027050018310547,18.40162467956543,0.017488628625869695,-0.011978507041931097,0.0447996445000171,0.017488628625869695,0.2261879444122314,0.6015655994415283,0.2856990098953247,0.4007843136787414,0.4642780721187591,0.0,0.0,0.2856990098953247,0.0,0.0
normal,17.596881472269693,17.027050018310547,18.65622901916504,0.017488628625869695,-0.011978507041931097,0.0447996445000171,0.017488628625869695,0.2261879444122314,0.6015655994415283,0.4007843136787414,0.4325235784053802,0.5048829615116119,0.0,0.0,0.4007843136787414,0.0,0.0
normal,17.759908189773558,17.027050018310547,18.854244232177734,0.017488628625869695,-0.011978507041931097,0.0447996445000171,0.017488628625869695,0.2261879444122314,0.6015655994415283,0.4007843136787414,0.4642780721187591,0.5048829615116119,0.0,0.0,0.4007843136787414,0.0,0.0
normal,17.948464492162067,17.045513153076172,19.049165725708008,0.017488628625869695,-0.011978507041931097,-0.016051210463047,0.017488628625869695,0.4007843136787414,0.6015655994415283,0.4116946756839752,0.4642780721187591,0.5048829615116119,0.0,0.0,0.4116946756839752,0.0,0.0
normal,18.151907509852965,17.231937408447266,19.250886917114254,0.017488628625869695,-0.011978507041931097,0.0014374217716977,0.017488628625869695,0.4007843136787414,0.6015655994415283,0.4126865267753601,0.4642780721187591,0.5039063692092896,0.0,0.0,0.4126865267753601,0.0,0.0
normal,18.355800037384032,17.410552978515625,19.44925117492676,0.017488628625869695,-0.009822383522987393,0.0512680448591709,0.017488628625869695,0.4007843136787414,0.6015655994415283,0.4116946756839752,0.4642780721187591,0.5048829615116119,0.0,0.0,0.4116946756839752,0.0,0.0
normal,18.564026947021485,17.50456428527832,19.626371383666992,0.017488628625869695,-0.009582810103893308,0.0515076145529747,0.017488628625869695,0.4007843136787414,0.6015655994415283,0.452360600233078,0.4642780721187591,0.5048829615116119,0.0,0.0,0.452360600233078,0.0,0.0
normal,18.78056087811788,17.592321395874023,19.796688079833984,0.0093432404100895,-0.009582811966538398,0.1025360897183418,0.009582811966538398,0.4007843136787414,0.6015655994415283,0.452360600233078,0.4642780721187591,0.5048829615116119,0.0,0.0,0.452360600233078,0.0,0.0
normal,19.004633169174195,17.712142944335938,19.960132598876953,0.007666248828172698,-0.009582811966538398,0.1025360897183418,0.009582811966538398,0.4444257915019989,0.6015655994415283,0.4483931958675384,0.4642780721187591,0.5048829615116119,0.0,0.0,0.4483931958675384,0.0,0.0
normal,19.21868556658427,18.10163688659668,20.11750602722168,0.007666248828172698,-0.009582811966538398,0.1025360897183418,0.009582811966538398,0.4404583871364593,0.5273445844650269,0.4483931958675384,0.4642780721187591,0.4642780721187591,0.0,0.0,0.4483931958675384,0.0,0.0
normal,19.41311722437541,18.40652847290039,20.273744583129883,0.007666248828172698,-0.009582811966538398,0.1025360897183418,0.009582811966538398,0.4404583871364593,0.5195318460464478,0.4444257915019989,0.4603106677532196,0.4642780721187591,0.0,0.0,0.4444257915019989,0.0,0.0
normal,19.59419991493225,18.659526824951172,20.42990493774414,0.007666248828172698,-0.009582811966538398,0.1025360897183418,0.009582811966538398,0.4404583871364593,0.4642780721187591,0.4404583871364593,0.4483931958675384,0.4642780721187591,0.0,0.0,0.4404583871364593,0.0,0.0
normal,19.769249006907145,18.857545852661133,20.584970474243164,0.007666248828172698,-0.009582811966538398,0.111879326403141,0.009582811966538398,0.3888821005821228,0.4642780721187591,0.4404583871364593,0.4444257915019989,0.4642780721187591,0.0,0.0,0.4404583871364593,0.0,0.0
normal,19.944119521663115,19.052471160888672,20.868053436279297,0.007666248828172698,-0.009582811966538398,0.111879326403141,0.009582811966538398,0.3372905850410461,0.4642780721187591,0.4404583871364593,0.4444257915019989,0.4483931958675384,0.0,0.0,0.4404583871364593,0.0,0.0
normal,20.127936391830445,19.254196166992188,21.04994010925293,0.007666248828172698,-0.009582811966538398,0.111879326403141,0.009582811966538398,0.2222205400466919,0.4642780721187591,0.395825058221817,0.4404583871364593,0.4483931958675384,0.0,0.0,0.395825058221817,0.0,0.0
normal,20.303111349741616,19.45244407653809,21.15535545349121,0.007666248828172698,-0.009582811966538398,0.111879326403141,0.009582811966538398,0.2222205400466919,0.4603106677532196,0.3888821005821228,0.4404583871364593,0.4444257915019989,0.0,0.0,0.3888821005821228,0.0,0.0
normal,20.469286330540974,19.629215240478516,21.239604949951172,0.006468400359153803,-0.009582811966538398,0.111879326403141,0.009582811966538398,0.1984008252620697,0.4483931958675384,0.2728049457073211,0.4404583871364593,0.4404583871364593,0.0,0.0,0.2728049457073211,0.0,0.0
normal,20.624339745839436,19.79941177368164,21.2814998626709,0.006468400359153803,-0.0091036716476083,0.111879326403141,0.0091036716476083,0.1825312077999115,0.4444257915019989,0.2222205400466919,0.3888821005821228,0.4404583871364593,0.0,0.0,0.2222205400466919,0.0,0.0
normal,20.766176191965737,19.96285629272461,21.314205169677734,0.00790582597255711,-0.009582810103893294,0.1248161271214485,0.009582810103893294,0.1825312077999115,0.4444257915019989,0.2093226313591003,0.33530688285827637,0.4404583871364593,0.0,0.0,0.2093226313591003,0.0,0.0
normal,20.89031982421875,20.12010955810547,21.31710624694824,0.00790582597255711,-0.009582810103893294,0.1248161271214485,0.009582810103893294,0.0674611628055572,0.4404583871364593,0.186498612165451,0.2222205400466919,0.3938413560390472,0.0,0.0,0.186498612165451,0.0,0.0
normal,20.983048057556154,20.276348114013672,21.31710624694824,0.00790582597255711,-0.009582810103893294,0.1248161271214485,0.009582810103893294,0.0674611628055572,0.4404583871364593,0.1825312077999115,0.2222205400466919,0.3888821005821228,0.0,0.0,0.1825312077999115,0.0,0.0
normal,21.043200309766156,20.432506561279297,21.31710624694824,0.008145391941070598,-0.009582810103893294,0.1248161271214485,0.009582810103893294,0.0674611628055572,0.4404583871364593,0.099200427532196,0.1984008252620697,0.2718130946159363,0.0,0.0,0.099200427532196,0.0,0.0
normal,21.07024267514547,20.588367462158203,21.31710624694824,0.008145391941070598,-0.009582810103893294,0.1248161271214485,0.009582810103893294,0.0674611628055572,0.3888821005821228,0.0674611628055572,0.1825312077999115,0.2222205400466919,0.0,0.0,0.0674611628055572,0.0,0.0
normal,21.05950229962667,20.528255462646484,21.31710624694824,0.008145391941070598,-0.009582810103893294,0.1248161271214485,0.009582810103893294,0.0674611628055572,0.3333231806755066,0.0674611628055572,0.1825312077999115,0.20733129978179932,0.0,0.0,0.0674611628055572,0.0,0.0
normal,21.00614319483439,20.36083984375,21.31710624694824,0.008145391941070598,-0.009582810103893294,0.1248161271214485,0.009582810103893294,0.0674611628055572,0.2222205400466919,0.0674611628055572,0.0674611628055572,0.186498612165451,0.0,0.0,0.0674611628055572,0.0,0.0
normal,20.92342042605082,20.19485092163086,21.31710624694824,0.008145391941070598,-0.009582810103893294,0.1248161271214485,0.009582810103893294,0.0674611628055572,0.2222205400466919,0.0674611628055572,0.0674611628055572,0.1825312077999115,0.0,0.0,0.0674611628055572,0.0,0.0
normal,20.816080176173546,20.06048011779785,21.31710624694824,0.008145391941070598,-0.0122180860489607,0.1248161271214485,0.0122180860489607,0.0674611628055572,0.1984008252620697,0.0674611628055572,0.0674611628055572,0.1071352362632751,0.0,0.0,0.0674611628055572,0.0,0.0
normal,20.689205733284926,19.908430099487305,21.31710624694824,0.008145391941070598,-0.0122180860489607,0.1248161271214485,0.0122180860489607,0.0674611628055572,0.1825312077999115,0.0674611628055572,0.0674611628055572,0.1071352362632751,0.0,0.0,0.0674611628055572,0.0,0.0
normal,20.537852008673106,19.66995429992676,21.31710624694824,0.008145391941070598,-0.0122180860489607,0.1219412833452224,0.0122180860489607,0.0674611628055572,0.1825312077999115,0.0674611628055572,0.0674611628055572,0.1071352362632751,0.0,0.0,0.0674611628055572,0.0,0.0
normal,20.36274044672648,19.429115295410156,21.209535598754883,0.008145391941070598,-0.0122180860489607,0.1219412833452224,0.0122180860489607,0.0674611628055572,0.1071352362632751,0.0674611628055572,0.0674611628055572,0.1071352362632751,0.0,0.0,0.0674611628055572,0.0,0.0
normal,20.1828337987264,19.226356506347656,21.036283493041992,0.008145391941070598,-0.0191656202077866,0.1219412833452224,0.0191656202077866,0.0674611628055572,0.1468245387077331,0.0674611628055572,0.0674611628055572,0.1071352362632751,0.0,0.0,0.0674611628055572,0.0,0.0
normal,19.996597337643436,18.898765563964844,20.86739921569824,0.005989257246255798,-0.0191656202077866,0.0498306229710578,0.0191656202077866,0.0674611628055572,0.1547593474388122,0.0674611628055572,0.1071352362632751,0.1071352362632751,0.0,0.0,0.0674611628055572,0.0,0.0
normal,19.791888335545856,18.62120056152344,20.69428253173828,0.014853358268737793,-0.0191656202077866,0.0498306229710578,0.0191656202077866,0.0674611628055572,0.329355776309967,0.0674611628055572,0.1071352362632751,0.138889729976654,0.0,0.0,0.0674611628055572,0.0,0.0
normal,19.57478952407837,18.23470687866211,20.525453567504883,0.014853358268737793,-0.0191656202077866,0.0498306229710578,0.0191656202077866,0.0674611628055572,0.329355776309967,0.0674611628055572,0.1071352362632751,0.1468245387077331,0.0,0.0,0.0674611628055572,0.0,0.0
normal,19.327527046203613,17.726598739624023,20.358062744140625,0.014853358268737793,-0.0191656202077866,0.0498306229710578,0.0191656202077866,0.0674611628055572,0.329355776309967,0.1071352362632751,0.1071352362632751,0.317453533411026,0.0,0.0,0.1071352362632751,0.0,0.0
normal,19.04978728612264,17.279190063476562,20.192094802856445,0.014853358268737793,-0.0191656202077866,0.0498306229710578,0.0191656202077866,0.0674611628055572,0.3412579894065857,0.1071352362632751,0.1468245387077331,0.329355776309967,0.0,0.0,0.1071352362632751,0.0,0.0
normal,18.761116281722032,17.16880989074707,20.058921813964844,0.015811651945114136,-0.0191656202077866,0.0407269522547721,0.0191656202077866,0.1071352362632751,0.8671834468841553,0.1071352362632751,0.1547593474388122,0.329355776309967,0.0,0.0,0.1071352362632751,0.0,0.0
normal,18.50856423020958,17.16880989074707,19.90449333190918,0.015811651945114136,-0.0191656202077866,0.0407269522547721,0.0191656202077866,0.1071352362632751,1.0,0.138889729976654,0.329355776309967,0.329355776309967,0.0,0.0,0.138889729976654,0.0,0.0
normal,18.326558549471585,17.16880989074707,19.665990829467773,0.015811651945114136,-0.0191656202077866,0.0407269522547721,0.0191656202077866,0.1071352362632751,1.0,0.1468245387077331,0.329355776309967,0.6367229223251343,0.0,0.0,0.1468245387077331,0.0,0.0
normal,18.196562754313153,17.16880989074707,19.425180435180664,0.015811651945114136,-0.0191656202077866,-0.0038331248797476,0.0191656202077866,0.1071352362632751,1.0,0.317453533411026,0.329355776309967,0.813470870256424,0.0,0.0,0.317453533411026,0.0,0.0
normal,18.065282939471466,17.16880989074707,19.222415924072266,0.015811651945114136,-0.017488631885498603,0.1952497959136963,0.017488631885498603,0.1468245387077331,1.0,0.329355776309967,0.3412579894065857,0.8144474625587463,0.0,0.0,0.329355776309967,0.0,0.0
normal,17.968182573318483,17.16880989074707,18.89189338684082,0.015811651945114136,-0.017488631885498603,0.1952497959136963,0.017488631885498603,0.1587267816066742,1.0,0.329355776309967,0.4821314215660095,0.8710898160934448,0.0,0.0,0.329355776309967,0.0,0.0
normal,17.950409987767536,17.16880989074707,18.84092903137207,0.015811651945114136,-0.017488631885498603,0.1952497959136963,0.017488631885498603,0.329355776309967,1.0,0.329355776309967,0.7538987398147583,0.9619129002094268,0.0,0.0,0.329355776309967,0.0,0.0
normal,18.01864849726359,17.16880989074707,19.39581871032715,0.015811651945114136,-0.017488631885498603,0.1952497959136963,0.017488631885498603,0.329355776309967,1.0,0.4404583871364593,0.8242133855819702,1.0,0.0,0.0,0.4404583871364593,0.0,0.0
normal,18.186663565532193,17.16880989074707,19.946401596069336,0.015811651945114136,-0.017488631885498603,0.1952497959136963,0.017488631885498603,0.329355776309967,1.0,0.6347697377204895,0.9179662466049194,1.0,0.0,0.0,0.6347697377204895,0.0,0.0
normal,18.461983159383138,17.16880989074707,20.41510009765625,0.015811651945114136,-0.017488631885498603,0.1952497959136963,0.017488631885498603,0.3452253937721252,1.0,0.773430585861206,0.9667958617210388,1.0,0.0,0.0,0.773430585861206,0.0,0.0
normal,18.785938555887824,17.27811050415039,20.525413513183594,0.012697234749793979,-0.017488631885498603,0.1952497959136963,0.017488631885498603,0.4404583871364593,1.0,0.7538987398147583,0.9687490463256836,1.0,0.0,0.0,0.7538987398147583,0.0,0.0
normal,19.089337180455527,17.70366668701172,20.55293083190918,0.012697234749793979,-0.017488631885498603,0.1952497959136963,0.017488631885498603,0.3452253937721252,1.0,0.734382152557373,0.9179662466049194,1.0,0.0,0.0,0.734382152557373,0.0,0.0
normal,19.287320613065027,17.950742721557617,20.55293083190918,0.022519607096910498,-0.017488631885498603,0.1952497959136963,0.022519607096910498,0.3333231806755066,1.0,0.5917996764183044,0.7773369550704956,1.0,0.0,0.0,0.5917996764183044,0.0,0.0
normal,19.38608819961548,17.950742721557617,20.55293083190918,0.022519607096910498,-0.017488631885498603,0.1952497959136963,0.022519607096910498,0.329355776309967,1.0,0.4404583871364593,0.7578051090240479,1.0,0.0,0.0,0.4404583871364593,0.0,0.0
normal,19.435115312776233,17.999406814575195,20.55293083190918,0.022519607096910498,-0.0138950794935227,0.0735480785369873,0.022519607096910498,0.329355776309967,1.0,0.3333231806755066,0.7578051090240479,1.0,0.0,0.0,0.3333231806755066,0.0,0.0
normal,19.41063551266988,17.559282302856445,20.55293083190918,0.022519607096910498,-0.0138950794935227,0.1593142449855804,0.022519607096910498,0.329355776309967,1.0,0.3333231806755066,0.734382152557373,1.0,0.0,0.0,0.3333231806755066,0.0,0.0
normal,19.282636200586953,17.029909133911133,20.55293083190918,0.022519607096910498,-0.0138950794935227,0.2913174927234649,0.022519607096910498,0.329355776309967,1.0,0.329355776309967,0.3452253937721252,0.9775383770465852,0.0,0.0,0.329355776309967,0.0,0.0
normal,19.05076245990938,16.52730369567871,20.55293083190918,0.022519607096910498,-0.0138950794935227,0.2913174927234649,0.022519607096910498,0.329355776309967,1.0,0.329355776309967,0.3333231806755066,0.7461012601852417,0.0,0.0,0.329355776309967,0.0,0.0
normal,18.73515135119243,16.479942321777344,20.55293083190918,0.022519607096910498,-0.0138950794935227,0.2929944694042206,0.022519607096910498,0.329355776309967,1.0,0.329355776309967,0.3333231806755066,0.734382152557373,0.0,0.0,0.329355776309967,0.0,0.0
normal,18.40377768834432,16.479942321777344,20.55293083190918,0.022519607096910498,-0.0138950794935227,0.2929944694042206,0.022519607096910498,0.329355776309967,1.0,0.329355776309967,0.3333231806755066,0.734382152557373,0.0,0.0,0.329355776309967,0.0,0.0
normal,18.097382547058004,16.479942321777344,20.55293083190918,0.022519607096910498,-0.0138950794935227,0.2929944694042206,0.022519607096910498,0.329355776309967,1.0,0.329355776309967,0.3333231806755066,0.8671834468841553,0.0,0.0,0.329355776309967,0.0,0.0
normal,17.82789938199102,16.479942321777344,20.25847816467285,0.022519607096910498,-0.007905811071395874,0.3749275207519531,0.022519607096910498,0.329355776309967,1.0,0.329355776309967,0.3333231806755066,1.0,0.0,0.0,0.329355776309967,0.0,0.0
normal,17.6639949874751,16.479942321777344,19.61772727966309,0.011978507041931152,-0.007905811071395874,0.3749275207519531,0.011978507041931152,0.329355776309967,1.0,0.329355776309967,0.4206213653087616,1.0,0.0,0.0,0.329355776309967,0.0,0.0
normal,17.609838434855142,16.479942321777344,18.99897575378418,0.011978507041931152,-0.008145391941070501,0.3749275207519531,0.011978507041931152,0.329355776309967,1.0,0.329355776309967,1.0,1.0,0.0,0.0,0.329355776309967,0.0,0.0
normal,17.68277079264323,16.479942321777344,19.48018455505371,0.011978507041931152,-0.011738941073417691,0.3749275207519531,0.011978507041931152,0.329355776309967,1.0,0.329355776309967,1.0,1.0,0.0,0.0,0.329355776309967,0.0,0.0
normal,17.86647539138794,16.479942321777344,19.79193687438965,0.011978507041931152,-0.011738941073417691,0.3749275207519531,0.011978507041931152,0.329355776309967,1.0,0.686529129743576,1.0,1.0,0.0,0.0,0.686529129743576,0.0,0.0
normal,18.11017132283053,16.479942321777344,19.803775787353516,0.011978507041931152,-0.011738941073417691,0.3749275207519531,0.011978507041931152,0.329355776309967,1.0,0.6875057220458984,1.0,1.0,0.0,0.0,0.6875057220458984,0.0,0.0
normal,18.366474644343057,16.479942321777344,19.803775787353516,0.011978507041931152,-0.011738941073417691,0.3749275207519531,0.011978507041931152,0.2460249662399292,1.0,0.686529129743576,1.0,1.0,0.0,0.0,0.686529129743576,0.0,0.0
normal,18.588339201609294,16.7126522064209,19.803775787353516,0.011978507041931152,-0.011738941073417691,0.3749275207519531,0.011978507041931152,0.2420575618743896,1.0,0.5117191076278687,1.0,1.0,0.0,0.0,0.5117191076278687,0.0,0.0
normal,18.718330478668214,17.15404510498047,19.803775787353516,0.019644767045974704,-0.011738941073417691,0.3749275207519531,0.019644767045974704,0.2420575618743896,1.0,0.3878902494907379,0.8593707084655762,1.0,0.0,0.0,0.3878902494907379,0.0,0.0
normal,18.79803960164388,17.60020637512207,19.803775787353516,0.019644767045974704,-0.011738941073417691,0.4266746938228607,0.019644767045974704,0.2420575618743896,1.0,0.3878902494907379,0.7558519244194031,1.0,0.0,0.0,0.3878902494907379,0.0,0.0
normal,18.86373491969561,18.043418884277344,19.803775787353516,0.019644767045974704,-0.011738941073417691,0.430747389793396,0.019644767045974704,0.2420575618743896,1.0,0.3888821005821228,0.7499923706054688,0.8593707084655762,0.0,0.0,0.3888821005821228,0.0,0.0
normal,18.899269501368206,18.11359977722168,19.803775787353516,0.019644767045974704,-0.011738941073417691,0.430747389793396,0.019644767045974704,0.2420575618743896,1.0,0.3878902494907379,0.6093783378601074,0.8164006471633911,0.0,0.0,0.3878902494907379,0.0,0.0
normal,18.883752058662836,18.11359977722168,19.803775787353516,0.019644767045974704,-0.011738941073417691,0.430747389793396,0.019644767045974704,0.2420575618743896,1.0,0.386898398399353,0.6015655994415283,0.7792901396751404,0.0,0.0,0.386898398399353,0.0,0.0
normal,18.83848427213691,18.11359977722168,19.803775787353516,0.019644767045974704,-0.0110202357172966,0.430747389793396,0.019644767045974704,0.2420575618743896,0.8593707084655762,0.386898398399353,0.5468764305114746,0.6796929836273193,0.0,0.0,0.386898398399353,0.0,0.0
normal,18.77003046586637,18.11359977722168,19.803775787353516,0.019644767045974704,-0.0110202357172966,0.4343409538269043,0.019644767045974704,0.2420575618743896,0.8164006471633911,0.365062415599823,0.4999847412109375,0.6308633685112,0.0,0.0,0.365062415599823,0.0,0.0
normal,18.713242719653444,18.11359977722168,19.625591278076172,0.019644767045974704,-0.018686488270759583,0.4343409538269043,0.019644767045974704,0.2420575618743896,0.8164006471633911,0.3491927981376648,0.4880825281143188,0.6171910762786865,0.0,0.0,0.3491927981376648,0.0,0.0
normal,18.713593763837004,18.11359977722168,19.448911666870117,0.019644767045974704,-0.026592303998768302,0.4343409538269043,0.026592303998768302,0.2420575618743896,0.8164006471633911,0.3491927981376648,0.4880825281143188,0.6171910762786865,0.0,0.0,0.3491927981376648,0.0,0.0
normal,18.795145966211955,18.11359977722168,19.622407913208008,0.019644767045974704,-0.026592303998768302,0.4343409538269043,0.026592303998768302,0.2936490774154663,0.8164006471633911,0.3491927981376648,0.4880825281143188,0.6181676685810089,0.0,0.0,0.3491927981376648,0.0,0.0
normal,18.936663490931192,18.11359977722168,19.652755737304688,0.012697219848632757,-0.026592303998768302,0.4343409538269043,0.026592303998768302,0.3491927981376648,0.8164006471633911,0.3491927981376648,0.4880825281143188,0.6181676685810089,0.0,0.0,0.3491927981376648,0.0,0.0
normal,19.075853125254312,18.317028045654297,19.652755737304688,0.011978514492511708,-0.026592303998768302,0.4343409538269043,0.026592303998768302,0.3491927981376648,0.8164006471633911,0.3491927981376648,0.3809472918510437,0.5751976072788239,0.0,0.0,0.3491927981376648,0.0,0.0
normal,19.16788661956787,18.520164489746097,19.652755737304688,0.011978514492511708,-0.026592303998768302,0.4343409538269043,0.026592303998768302,0.3491927981376648,0.6992248296737671,0.3491927981376648,0.3809472918510437,0.4880825281143188,0.0,0.0,0.3491927981376648,0.0,0.0
normal,19.236757775180926,18.520164489746097,19.652755737304688,0.011978514492511708,-0.026592303998768302,0.4343409538269043,0.026592303998768302,0.3491927981376648,0.6718802452087402,0.3491927981376648,0.3809472918510437,0.4880825281143188,0.0,0.0,0.3491927981376648,0.0,0.0
normal,19.340421851185116,18.70123863220215,20.00917053222656,0.011978514492511708,-0.026592303998768302,0.4343409538269043,0.026592303998768302,0.3491927981376648,1.0,0.3491927981376648,0.3809472918510437,0.4880825281143188,0.0,0.0,0.3491927981376648,0.0,0.0
normal,19.495733721284026,18.885475158691406,20.524986267089844,0.011978514492511708,-0.026592303998768302,0.4343409538269043,0.026592303998768302,0.3491927981376648,1.0,0.3491927981376648,0.3809472918510437,0.5234382152557373,0.0,0.0,0.3491927981376648,0.0,0.0
normal,19.643555572941377,19.07754135131836,20.525096893310547,0.011978514492511708,-0.026592303998768302,0.4343409538269043,0.026592303998768302,0.3134861290454864,1.0,0.3491927981376648,0.3809472918510437,0.5234382152557373,0.0,0.0,0.3491927981376648,0.0,0.0
normal,19.740031169255573,19.260393142700195,20.525096893310547,0.011978514492511708,-0.026592303998768302,0.101577803492546,0.026592303998768302,0.2023682296276092,1.0,0.3491927981376648,0.3829309940338135,0.5244148075580597,0.0,0.0,0.3491927981376648,0.0,0.0
normal,19.763831281661986,19.28666305541992,20.525096893310547,0.011978514492511708,-0.012218080461025294,0.101577803492546,0.012218080461025294,0.2023682296276092,1.0,0.3491927981376648,0.3829309940338135,0.5244148075580597,0.0,0.0,0.3491927981376648,0.0,0.0
normal,19.73633040808676,19.140703201293945,20.525096893310547,0.0110202338546515,-0.012218080461025294,0.101577803492546,0.012218080461025294,0.2023682296276092,1.0,0.3491927981376648,0.3849146962165832,0.5253913998603821,0.0,0.0,0.3491927981376648,0.0,0.0
normal,19.673402435990525,18.89719581604004,20.525096893310547,0.008145391941070612,-0.012218080461025294,-0.0474349185824394,0.012218080461025294,0.2023682296276092,1.0,0.3491927981376648,0.3849146962165832,0.5253913998603821,0.0,0.0,0.3491927981376648,0.0,0.0
normal,19.593313369750977,18.66629219055176,20.525096893310547,0.008145391941070612,-0.010301515460014288,-0.0855266004800796,0.010301515460014288,0.2023682296276092,1.0,0.3769798874855041,0.3968169093132019,0.5244148075580597,0.0,0.0,0.3769798874855041,0.0,0.0
normal,19.509218629201253,18.489614486694336,20.525096893310547,0.008145391941070612,-0.007905825972557096,-0.0855266004800796,0.008145391941070612,0.2023682296276092,1.0,0.3769798874855041,0.3968169093132019,0.5244148075580597,0.0,0.0,0.3769798874855041,0.0,0.0
normal,19.422926241556805,18.37302017211914,20.525096893310547,0.008145391941070612,-0.007905825972557096,-0.0855266004800796,0.008145391941070612,0.2023682296276092,1.0,0.3769798874855041,0.3968169093132019,0.4563280045986175,0.0,0.0,0.3769798874855041,0.0,0.0
normal,19.289866247177123,18.256885528564453,20.525096893310547,0.0074266791343688965,-0.007905825972557096,-0.0900784358382225,0.007905825972557096,0.2023682296276092,1.0,0.3769798874855041,0.3968169093132019,0.4563280045986175,0.0,0.0,0.3769798874855041,0.0,0.0
normal,19.07323776143222,18.09299087524414,20.525096893310547,0.009343244135379805,-0.007905825972557096,-0.0637257024645805,0.009343244135379805,0.2023682296276092,0.5195318460464478,0.3769798874855041,0.3968169093132019,0.4404583871364593,0.0,0.0,0.3769798874855041,0.0,0.0
normal,18.820473947525024,17.848495483398438,20.354162216186523,0.009343244135379805,-0.007905825972557096,-0.0637257024645805,0.009343244135379805,0.2023682296276092,0.4563280045986175,0.3809472918510437,0.4087191224098205,0.4325235784053802,0.0,0.0,0.3809472918510437,0.0,0.0
normal,18.592483755747477,17.823766708374023,19.844369888305664,0.009343244135379805,-0.006707958877086695,-0.0637257024645805,0.009343244135379805,0.2023682296276092,0.7070375680923462,0.3809472918510437,0.4245887696743011,0.452360600233078,0.0,0.0,0.3809472918510437,0.0,0.0
normal,18.42897313117981,17.823766708374023,19.385190963745117,0.009343244135379805,-0.006707958877086695,0.0761833563446998,0.009343244135379805,0.3571276068687439,0.7461012601852417,0.3849146962165832,0.4245887696743011,0.4563280045986175,0.0,0.0,0.3849146962165832,0.0,0.0
normal,18.320002021091355,17.823766708374023,19.13660430908203,0.009343244135379805,-0.006707958877086695,0.1468565911054611,0.009343244135379805,0.3809472918510437,0.7461012601852417,0.4126865267753601,0.4404583871364593,0.5468764305114746,0.0,0.0,0.4126865267753601,0.0,0.0
normal,18.251592439343646,17.823766708374023,18.893224716186523,0.009343244135379805,-0.00646840035915372,0.1468565911054611,0.009343244135379805,0.3849146962165832,0.7461012601852417,0.4245887696743011,0.4563280045986175,0.7070375680923462,0.0,0.0,0.4245887696743011,0.0,0.0
normal,18.210578625996906,17.823766708374023,18.663028717041016,0.009343244135379805,-0.00646840035915372,0.1468565911054611,0.009343244135379805,0.4087191224098205,0.7461012601852417,0.4325235784053802,0.4563280045986175,0.7080141603946686,0.0,0.0,0.4325235784053802,0.0,0.0
normal,18.1886745707194,17.823766708374023,18.487281799316406,0.009343244135379805,-0.007905820384621603,0.1468565911054611,0.009343244135379805,0.4245887696743011,0.7461012601852417,0.452360600233078,0.6171910762786865,0.7080141603946686,0.0,0.0,0.452360600233078,0.0,0.0
normal,18.1761732006073,17.823766708374023,18.38206672668457,0.009343244135379805,-0.0143742179498075,0.1468565911054611,0.0143742179498075,0.4245887696743011,0.7461012601852417,0.4563280045986175,0.6171910762786865,0.7080141603946686,0.0,0.0,0.4563280045986175,0.0,0.0
normal,18.156184253692626,17.823766708374023,18.38206672668457,0.009343244135379805,-0.0143742179498075,0.1468565911054611,0.0143742179498075,0.4245887696743011,0.7461012601852417,0.4999847412109375,0.6171910762786865,0.7080141603946686,0.0,0.0,0.4999847412109375,0.0,0.0
normal,18.12859105825821,17.823766708374023,18.38206672668457,0.008864104747772203,-0.0143742179498075,0.1468565911054611,0.0143742179498075,0.4245887696743011,0.7461012601852417,0.4999847412109375,0.6171910762786865,0.7070375680923462,0.0,0.0,0.4999847412109375,0.0,0.0
normal,18.110395447413126,17.714834213256836,18.38206672668457,0.008864104747772203,-0.0143742179498075,0.1468565911054611,0.0143742179498075,0.4007843136787414,0.7461012601852417,0.4999847412109375,0.6171910762786865,0.7080141603946686,0.0,0.0,0.4999847412109375,0.0,0.0
normal,18.094887733459473,17.66068458557129,18.38206672668457,0.008864104747772203,-0.0143742179498075,0.1468565911054611,0.0143742179498075,0.3769798874855041,0.7461012601852417,0.4960173368453979,0.6152378916740417,0.7080141603946686,0.0,0.0,0.4960173368453979,0.0,0.0
normal,18.06489756266276,17.647937774658203,18.38206672668457,0.008864104747772203,-0.0143742179498075,0.1468565911054611,0.0143742179498075,0.3610950112342834,0.7461012601852417,0.4245887696743011,0.5156254768371582,0.6171910762786865,0.0,0.0,0.4245887696743011,0.0,0.0
normal,18.01965454623775,17.647937774658203,18.38206672668457,0.012457653880119296,-0.0143742179498075,0.2431638538837433,0.0143742179498075,0.3610950112342834,0.7461012601852417,0.4245887696743011,0.5156254768371582,0.6171910762786865,0.0,0.0,0.4245887696743011,0.0,0.0
normal,17.960609919230144,17.647937774658203,18.38206672668457,0.012457653880119296,-0.015092924237251282,0.264964759349823,0.015092924237251282,0.3610950112342834,0.6367229223251343,0.416653960943222,0.4999847412109375,0.5625019073486328,0.0,0.0,0.416653960943222,0.0,0.0
normal,17.8974903011322,17.647937774658203,18.3637752532959,0.016051203012466403,-0.015092924237251282,0.2743079960346222,0.016051203012466403,0.3610950112342834,0.6171910762786865,0.4007843136787414,0.4960173368453979,0.5195318460464478,0.0,0.0,0.4007843136787414,0.0,0.0
normal,17.834972019195558,17.647937774658203,18.340499877929688,0.016051203012466403,-0.015092924237251282,0.4216437339782715,0.016051203012466403,0.3610950112342834,0.613284707069397,0.4007843136787414,0.4642780721187591,0.5048829615116119,0.0,0.0,0.4007843136787414,0.0,0.0
normal,17.784786478255235,17.647937774658203,18.229217529296875,0.016051203012466403,-0.015092924237251282,0.4355387985706329,0.016051203012466403,0.3610950112342834,0.5195318460464478,0.4007843136787414,0.4404583871364593,0.4999847412109375,0.0,0.0,0.4007843136787414,0.0,0.0
normal,17.74955417315165,17.647937774658203,17.999753952026367,0.016051203012466403,-0.015092924237251282,0.4355387985706329,0.016051203012466403,0.329355776309967,0.5195318460464478,0.3888821005821228,0.4126865267753601,0.4841151237487793,0.0,0.0,0.3888821005821228,0.0,0.0
normal,17.727685073216755,17.626340866088867,17.838991165161133,0.016051203012466403,-0.015092924237251282,0.4355387985706329,0.016051203012466403,0.3214209377765655,0.5195318460464478,0.3849146962165832,0.404751718044281,0.4722129106521606,0.0,0.0,0.3849146962165832,0.0,0.0
normal,17.70525689760844,17.461929321289062,17.805744171142578,0.016051203012466403,-0.015092924237251282,0.4355387985706329,0.016051203012466403,0.2856990098953247,0.5195318460464478,0.3571276068687439,0.3968169093132019,0.4722129106521606,0.0,0.0,0.3571276068687439,0.0,0.0
normal,17.672397139867147,17.28224754333496,17.805744171142578,0.016051203012466403,-0.015092924237251282,0.4355387985706329,0.016051203012466403,0.2420575618743896,0.5195318460464478,0.3214209377765655,0.3849146962165832,0.4722129106521606,0.0,0.0,0.3214209377765655,0.0,0.0
normal,17.646336619059245,17.28224754333496,17.805744171142578,0.016051203012466403,-0.015092924237251282,0.4355387985706329,0.016051203012466403,0.2420575618743896,0.5312509536743164,0.3214209377765655,0.3968169093132019,0.4841151237487793,0.0,0.0,0.3214209377765655,0.0,0.0
normal,17.65506553332011,17.28224754333496,17.98597526550293,0.016051203012466403,-0.015092924237251282,0.4355387985706329,0.016051203012466403,0.2420575618743896,0.5312509536743164,0.3214209377765655,0.3968169093132019,0.4722129106521606,0.0,0.0,0.3214209377765655,0.0,0.0
normal,17.693019336064655,17.28224754333496,18.230138778686523,0.016051203012466403,-0.010780662298202515,0.4355387985706329,0.016051203012466403,0.2420575618743896,0.5312509536743164,0.3214209377765655,0.3849146962165832,0.4483931958675384,0.0,0.0,0.3214209377765655,0.0,0.0
normal,17.752380946477253,17.28224754333496,18.431537628173828,0.009822368621826172,-0.010780662298202515,0.4355387985706329,0.010780662298202515,0.2420575618743896,0.5312509536743164,0.3214209377765655,0.365062415599823,0.4483931958675384,0.0,0.0,0.3214209377765655,0.0,0.0
normal,17.825831003189087,17.28224754333496,18.489503860473633,0.007905825972557096,-0.010780662298202515,0.4355387985706329,0.010780662298202515,0.0793633759021759,0.5312509536743164,0.3204290866851806,0.3610950112342834,0.4325235784053802,0.0,0.0,0.3204290866851806,0.0,0.0
normal,17.869991837439432,17.28224754333496,18.489503860473633,0.007905825972557096,-0.010780662298202515,0.3785210847854614,0.010780662298202515,0.0634937584400177,0.5312509536743164,0.2856990098953247,0.329355776309967,0.3789635896682739,0.0,0.0,0.2856990098953247,0.0,0.0
normal,17.87214542388916,17.28224754333496,18.489503860473633,0.0107806622982025,-0.010780662298202515,0.3785210847854614,0.010780662298202515,0.0634937584400177,0.5312509536743164,0.2420575618743896,0.3214209377765655,0.3690298199653625,0.0,0.0,0.2420575618743896,0.0,0.0
normal,17.83677735964457,17.2293701171875,18.489503860473633,0.0107806622982025,-0.010780662298202515,0.3785210847854614,0.010780662298202515,0.0634937584400177,0.5312509536743164,0.1101107895374298,0.2916577458381653,0.3690298199653625,0.0,0.0,0.1101107895374298,0.0,0.0
normal,17.80322591689274,17.191753387451172,18.489503860473633,0.011259794235229492,-0.01988434791564947,0.3893017470836639,0.01988434791564947,0.0634937584400177,0.5312509536743164,0.1091189384460449,0.273796796798706,0.3690298199653625,0.0,0.0,0.1091189384460449,0.0,0.0
normal,17.78396320660909,17.156322479248047,18.489503860473633,0.011259794235229492,-0.01988434791564947,0.3893017470836639,0.01988434791564947,0.0634937584400177,0.5312509536743164,0.1101107895374298,0.2777642011642456,0.365062415599823,0.0,0.0,0.1101107895374298,0.0,0.0
normal,17.76244117341973,17.144376754760742,18.489503860473633,0.011259794235229492,-0.01988434791564947,0.3893017470836639,0.01988434791564947,0.0634937584400177,0.5312509536743164,0.1091189384460449,0.2777642011642456,0.3610950112342834,0.0,0.0,0.1091189384460449,0.0,0.0
normal,17.722423407480047,17.144376754760742,18.489503860473633,0.011259794235229492,-0.01988434791564947,0.3893017470836639,0.01988434791564947,0.0634937584400177,0.5234382152557373,0.1111026406288147,0.2777642011642456,0.3610950112342834,0.0,0.0,0.1111026406288147,0.0,0.0
normal,17.67711773778441,17.144376754760742,18.489503860473633,0.011259794235229492,-0.01988434791564947,0.3893017470836639,0.01988434791564947,0.0634937584400177,0.5234382152557373,0.1091189384460449,0.2777642011642456,0.42260506749153137,0.0,0.0,0.1091189384460449,0.0,0.0
normal,17.634834960301717,17.144376754760742,18.489503860473633,0.011259794235229492,-0.01988434791564947,0.3893017470836639,0.01988434791564947,0.0634937584400177,0.5234382152557373,0.1101107895374298,0.2777642011642456,0.4642780721187591,0.0,0.0,0.1101107895374298,0.0,0.0
normal,17.596261278788248,17.144376754760742,18.39824485778809,0.011259794235229492,-0.01988434791564947,0.3893017470836639,0.01988434791564947,0.0634937584400177,0.5234382152557373,0.1706289947032928,0.2777642011642456,0.4642780721187591,0.0,0.0,0.1706289947032928,0.0,0.0
normal,17.593583565583444,17.144376754760742,18.24484634399414,0.011259794235229492,-0.01988434791564947,0.3893017470836639,0.01988434791564947,0.0634937584400177,0.5234382152557373,0.2658619880676269,0.4206213653087616,0.4642780721187591,0.0,0.0,0.2658619880676269,0.0,0.0
normal,17.639037443796795,17.144376754760742,18.257253646850582,0.011259794235229492,-0.01988434791564947,0.3893017470836639,0.01988434791564947,0.0634937584400177,0.5234382152557373,0.2777642011642456,0.4206213653087616,0.4642780721187591,0.0,0.0,0.2777642011642456,0.0,0.0
normal,17.72668407758077,17.144376754760742,18.257253646850582,0.011259794235229492,-0.01988434791564947,0.3893017470836639,0.01988434791564947,0.2460249662399292,0.5234382152557373,0.2976165115833282,0.4206213653087616,0.4642780721187591,0.0,0.0,0.2976165115833282,0.0,0.0
normal,17.81666386266318,17.144376754760742,18.257253646850582,0.008864089846611106,-0.011259794235229492,0.380198061466217,0.011259794235229492,0.2777642011642456,0.5234382152557373,0.2976165115833282,0.4206213653087616,0.4642780721187591,0.0,0.0,0.2976165115833282,0.0,0.0
normal,17.907780027389528,17.144376754760742,18.257253646850582,0.005030959844589289,-0.011259794235229492,0.380198061466217,0.011259794235229492,0.2777642011642456,0.5234382152557373,0.329355776309967,0.4206213653087616,0.4642780721187591,0.0,0.0,0.329355776309967,0.0,0.0
normal,18.005335961721105,17.24762725830078,18.257253646850582,0.005030959844589289,-0.009103670716285699,0.380198061466217,0.009103670716285699,0.2976165115833282,0.5234382152557373,0.3372905850410461,0.4245887696743011,0.4642780721187591,0.0,0.0,0.3372905850410461,0.0,0.0
normal,18.099450845352198,17.546226501464844,18.388118743896484,0.0043122656643391,-0.009103670716285699,0.380198061466217,0.009103670716285699,0.2976165115833282,0.5234382152557373,0.3372905850410461,0.4245887696743011,0.4483931958675384,0.0,0.0,0.3372905850410461,0.0,0.0
normal,18.17325192164264,17.800174713134766,18.422670364379883,0.0043122656643391,-0.009103670716285699,0.3492935001850128,0.009103670716285699,0.2976165115833282,0.4960173368453979,0.3372905850410461,0.3928495049476623,0.4325235784053802,0.0,0.0,0.3372905850410461,0.0,0.0
normal,18.231580543518067,18.0100154876709,18.57163429260254,0.005989257246255902,-0.009103670716285699,0.2666417360305786,0.009103670716285699,0.2976165115833282,0.4483931958675384,0.3372905850410461,0.3928495049476623,0.4285561740398407,0.0,0.0,0.3372905850410461,0.0,0.0
normal,18.28975224494934,18.06852912902832,18.731462478637695,0.005989257246255902,-0.0124576557427645,0.1075670644640922,0.0124576557427645,0.2976165115833282,0.4483931958675384,0.3372905850410461,0.3928495049476623,0.4444257915019989,0.0,0.0,0.3372905850410461,0.0,0.0
normal,18.34474630355835,18.06852912902832,18.75924491882324,0.006228826940059599,-0.0124576557427645,0.1075670644640922,0.0124576557427645,0.2976165115833282,0.4483931958675384,0.3372905850410461,0.3690298199653625,0.4444257915019989,0.0,0.0,0.3372905850410461,0.0,0.0
normal,18.394817978541056,18.06852912902832,18.760854721069336,0.006228826940059599,-0.0124576557427645,0.1075670644640922,0.0124576557427645,0.2976165115833282,0.4483931958675384,0.3333231806755066,0.3690298199653625,0.4444257915019989,0.0,0.0,0.3333231806755066,0.0,0.0
normal,18.44318033536275,18.06852912902832,18.760854721069336,0.006228826940059599,-0.0124576557427645,0.1075670644640922,0.0124576557427645,0.2658619880676269,0.4483931958675384,0.3333231806755066,0.3690298199653625,0.4444257915019989,0.0,0.0,0.3333231806755066,0.0,0.0
normal,18.487820674660608,18.06852912902832,18.760854721069336,0.006228826940059599,-0.0124576557427645,0.1075670644640922,0.0124576557427645,0.2658619880676269,0.4483931958675384,0.3333231806755066,0.3690298199653625,0.4444257915019989,0.0,0.0,0.3333231806755066,0.0,0.0
normal,18.533542423248292,18.084716796875,18.760854721069336,0.006228826940059599,-0.0124576557427645,0.1075670644640922,0.0124576557427645,0.2658619880676269,0.4483931958675384,0.329355776309967,0.3809472918510437,0.4444257915019989,0.0,0.0,0.329355776309967,0.0,0.0
normal,18.52503211180369,15.70171356201172,18.760854721069336,0.007666245102882399,-0.0124576557427645,0.1250557005405426,0.0124576557427645,0.0,0.4483931958675384,0.3134861290454864,0.365062415599823,0.416653960943222,0.0,3.5,0.3134861290454864,0.0,0.0
normal,17.80319242350472,6.703841209411621,18.760854721069336,0.007666245102882399,-0.03737297654151919,0.1250557005405426,0.03737297654151919,0.0,0.4483931958675384,0.2896664142608642,0.3531602025032043,0.3968169093132019,0.0,3.5,0.2896664142608642,0.0,0.0
normal,16.609203402201334,6.312036991119385,18.760854721069336,0.05773644149303431,-0.03737297654151919,0.3722922503948211,0.05773644149303431,0.0,0.7499923706054688,0.2658619880676269,0.3452253937721252,0.3968169093132019,0.0,3.5,0.2658619880676269,0.0,0.0
normal,15.568024985790252,6.312036991119385,18.760854721069336,0.05773644149303431,-0.03737297654151919,0.3722922503948211,0.05773644149303431,0.0,0.9921872615814208,0.2658619880676269,0.3452253937721252,0.3968169093132019,0.0,3.5,0.2658619880676269,0.0,0.0
normal,14.768376568953196,6.312036991119385,18.760854721069336,0.05773644149303431,-0.03737297654151919,0.3722922503948211,0.05773644149303431,0.0,1.0,0.2658619880676269,0.3452253937721252,0.3968169093132019,0.0,3.5,0.2658619880676269,0.0,0.0
normal,14.062579715251923,6.312036991119385,18.760854721069336,0.05773644149303431,-0.03737297654151919,0.3722922503948211,0.05773644149303431,0.0,1.0,0.2658619880676269,0.3452253937721252,0.5195318460464478,0.0,3.5,0.2658619880676269,0.0,0.0
normal,13.406853382587434,6.312036991119385,18.730772018432617,0.05773644149303431,-0.03737297654151919,0.3722922503948211,0.05773644149303431,0.0,1.0,0.2658619880676269,0.3928495049476623,0.5195318460464478,0.0,3.5,0.2658619880676269,0.0,0.0
normal,12.812212218824332,6.312036991119385,18.626962661743164,0.05773644149303431,-0.03737297654151919,0.3722922503948211,0.05773644149303431,0.0,1.0,0.2658619880676269,0.4801477193832397,0.5195318460464478,0.0,3.5,0.2658619880676269,0.0,0.0
normal,12.298543511928616,6.312036991119385,18.59296226501465,0.05773644149303431,-0.03737297654151919,0.3722922503948211,0.05773644149303431,0.0,1.0,0.365062415599823,0.5078127384185791,0.5312509536743164,0.0,3.5,0.365062415599823,0.0,0.0
normal,11.830405854384104,6.312036991119385,18.59296226501465,0.05773644149303431,-0.03737297654151919,0.3722922503948211,0.05773644149303431,0.0,1.0,0.3968169093132019,0.5117191076278687,0.5468764305114746,0.0,3.5,0.3968169093132019,0.0,0.0
normal,11.48509067773819,6.312036991119385,15.550847053527832,0.05773644149303431,-0.03737297654151919,0.3722922503948211,0.05773644149303431,0.0,1.0,0.4801477193832397,0.5195318460464478,0.5468764305114746,0.0,3.5,0.4801477193832397,0.0,0.0
normal,11.883318259441396,6.312036991119385,15.301617622375488,0.05773644149303431,-0.020123928785324097,0.3722922503948211,0.05773644149303431,0.0,1.0,0.5117191076278687,0.5429700613021851,0.5468764305114746,0.0,0.269029825925827,0.5117191076278687,0.0,0.0
normal,12.787566640377044,6.904829025268555,15.582236289978027,0.0074266791343688965,-0.015332497656345298,0.1264931112527847,0.015332497656345298,0.4206213653087616,1.0,0.5117191076278687,0.5468764305114746,0.5468764305114746,0.0,0.0,0.5117191076278687,0.0,0.0
normal,13.541640283266704,9.45567798614502,15.633601188659668,0.0074266791343688965,-0.015332497656345298,0.1264931112527847,0.015332497656345298,0.273796796798706,1.0,0.5078127384185791,0.5273445844650269,0.5468764305114746,0.0,0.0,0.5078127384185791,0.0,0.0
normal,14.045623450279235,11.418828964233398,15.816217422485352,0.0074266791343688965,-0.015332497656345298,0.1264931112527847,0.015332497656345298,0.273796796798706,0.5585955381393433,0.4801477193832397,0.5117191076278687,0.5468764305114746,0.0,0.0,0.4801477193832397,0.0,0.0
normal,14.471771035194397,11.950653076171877,16.087745666503906,0.0074266791343688965,-0.015332497656345298,0.1264931112527847,0.015332497656345298,0.273796796798706,0.5468764305114746,0.3928495049476623,0.5117191076278687,0.5468764305114746,0.0,0.0,0.3928495049476623,0.0,0.0
normal,14.87533096631368,12.467829704284668,16.380645751953125,0.0074266791343688965,-0.015332497656345298,0.1264931112527847,0.015332497656345298,0.273796796798706,0.5468764305114746,0.3928495049476623,0.5117191076278687,0.5468764305114746,0.0,0.0,0.3928495049476623,0.0,0.0
normal,15.251277422151233,13.024106979370115,16.669954299926758,0.0074266791343688965,-0.015332497656345298,0.1264931112527847,0.015332497656345298,0.273796796798706,0.5468764305114746,0.3928495049476623,0.4285561740398407,0.5468764305114746,0.0,0.0,0.3928495049476623,0.0,0.0
normal,15.597379298210145,13.630145072937012,16.801620483398438,0.005989253520965507,-0.015332497656345298,0.1264931112527847,0.015332497656345298,0.273796796798706,0.5468764305114746,0.3690298199653625,0.4126865267753601,0.5468764305114746,0.0,0.0,0.3690298199653625,0.0,0.0
normal,15.886242202123006,14.292192459106444,16.868642807006836,0.0052705465350299,-0.015332497656345298,0.1264931112527847,0.015332497656345298,0.2182531058788299,0.5468764305114746,0.3214209377765655,0.3928495049476623,0.5468764305114746,0.0,0.0,0.3214209377765655,0.0,0.0
normal,16.109163830395733,14.966833114624023,16.869029998779297,0.0052705465350299,-0.015332497656345298,0.1264931112527847,0.015332497656345298,0.1071352362632751,0.5468764305114746,0.2916577458381653,0.3928495049476623,0.4245887696743011,0.0,0.0,0.2916577458381653,0.0,0.0
normal,16.26652582804362,15.307328224182127,16.869029998779297,0.0052705465350299,-0.015332497656345298,0.1157124564051628,0.015332497656345298,0.1071352362632751,0.5468764305114746,0.273796796798706,0.3412579894065857,0.3928495049476623,0.0,0.0,0.273796796798706,0.0,0.0
normal,16.380392479896546,15.584355354309082,16.869029998779297,0.0052705465350299,-0.0062288269400597,0.0373729653656482,0.0062288269400597,0.1071352362632751,0.4285561740398407,0.2063356339931488,0.3055513203144073,0.3928495049476623,0.0,0.0,0.2063356339931488,0.0,0.0
normal,16.484926328659057,15.633931159973145,16.869029998779297,0.0052705465350299,-0.0062288269400597,0.0373729653656482,0.0062288269400597,0.1071352362632751,0.4285561740398407,0.2063356339931488,0.3095187246799469,0.3928495049476623,0.0,0.0,0.2063356339931488,0.0,0.0
normal,16.605668940408798,15.820743560791016,17.029136657714844,0.0052705465350299,-0.0062288269400597,0.0373729653656482,0.0062288269400597,0.1071352362632751,0.4285561740398407,0.2063356339931488,0.3253883421421051,0.3928495049476623,0.0,0.0,0.2063356339931488,0.0,0.0
normal,16.733684558868408,16.09227180480957,17.469789505004883,0.0062288269400597,-0.0134159373119473,0.0527054667472839,0.0134159373119473,0.1071352362632751,0.5429700613021851,0.2063356339931488,0.3253883421421051,0.3928495049476623,0.0,0.0,0.2063356339931488,0.0,0.0
normal,16.87887899398804,16.38607406616211,17.874238967895508,0.0081453903112559,-0.0134159373119473,0.0527054667472839,0.0134159373119473,0.1071352362632751,0.5429700613021851,0.2063356339931488,0.3253883421421051,0.3968169093132019,0.0,0.0,0.2063356339931488,0.0,0.0
normal,17.02941373911047,16.57381820678711,18.248676300048828,0.0081453903112559,-0.0134159373119473,0.0527054667472839,0.0134159373119473,0.1071352362632751,0.5429700613021851,0.2063356339931488,0.3253883421421051,0.4563280045986175,0.0,0.0,0.2063356339931488,0.0,0.0
normal,17.200791918436686,16.57381820678711,18.596343994140625,0.0081453903112559,-0.0134159373119473,0.0527054667472839,0.0134159373119473,0.1071352362632751,0.5429700613021851,0.2063356339931488,0.3729972243309021,0.4563280045986175,0.0,0.0,0.2063356339931488,0.0,0.0
normal,17.388522675832114,16.57381820678711,18.82423210144043,0.0081453903112559,-0.0134159373119473,0.0527054667472839,0.0134159373119473,0.1071352362632751,0.5429700613021851,0.2063356339931488,0.3729972243309021,0.4563280045986175,0.0,0.0,0.2063356339931488,0.0,0.0
normal,17.591386112714567,16.57381820678711,18.97399520874023,0.0081453903112559,-0.0134159373119473,0.0527054667472839,0.0134159373119473,0.1071352362632751,0.5429700613021851,0.3134861290454864,0.3729972243309021,0.4563280045986175,0.0,0.0,0.3134861290454864,0.0,0.0
normal,17.82128173777347,16.57381820678711,19.06644630432129,0.0081453903112559,-0.0134159373119473,0.0527054667472839,0.0134159373119473,0.1468245387077331,0.5429700613021851,0.3134861290454864,0.3729972243309021,0.4563280045986175,0.0,0.0,0.3134861290454864,0.0,0.0
normal,18.074420642852782,16.57590103149414,19.126073837280273,0.0081453903112559,-0.0134159373119473,0.0527054667472839,0.0134159373119473,0.2460249662399292,0.5429700613021851,0.3134861290454864,0.3729972243309021,0.4563280045986175,0.0,0.0,0.3134861290454864,0.0,0.0
normal,18.321921496638073,16.791732788085938,19.177749633789062,0.0081453903112559,-0.0134159373119473,0.0527054667472839,0.0134159373119473,0.2698293924331665,0.5429700613021851,0.2936490774154663,0.3729972243309021,0.4563280045986175,0.0,0.0,0.2936490774154663,0.0,0.0
normal,18.549762459245578,17.03308868408203,19.229454040527344,0.0081453903112559,-0.0134159373119473,0.0527054667472839,0.0134159373119473,0.2658619880676269,0.5429700613021851,0.273796796798706,0.3412579894065857,0.4563280045986175,0.0,0.0,0.273796796798706,0.0,0.0
normal,18.753931730139833,17.477502822875977,19.273757934570312,0.0081453903112559,-0.0031144171953201016,0.0376125387847423,0.0081453903112559,0.2658619880676269,0.5,0.2698293924331665,0.3095187246799469,0.4384746849536896,0.0,0.0,0.2698293924331665,0.0,0.0
normal,18.916024344762167,17.880584716796875,19.307628631591797,0.0031144138192756997,-0.0031144171953201016,0.0376125387847423,0.0031144171953201016,0.2261879444122314,0.4563280045986175,0.2698293924331665,0.273796796798706,0.3690298199653625,0.0,0.0,0.2698293924331665,0.0,0.0
normal,19.036036524717105,18.25490951538086,19.307628631591797,0.0031144138192756997,-0.0031144139356911,0.0297067165374755,0.0031144139356911,0.1031678318977356,0.452360600233078,0.2658619880676269,0.273796796798706,0.329355776309967,0.0,0.0,0.2658619880676269,0.0,0.0
normal,19.101064106623333,18.600839614868164,19.307628631591797,0.0031144138192756997,-0.0016769915819167987,0.0297067165374755,0.0031144138192756997,0.0634937584400177,0.3928495049476623,0.264870136976242,0.2698293924331665,0.2936490774154663,0.0,0.0,0.264870136976242,0.0,0.0
normal,19.118233216603596,18.82721519470215,19.307628631591797,0.011259801685810103,-0.0016769915819167987,0.1734488904476165,0.011259801685810103,0.0634937584400177,0.3412579894065857,0.20534378290176392,0.2658619880676269,0.273796796798706,0.0,0.0,0.20534378290176392,0.0,0.0
normal,19.105560108820598,18.728689193725582,19.307628631591797,0.012936800718307495,-0.0016769915819167987,0.3972075581550598,0.012936800718307495,0.0634937584400177,0.3095187246799469,0.1745963990688324,0.2658619880676269,0.2698293924331665,0.0,0.0,0.1745963990688324,0.0,0.0
normal,19.070640535354613,18.62997055053711,19.307628631591797,0.012936800718307495,-0.0074266791343688965,0.4003219604492187,0.012936800718307495,0.0634937584400177,0.273796796798706,0.1745963990688324,0.2261879444122314,0.2698293924331665,0.0,0.0,0.1745963990688324,0.0,0.0
normal,19.018924261728923,18.526344299316406,19.307628631591797,0.012936800718307495,-0.007905811071395819,0.4003219604492187,0.012936800718307495,0.0634937584400177,0.2698293924331665,0.1745963990688324,0.1825312077999115,0.2658619880676269,0.0,0.0,0.1745963990688324,0.0,0.0
normal,18.94957534485371,18.3872127532959,19.307628631591797,0.012936800718307495,-0.007905811071395874,0.4003219604492187,0.012936800718307495,0.0634937584400177,0.2698293924331665,0.1666615903377533,0.1825312077999115,0.2658619880676269,0.0,0.0,0.1666615903377533,0.0,0.0
normal,18.855466451644897,18.086761474609375,19.307628631591797,0.012936800718307495,-0.007905811071395874,0.4003219604492187,0.012936800718307495,0.0,0.2658619880676269,0.1587267816066742,0.1825312077999115,0.20336008071899409,0.0,0.0,0.1587267816066742,0.0,0.0
normal,18.71757075076492,17.620546340942383,19.307628631591797,0.012936800718307495,-0.007905811071395874,0.4003219604492187,0.012936800718307495,0.0,0.2658619880676269,0.1230048537254333,0.1745963990688324,0.1825312077999115,0.0,0.0,0.1230048537254333,0.0,0.0
normal,18.525055539826916,17.119338989257812,19.305673599243164,0.012936800718307495,-0.007905811071395874,0.4003219604492187,0.012936800718307495,0.0,0.2261879444122314,0.0238044261932373,0.1587267816066742,0.1825312077999115,0.0,0.0,0.0238044261932373,0.0,0.0
normal,18.282609100341798,16.65684700012207,19.22024917602539,0.012936800718307495,-0.007905811071395874,0.4034363925457001,0.012936800718307495,0.0,0.1825312077999115,0.0238044261932373,0.1587267816066742,0.1745963990688324,0.0,0.0,0.0238044261932373,0.0,0.0
normal,18.015684849421184,16.155399322509766,18.95040702819824,0.012936800718307495,-0.007905811071395874,0.4048738181591034,0.012936800718307495,0.0,0.1825312077999115,0.0,0.1587267816066742,0.1745963990688324,0.0,0.0,0.0,0.0,0.0
normal,17.716740250587463,15.684284210205078,18.832786560058594,0.012936800718307495,-0.012936800718307495,0.4048738181591034,0.012936800718307495,0.0,0.1825312077999115,0.0,0.0238044261932373,0.1745963990688324,0.0,0.0,0.0,0.0,0.0
normal,17.40567151705424,15.641469955444336,18.727041244506836,0.01006194949150091,-0.012936800718307495,0.4048738181591034,0.012936800718307495,0.0,0.3769798874855041,0.0,0.0238044261932373,0.1825312077999115,0.0,0.0,0.0,0.0,0.0
normal,17.127379660606383,15.641469955444336,18.62833023071289,0.01006194949150091,-0.012936800718307495,0.4048738181591034,0.012936800718307495,0.0,0.452360600233078,0.0,0.0238044261932373,0.1825312077999115,0.0,0.0,0.0,0.0,0.0
normal,16.885810035297986,15.641469955444336,18.524019241333008,0.01006194949150091,-0.012936800718307495,0.4048738181591034,0.012936800718307495,0.0,0.452360600233078,0.0,0.0238044261932373,0.17658010125160215,0.0,0.0,0.0,0.0,0.0
normal,16.623890606562295,15.602684020996094,18.38490104675293,0.0172490775585174,-0.012936800718307495,0.4448820352554321,0.0172490775585174,0.0,0.452360600233078,0.0,0.0138859152793884,0.17558825016021729,0.0,0.0,0.0,0.0,0.0
normal,16.332180234591167,15.11777400970459,18.07987594604492,0.0172490775585174,-0.012936800718307495,0.4448820352554321,0.0172490775585174,0.0,0.452360600233078,0.0,0.0039674043655395,0.17558825016021729,0.0,0.0,0.0,0.0,0.0
normal,16.0478803507487,14.997174263000488,17.611764907836914,0.0172490775585174,-0.0136555135250091,0.4448820352554321,0.0172490775585174,0.0,0.452360600233078,0.0,0.0238044261932373,0.23511460423469538,0.0,0.0,0.0,0.0,0.0
normal,15.82808516624565,14.997174263000488,17.111711502075195,0.0172490775585174,-0.0136555135250091,0.4448820352554321,0.0172490775585174,0.0,0.7499923706054688,0.0,0.051591545343399,0.365062415599823,0.0,0.0,0.0,0.0,0.0
normal,15.68064685344696,14.997174263000488,16.649311065673828,0.0172490775585174,-0.0136555135250091,0.4448820352554321,0.0172490775585174,0.0,0.7499923706054688,0.0,0.1884823143482208,0.4483931958675384,0.0,0.0,0.0,0.0,0.0
normal,15.58296066602071,14.997174263000488,16.174535751342773,0.0172490775585174,-0.0136555135250091,0.4448820352554321,0.0172490775585174,0.0,0.7499923706054688,0.002975553274154625,0.2936414629220962,0.5507827997207642,0.0,0.0,0.002975553274154625,0.0,0.0
normal,15.520672195752462,14.997174263000488,16.174535751342773,0.0172490775585174,-0.0136555135250091,0.4448820352554321,0.0172490775585174,0.0,0.7499923706054688,0.1071352362632751,0.40276801586151123,0.5507827997207642,0.0,0.0,0.1071352362632751,0.0,0.0
normal,15.456050027211507,14.862567901611328,16.174535751342773,0.0172490775585174,-0.0136555135250091,0.4448820352554321,0.0172490775585174,0.0,0.7499923706054688,0.12996307015419,0.452360600233078,0.5507827997207642,0.0,0.0,0.12996307015419,0.0,0.0
normal,15.329990305900573,14.36158275604248,16.174535751342773,0.0172490775585174,-0.0136555135250091,0.4448820352554321,0.0172490775585174,0.0,0.7499923706054688,0.12996307015419,0.452360600233078,0.5507827997207642,0.0,0.0,0.12996307015419,0.0,0.0
normal,15.135615661938985,14.095810890197754,16.10145378112793,0.0172490775585174,-0.0136555135250091,0.4448820352554321,0.0172490775585174,0.0,0.9765617847442628,0.20435193181037903,0.4642780721187591,0.5712912380695343,0.0,0.0,0.20435193181037903,0.0,0.0
normal,15.026383326848348,14.095810890197754,15.594353675842283,0.0045518358238042,-0.0136555135250091,0.3830729126930237,0.0136555135250091,0.0,1.0,0.365062415599823,0.5,0.6210974454879761,0.0,0.0,0.365062415599823,0.0,0.0
normal,15.074067616462708,14.095810890197754,16.35317039489746,0.0045518358238042,-0.0136555135250091,0.2968276143074035,0.0136555135250091,0.0396740734577178,1.0,0.452360600233078,0.5468764305114746,0.7499923706054688,0.0,0.0,0.452360600233078,0.0,0.0
normal,15.263247156143189,14.095810890197754,17.462339401245117,0.0045518358238042,-0.0107806660234928,0.0579760111868381,0.0107806660234928,0.3372905850410461,1.0,0.4841151237487793,0.578127384185791,1.0,0.0,0.0,0.4841151237487793,0.0,0.0
normal,15.55394498348236,14.095810890197754,18.57129669189453,0.0045518358238042,-0.004072695970535299,0.0344981215894222,0.0045518358238042,0.3372905850410461,1.0,0.4960173368453979,0.6152378916740417,1.0,0.0,0.0,0.4960173368453979,0.0,0.0
normal,15.843725830167283,14.095810890197754,18.5804500579834,0.018926054239273103,-0.004072695970535299,0.1593142449855804,0.018926054239273103,0.1626941859722137,1.0,0.4662617892026901,0.578127384185791,1.0,0.0,0.0,0.4662617892026901,0.0,0.0
normal,16.04275993347168,14.095810890197754,18.5804500579834,0.018926054239273103,-0.004072695970535299,0.2216025292873382,0.018926054239273103,0.1111026406288147,1.0,0.4126865267753601,0.5058595538139343,1.0,0.0,0.0,0.4126865267753601,0.0,0.0
normal,16.133179341413342,14.095810890197754,18.5804500579834,0.018926054239273103,-0.004072695970535299,0.3658238351345062,0.018926054239273103,0.0793633759021759,1.0,0.3372905850410461,0.4880825281143188,1.0,0.0,0.0,0.3372905850410461,0.0,0.0
normal,16.12114143371582,14.095810890197754,18.5804500579834,0.018926054239273103,-0.002874843776226101,0.3658238351345062,0.018926054239273103,0.0793633759021759,1.0,0.1190374493598938,0.4662617892026901,1.0,0.0,0.0,0.1190374493598938,0.0,0.0
normal,16.037974740664165,13.521276473999023,18.5804500579834,0.018926054239273103,-0.00790581107139593,0.3658238351345062,0.018926054239273103,0.0793633759021759,1.0,0.1190374493598938,0.4662617892026901,1.0,0.0,0.0,0.1190374493598938,0.0,0.0
normal,15.94993848530901,13.13987159729004,18.5804500579834,0.018926054239273103,-0.00790581107139593,0.3658238351345062,0.018926054239273103,0.0793633759021759,1.0,0.1190374493598938,0.4325235784053802,1.0,0.0,0.0,0.1190374493598938,0.0,0.0
normal,15.774218157132466,12.944518089294434,18.5804500579834,0.018926054239273103,-0.00790581107139593,0.3658238351345062,0.018926054239273103,0.0793633759021759,1.0,0.1190374493598938,0.4325235784053802,1.0,0.0,0.0,0.1190374493598938,0.0,0.0
normal,15.500457277297974,12.944518089294434,18.5804500579834,0.018926054239273103,-0.00790581107139593,0.4137378931045532,0.018926054239273103,0.0793633759021759,1.0,0.1190374493598938,0.4325235784053802,0.726569414138794,0.0,0.0,0.1190374493598938,0.0,0.0
normal,15.190250676472981,12.944518089294434,18.5804500579834,0.018926054239273103,-0.015572071075439509,0.4137378931045532,0.018926054239273103,0.0793633759021759,1.0,0.1190374493598938,0.4325235784053802,0.726569414138794,0.0,0.0,0.1190374493598938,0.0,0.0
normal,14.86905330657959,12.944518089294434,18.5804500579834,0.018926054239273103,-0.015572071075439509,0.4137378931045532,0.018926054239273103,0.0793633759021759,1.0,0.1190374493598938,0.4325235784053802,0.726569414138794,0.0,0.0,0.1190374493598938,0.0,0.0
normal,14.627241747153182,12.944518089294434,17.97966957092285,0.0091036856174469,-0.015572071075439509,0.4137378931045532,0.015572071075439509,0.0793633759021759,1.0,0.1190374493598938,0.452360600233078,1.0,0.0,0.0,0.1190374493598938,0.0,0.0
normal,14.56309071222941,12.944518089294434,16.929676055908203,0.0091036856174469,-0.0184469074010849,0.4137378931045532,0.0184469074010849,0.0793633759021759,1.0,0.3343150243163108,0.5742210149765015,1.0,0.0,0.0,0.3343150243163108,0.0,0.0
normal,14.604988250478533,12.944518089294434,16.929676055908203,0.011020228266716003,-0.0184469074010849,0.4137378931045532,0.0184469074010849,0.0793633759021759,1.0,0.3968169093132019,0.5742210149765015,1.0,0.0,0.0,0.3968169093132019,0.0,0.0
normal,14.696131844751426,12.944518089294434,16.929676055908203,0.011020228266716003,-0.0184469074010849,0.4137378931045532,0.0184469074010849,0.0793633759021759,1.0,0.3968169093132019,0.5742210149765015,1.0,0.0,0.0,0.3968169093132019,0.0,0.0
normal,14.838350999733443,12.944518089294434,16.929676055908203,0.011020228266716003,-0.0184469074010849,0.4137378931045532,0.0184469074010849,0.1071352362632751,1.0,0.4325235784053802,0.5742210149765015,1.0,0.0,0.0,0.4325235784053802,0.0,0.0
normal,15.022040088971456,12.944518089294434,16.929676055908203,0.011020228266716003,-0.0184469074010849,0.4137378931045532,0.0184469074010849,0.1071352362632751,1.0,0.4563280045986175,0.6093783378601074,1.0,0.0,0.0,0.4563280045986175,0.0,0.0
normal,15.27456113656362,12.948925971984863,16.929676055908203,0.011020228266716003,-0.0184469074010849,0.4137378931045532,0.0184469074010849,0.1071352362632751,1.0,0.5195318460464478,0.726569414138794,1.0,0.0,0.0,0.5195318460464478,0.0,0.0
normal,15.575597480138143,13.326083183288574,16.929676055908203,0.011020228266716003,-0.0184469074010849,0.3768440783023834,0.0184469074010849,0.0,1.0,0.3968169093132019,0.6484420299530029,1.0,0.0,0.0,0.3968169093132019,0.0,0.0
normal,15.771070071856181,14.324751853942873,16.929676055908203,0.011020228266716003,-0.0184469074010849,0.3768440783023834,0.0184469074010849,0.0,1.0,0.35811945796012873,0.5195318460464478,0.921872615814209,0.0,0.0,0.35811945796012873,0.0,0.0
normal,15.836063210169474,15.136870384216309,16.929676055908203,0.011020228266716003,-0.0184469074010849,0.3768440783023834,0.0184469074010849,0.0,1.0,0.1309549212455749,0.48411512374877924,0.8251899778842926,0.0,0.0,0.1309549212455749,0.0,0.0
normal,15.757326719955929,14.858741760253906,16.929676055908203,0.011020228266716003,-0.0184469074010849,0.3768440783023834,0.0184469074010849,0.0,1.0,0.051591545343399,0.3769798874855041,0.5332041382789612,0.0,0.0,0.051591545343399,0.0,0.0
normal,15.538177488642264,14.36936378479004,16.825008392333984,0.013895078562200102,-0.01269723474979409,0.3768440783023834,0.013895078562200102,0.0,0.921872615814209,0.025788128376007052,0.1666615903377533,0.5195318460464478,0.0,0.0,0.025788128376007052,0.0,0.0
normal,15.28999491850535,13.876044273376465,16.32887077331543,0.013895078562200102,-0.01269723474979409,0.3768440783023834,0.013895078562200102,0.0,0.921872615814209,0.0,0.1071352362632751,0.5195318460464478,0.0,0.0,0.0,0.0,0.0
normal,15.068619131446876,13.394827842712402,16.170223236083984,0.013895078562200102,-0.01269723474979409,0.3768440783023834,0.013895078562200102,0.0,0.921872615814209,0.0,0.0436567366123199,0.5195318460464478,0.0,0.0,0.0,0.0,0.0
normal,14.860299274126689,12.671165466308594,16.170223236083984,0.013895078562200102,-0.01269723474979409,0.3011398613452911,0.013895078562200102,0.0,0.921872615814209,0.0,0.0,0.27478864789009094,0.0,0.1539597809314727,0.0,0.0,0.0
normal,14.497664141137532,10.62116813659668,16.170223236083984,0.013895078562200102,-0.01269723474979409,0.264964759349823,0.013895078562200102,0.0,0.921872615814209,0.0,0.0,0.049607843160629245,0.0,0.257127583026886,0.0,0.0,0.0
normal,13.952661690711976,9.820358276367188,16.170223236083984,0.040008217096328735,-0.01269723474979409,1.0497970581054688,0.040008217096328735,0.0,0.8945280313491821,0.0,0.0,0.0277718305587768,0.0,0.257127583026886,0.0,0.0,0.0
normal,13.32135074297587,9.727813720703123,15.992182731628418,0.040008217096328735,-0.0091036717640236,1.7927045822143557,0.040008217096328735,0.0,0.3214209377765655,0.0,0.0,0.0436567366123199,0.0,0.257127583026886,0.0,0.0,0.0
normal,12.753825066884358,9.727813720703123,15.610403060913086,0.040008217096328735,-0.012697219848632812,1.9362071752548216,0.040008217096328735,0.0,0.3253883421421051,0.0,0.0,0.0446485877037048,0.0,0.257127583026886,0.0,0.0,0.0
normal,12.253559717550898,9.727813720703123,15.296045303344728,0.040008217096328735,-0.012697219848632812,1.9362071752548216,0.040008217096328735,0.0,0.3253883421421051,0.0,0.0,0.20237585902214045,0.0,0.257127583026886,0.0,0.0,0.0
normal,11.830578823057863,9.727813720703123,14.850550651550291,0.040008217096328735,-0.028029680252075195,1.9362071752548216,0.040008217096328735,0.0,0.4999847412109375,0.0,0.0,0.3253883421421051,0.0,0.257127583026886,0.0,0.0,0.0
normal,11.542430425443982,9.727813720703123,14.361242294311523,0.040008217096328735,-0.028029680252075195,1.9362071752548216,0.040008217096328735,0.0,0.9609363079071044,0.0,0.0753959715366363,0.3253883421421051,0.0,0.257127583026886,0.0,0.0,0.0
normal,11.473118737538655,9.727813720703123,14.417195320129396,0.040008217096328735,-0.028029680252075195,1.9362071752548216,0.040008217096328735,0.0,0.9882808923721312,0.0,0.3234046399593353,0.3700216710567474,0.0,0.257127583026886,0.0,0.0,0.0
normal,11.616511322657267,9.727813720703123,15.447288513183594,0.040008217096328735,-0.028029680252075195,1.9362071752548216,0.040008217096328735,0.0,0.9882808923721312,0.0,0.3253883421421051,0.6250038146972656,0.0,0.257127583026886,0.0,0.0,0.0
normal,11.876630846553555,9.727813720703123,15.913352012634276,0.040008217096328735,-0.028029680252075195,1.9362071752548216,0.040008217096328735,0.0,0.9882808923721312,0.2103182971477508,0.3253883421421051,0.6250038146972656,0.0,0.257127583026886,0.2103182971477508,0.0,0.0
normal,12.339343156671761,9.727813720703123,16.44696044921875,0.040008217096328735,-0.028029680252075195,1.9362071752548216,0.040008217096328735,0.0,0.9882808923721312,0.3253883421421051,0.4722129106521606,0.6250038146972656,0.0,0.1222205385565757,0.3253883421421051,0.0,0.0
normal,13.002562262217204,9.727813720703123,17.054780960083008,0.022759079933166726,-0.028029680252075195,1.9362071752548216,0.028029680252075195,0.0912655889987945,0.9882808923721312,0.3253883421421051,0.4722129106521606,0.6250038146972656,0.0,0.0,0.3253883421421051,0.0,0.0
normal,13.754655785473043,9.90566635131836,17.66585922241211,0.0158116817474363,-0.028029680252075195,1.9362071752548216,0.028029680252075195,0.273796796798706,0.9882808923721312,0.3313394784927368,0.4722129106521606,0.6250038146972656,0.0,0.0,0.3313394784927368,0.0,0.0
normal,14.539035609563191,10.277558326721191,18.053932189941406,0.0136555060744286,-0.028029680252075195,1.837025046348572,0.028029680252075195,0.0674611628055572,0.9882808923721312,0.329355776309967,0.4722129106521606,0.6250038146972656,0.0,0.0,0.329355776309967,0.0,0.0
normal,15.309508130078308,10.622550964355469,18.425561904907227,0.0136555060744286,-0.028029680252075195,1.8295984268188477,0.028029680252075195,0.0,0.9882808923721312,0.329355776309967,0.4722129106521606,0.6250038146972656,0.0,0.0,0.329355776309967,0.0,0.0
normal,16.097552153025326,11.114774703979492,18.939863204956055,0.0136555060744286,-0.016530364751815796,0.9216269254684448,0.016530364751815796,0.0,0.9882808923721312,0.099200427532196,0.4603106677532196,0.6250038146972656,0.0,0.0,0.099200427532196,0.0,0.0
normal,16.85341084957123,12.533947944641112,19.509227752685547,0.0136555060744286,-0.015092939138412531,0.2664021849632263,0.015092939138412531,0.0,0.9882808923721312,0.0,0.41070282459259033,0.5009765923023224,0.0,0.0,0.0,0.0,0.0
normal,17.480982154757033,14.448274612426758,20.02943420410156,0.0136555060744286,-0.007905825972557096,0.0402478091418743,0.0136555060744286,0.0,0.9414044618606568,0.0,0.2618945837020874,0.4999847412109375,0.0,0.0,0.0,0.0,0.0
normal,18.00189694404602,15.455782890319824,20.386959075927734,0.007666248828172698,-0.0095828120829537,0.0495910532772541,0.0095828120829537,0.0,0.5273445844650269,0.0,0.0674611628055572,0.4444257915019989,0.0,0.0,0.0,0.0,0.0
normal,18.48458340167999,15.921133041381836,20.63772773742676,0.007666248828172698,-0.0095828120829537,0.0591738633811473,0.0095828120829537,0.0,0.5,0.0,0.0,0.3620868623256683,0.0,0.0,0.0,0.0,0.0
normal,18.94344031016032,16.45625877380371,20.88531494140625,0.007666248828172698,-0.0095828120829537,0.0891201496124267,0.0095828120829537,0.0,0.4563280045986175,0.0,0.0,0.099200427532196,0.0,0.0,0.0,0.0,0.0
normal,19.3698547967275,17.065471649169922,21.129995346069336,0.007666248828172698,-0.0095828120829537,0.0891201496124267,0.0095828120829537,0.0,0.4087191224098205,0.0,0.0,0.0,0.0,0.0,0.0,0.0,0.0
normal,19.754365952756757,17.675338745117188,21.371875762939453,0.007666248828172698,-0.0095828120829537,0.1032548025250434,0.0095828120829537,0.0,0.2618945837020874,0.0,0.0,0.0,0.0,0.0,0.0,0.0,0.0
normal,20.120250701904297,18.06039047241211,21.60456085205078,0.007666248828172698,-0.0095828120829537,0.1281701028347015,0.0095828120829537,0.0,0.0674611628055572,0.0,0.0,0.0,0.0,0.0,0.0,0.0,0.0
normal,20.46318668047587,18.43300437927246,21.687847137451172,0.007666248828172698,-0.0095828120829537,0.1281701028347015,0.0095828120829537,0.0,0.0,0.0,0.0,0.0,0.0,0.0,0.0,0.0,0.0
normal,20.755907737871574,18.949247360229492,21.687847137451172,0.007666248828172698,-0.0095828120829537,0.1281701028347015,0.0095828120829537,0.0,0.0,0.0,0.0,0.0,0.0,0.0,0.0,0.0,0.0
normal,20.975354473260488,19.518510818481445,21.687847137451172,0.007666248828172698,-0.0095828120829537,0.1281701028347015,0.0095828120829537,0.0,0.0,0.0,0.0,0.0,0.0,0.0,0.0,0.0,0.0
normal,21.094980138312163,20.036975860595703,21.687847137451172,0.006468400359153803,-0.0095828120829537,0.1281701028347015,0.0095828120829537,0.0,0.0,0.0,0.0,0.0,0.0,0.0,0.0,0.0,0.0
normal,21.12940134684245,20.344133377075195,21.687847137451172,0.006468400359153803,-0.008384961634874302,0.1281701028347015,0.008384961634874302,0.0,0.0,0.0,0.0,0.0,0.0,0.0,0.0,0.0,0.0
normal,21.090352341334025,19.912296295166016,21.687847137451172,0.006468400359153803,-0.008384961634874302,0.1281701028347015,0.008384961634874302,0.0,0.0,0.0,0.0,0.0,0.0,0.0,0.0,0.0,0.0
normal,20.983419879277548,19.48451232910156,21.687847137451172,0.006468400359153803,-0.006228826940059606,0.1281701028347015,0.006468400359153803,0.0,0.0,0.0,0.0,0.0,0.0,0.0,0.0,0.0,0.0
normal,20.80930114746094,19.06067276000977,21.687847137451172,0.006468400359153803,-0.006228826940059606,0.1281701028347015,0.006468400359153803,0.0,0.0,0.0,0.0,0.0,0.0,0.0,0.0,0.0,0.0
normal,20.572232961256635,18.682140350341797,21.687847137451172,0.006468398496508598,-0.006228826940059606,0.1281701028347015,0.006468398496508598,0.0,0.1428571343421936,0.0,0.0,0.0,0.0,0.0,0.0,0.0,0.0
normal,20.280993124643963,18.55284118652344,21.687847137451172,0.006468398496508598,-0.005749687552452098,0.0606112852692604,0.006468398496508598,0.0,0.1785638034343719,0.0,0.0,0.0,0.0,0.0,0.0,0.0,0.0
normal,19.966635729471843,18.488496780395508,21.686037063598633,0.0043122656643391,-0.008864101022481898,0.0606112852692604,0.008864101022481898,0.0,0.2063356339931488,0.0,0.0,0.0,0.0,0.0,0.0,0.0,0.0
normal,19.644441738128663,18.32985496520996,21.55317497253418,0.004312265664339,-0.008864101022481898,0.0433622226119041,0.008864101022481898,0.0,0.2063356339931488,0.0,0.0,0.1507919430732727,0.0,0.0,0.0,0.0,0.0
normal,19.329825974145468,18.117109298706055,21.220102310180664,0.004312265664339,-0.008864101022481898,0.0433622226119041,0.008864101022481898,0.0,0.2063356339931488,0.0,0.0,0.1507919430732727,0.0,0.0,0.0,0.0,0.0
normal,19.02805850899876,17.857027053833008,20.77284049987793,0.004312265664339,-0.008864101022481898,0.0091036716476082,0.008864101022481898,0.0,0.2063356339931488,0.0,0.0674611628055572,0.1507919430732727,0.0,0.0,0.0,0.0,0.0
normal,18.736908152898152,17.52277374267578,20.336902618408203,0.004312265664339,-0.008864101022481898,0.0311441384255886,0.008864101022481898,0.0,0.2063356339931488,0.0,0.087298184633255,0.1507919430732727,0.0,0.0,0.0,0.0,0.0
normal,18.468971961339314,17.37668228149414,19.905134201049805,0.006228826940059599,-0.0141346473246813,0.0361751168966293,0.0141346473246813,0.0,0.2063356339931488,0.0,0.1111026406288147,0.1507919430732727,0.0,0.0,0.0,0.0,0.0
normal,18.230253410339355,17.241273880004883,19.4774169921875,0.006228826940059599,-0.0141346473246813,0.0361751168966293,0.0141346473246813,0.0,0.2063356339931488,0.0714285671710968,0.1269875168800354,0.1507919430732727,0.0,0.0,0.0714285671710968,0.0,0.0
normal,18.020081408818562,17.05048942565918,19.053640365600582,0.006228826940059599,-0.0141346473246813,0.0361751168966293,0.0141346473246813,0.0,0.2063356339931488,0.0952330231666565,0.138889729976654,0.1507919430732727,0.0,0.0,0.0952330231666565,0.0,0.0
normal,17.81520285582582,16.53455924987793,18.67933654785156,0.006228826940059599,-0.0141346473246813,0.0361751168966293,0.0141346473246813,0.0,0.2063356339931488,0.0912655889987945,0.138889729976654,0.1507919430732727,0.0,0.0059511065483093,0.0912655889987945,0.0,0.0
normal,17.55160841623942,15.277673721313477,18.55109214782715,0.01605123281478882,-0.0141346473246813,0.0361751168966293,0.01605123281478882,0.0,0.2063356339931488,0.051591545343399,0.12102115154266355,0.1468245387077331,0.0,0.1777642220258712,0.051591545343399,0.0,0.0
normal,17.153485072453815,13.691919326782228,18.486753463745117,0.01605123281478882,-0.0141346473246813,0.0361751168966293,0.01605123281478882,0.0,0.1785638034343719,0.0,0.1031678318977356,0.1468245387077331,0.0,0.4734382033348083,0.0,0.0,0.0
normal,16.436785311698912,8.584832191467285,18.32662582397461,0.01605123281478882,-0.0141346473246813,0.0361751168966293,0.01605123281478882,0.0,0.1507919430732727,0.0,0.0793633759021759,0.1309549212455749,0.0,0.6398541331291199,0.0,0.0,0.0
normal,15.282564477125804,5.570594787597656,18.113210678100582,0.01605123281478882,-0.0141346473246813,0.0361751168966293,0.01605123281478882,0.0,0.1507919430732727,0.0,0.0,0.1309549212455749,0.0,0.6398541331291199,0.0,0.0,0.0
normal,13.990655576131507,4.602441310882568,17.850479125976562,0.0368938148021698,-0.0141346473246813,0.2934736311435699,0.0368938148021698,0.0,0.1507919430732727,0.0,0.0,0.1309549212455749,0.0,0.6398541331291199,0.0,0.0,0.0
normal,12.713443717956544,4.487123012542725,17.519432067871094,0.04456007480621338,-0.03210240602493286,1.2007263898849487,0.04456007480621338,0.0,0.6523483991622925,0.0,0.0,0.1468245387077331,0.0,0.6398541331291199,0.0,0.0,0.0
normal,11.655347641309103,4.487123012542725,17.37440299987793,0.04456007480621338,-0.05893428623676297,1.2007263898849487,0.05893428623676297,0.0,0.6640675067901611,0.0,0.0,0.1468245387077331,0.0,0.6398541331291199,0.0,0.0,0.0
normal,10.77701323668162,4.487123012542725,17.239177703857422,0.04983067512512196,-0.05893428623676297,1.2007263898849487,0.05893428623676297,0.0,0.7538987398147583,0.0,0.0,0.42260506749153137,0.0,0.6398541331291199,0.0,0.0,0.0
normal,10.114486651420593,4.487123012542725,17.041837692260742,0.04983067512512196,-0.05893428623676297,1.2007263898849487,0.05893428623676297,0.0,0.7578051090240479,0.0,0.0,0.5859401226043701,0.0,0.6398541331291199,0.0,0.0,0.0
normal,9.617532745997112,4.487123012542725,16.52520751953125,0.04983067512512196,-0.05893428623676297,1.2007263898849487,0.05893428623676297,0.0,0.7578051090240479,0.0,0.0,0.6142612993717194,0.0,0.6398541331291199,0.0,0.0,0.0
normal,9.297348920504252,4.487123012542725,15.247056007385254,0.04983067512512196,-0.05893428623676297,1.2007263898849487,0.05893428623676297,0.0,0.7578051090240479,0.0,0.535157322883606,0.6328165531158447,0.0,0.6398541331291199,0.0,0.0,0.0
normal,9.210849642753601,4.487123012542725,14.02959442138672,0.04983067512512196,-0.05893428623676297,1.2007263898849487,0.05893428623676297,0.0,0.7578051090240479,0.0,0.5566423535346985,0.6328165531158447,0.0,0.6398541331291199,0.0,0.0,0.0
normal,9.518259629582325,4.487123012542725,14.754538536071776,0.04983067512512196,-0.05893428623676297,1.2007263898849487,0.05893428623676297,0.0,0.7578051090240479,0.42458876967430115,0.5976592302322388,0.6328165531158447,0.0,0.5671910643577576,0.42458876967430115,0.0,0.0
normal,10.353852947884688,4.487123012542725,15.208047866821287,0.04983067512512196,-0.05893428623676297,1.2007263898849487,0.05893428623676297,0.0,0.7578051090240479,0.5429700613021851,0.6015655994415283,0.6328165531158447,0.0,0.1023682281374931,0.5429700613021851,0.0,0.0
normal,11.39337662299474,4.487123012542725,15.390323638916016,0.04983067512512196,-0.05893428623676297,1.2007263898849487,0.05893428623676297,0.0,0.7578051090240479,0.5468764305114746,0.6015655994415283,0.6328165531158447,0.0,0.0,0.5468764305114746,0.0,0.0
normal,12.438468055725098,5.932148456573486,15.417616844177246,0.04983067512512196,-0.05893428623676297,0.4944730997085571,0.05893428623676297,0.3491927981376648,0.7578051090240479,0.5429700613021851,0.6015655994415283,0.6328165531158447,0.0,0.0,0.5429700613021851,0.0,0.0
normal,13.293397196133931,7.712353706359863,15.417616844177246,0.04983067512512196,-0.0220404714345932,0.4034363925457001,0.04983067512512196,0.329355776309967,0.7578051090240479,0.4761803150177002,0.6015655994415283,0.6015655994415283,0.0,0.0,0.4761803150177002,0.0,0.0
normal,13.980132554372151,9.569488525390623,15.417616844177246,0.043601810932159424,-0.0220404714345932,0.4034363925457001,0.043601810932159424,0.3253883421421051,0.7578051090240479,0.3571276068687439,0.5976592302322388,0.6015655994415283,0.0,0.0,0.3571276068687439,0.0,0.0
normal,14.462177050908407,11.305315971374512,15.417616844177246,0.014134645462036133,-0.0220404714345932,0.4034363925457001,0.0220404714345932,0.2936490774154663,0.734382152557373,0.3452253937721252,0.5429700613021851,0.6015655994415283,0.0,0.0,0.3452253937721252,0.0,0.0
normal,14.810130167007447,12.314090728759766,15.417616844177246,0.012936793267726898,-0.01724906265735629,0.210582286119461,0.01724906265735629,0.230155348777771,0.6445356607437134,0.3253883421421051,0.46427808701992035,0.5986358225345612,0.0,0.0,0.3253883421421051,0.0,0.0
normal,15.040822307268778,13.286389350891112,15.417616844177246,0.012936793267726898,-0.017009492963552503,0.210582286119461,0.017009492963552503,0.1984008252620697,0.6445356607437134,0.3214209377765655,0.3491927981376648,0.5703146457672119,0.0,0.0,0.3214209377765655,0.0,0.0
normal,15.158484814961751,14.042572975158691,15.417616844177246,0.012936793267726898,-0.017009492963552503,0.1672200709581375,0.017009492963552503,0.1944334208965301,0.6015655994415283,0.2658619880676269,0.329355776309967,0.4761803150177002,0.0,0.0,0.2658619880676269,0.0,0.0
normal,15.188864812676403,14.703920364379885,15.417616844177246,0.010541096329688998,-0.017009492963552503,0.1638660877943039,0.017009492963552503,0.1944334208965301,0.6015655994415283,0.2063356339931488,0.3253883421421051,0.3571276068687439,0.0,0.0,0.2063356339931488,0.0,0.0
normal,15.160598654747009,14.703920364379885,15.417616844177246,0.010541096329688998,-0.017009492963552503,0.1533249914646148,0.017009492963552503,0.1944334208965301,0.6015655994415283,0.1984008252620697,0.2956327944993973,0.3452253937721252,0.0,0.0,0.1984008252620697,0.0,0.0
normal,15.114961431821188,14.703920364379885,15.417616844177246,0.010541096329688998,-0.015811640303581898,0.1533249914646148,0.015811640303581898,0.1349223256111145,0.4603106677532196,0.1944334208965301,0.2281716465950012,0.3253883421421051,0.0,0.0,0.1944334208965301,0.0,0.0
normal,15.078178807894389,14.703920364379885,15.417486190795898,0.008145391941070598,-0.015811640303581898,0.1533249914646148,0.015811640303581898,0.1349223256111145,0.3491927981376648,0.1944334208965301,0.20038452744483945,0.3214209377765655,0.0,0.0,0.1944334208965301,0.0,0.0
normal,15.0738871939977,14.703920364379885,15.588414192199709,0.008145391941070598,-0.015811640303581898,0.1533249914646148,0.015811640303581898,0.1349223256111145,0.329355776309967,0.1944334208965301,0.20038452744483945,0.3015839159488678,0.0,0.0,0.1944334208965301,0.0,0.0
normal,15.117017912864686,14.703920364379885,16.048913955688477,0.008145391941070598,-0.015811640303581898,0.143742173910141,0.015811640303581898,0.1349223256111145,0.329355776309967,0.1944334208965301,0.20038452744483945,0.3015839159488678,0.0,0.0,0.1944334208965301,0.0,0.0
normal,15.206001547177634,14.703920364379885,16.41712188720703,0.008145391941070598,-0.015811640303581898,0.1408673375844955,0.015811640303581898,0.1349223256111145,0.329355776309967,0.1944334208965301,0.20038452744483945,0.2777642011642456,0.0,0.0,0.1944334208965301,0.0,0.0
normal,15.331197204589843,14.703920364379885,16.665678024291992,0.007426679134368903,-0.015811640303581898,0.101577803492546,0.015811640303581898,0.1349223256111145,0.329355776309967,0.1944334208965301,0.1984008252620697,0.2658619880676269,0.0,0.0,0.1944334208965301,0.0,0.0
normal,15.492660312652587,14.703920364379885,16.744009017944336,0.007426679134368903,-0.015811640303581898,0.0948698371648788,0.015811640303581898,0.099200427532196,0.329355776309967,0.1944334208965301,0.1944334208965301,0.2658619880676269,0.0,0.0,0.1944334208965301,0.0,0.0
normal,15.684723591804504,14.703920364379885,16.791379928588867,0.007426679134368903,-0.015811640303581898,0.0948698371648788,0.015811640303581898,0.0753959715366363,0.329355776309967,0.1349223256111145,0.1944334208965301,0.2658619880676269,0.0,0.0,0.1349223256111145,0.0,0.0
normal,15.890741581916808,14.7047119140625,16.79830551147461,0.007426679134368903,-0.007905818521976499,-0.0309045687317848,0.007905818521976499,0.0317392647266387,0.329355776309967,0.099200427532196,0.1944334208965301,0.2658619880676269,0.0,0.0,0.099200427532196,0.0,0.0
normal,16.07154825880206,14.789555549621582,16.79830551147461,0.0074266791343688965,-0.007905818521976499,-0.0309045687317848,0.007905818521976499,0.0,0.329355776309967,0.087298184633255,0.1745963990688324,0.2658619880676269,0.0,0.0,0.087298184633255,0.0,0.0
normal,16.19913664182027,14.941057205200195,16.79830551147461,0.0081453900784254,-0.007905818521976499,0.0167699214071035,0.0081453900784254,0.0,0.329355776309967,0.05853450298309323,0.1349223256111145,0.2658619880676269,0.0,0.0,0.05853450298309323,0.0,0.0
normal,16.268361301772384,15.17212200164795,16.79830551147461,0.0112598091363907,-0.0031144171953201016,0.2074678838253021,0.0112598091363907,0.0,0.329355776309967,0.0396740734577178,0.1031678318977356,0.2698293924331665,0.0,0.0,0.0396740734577178,0.0,0.0
normal,16.31242734114329,15.596128463745115,16.79830551147461,0.011259809136390714,-0.009582817554473905,0.3320444226264953,0.011259809136390714,0.0,0.4007843136787414,0.0396740734577178,0.1031678318977356,0.2856990098953247,0.0,0.0,0.0396740734577178,0.0,0.0
normal,16.331947615941367,15.683723449707031,16.79830551147461,0.011259809136390714,-0.009582817554473905,0.3320444226264953,0.011259809136390714,0.0,0.4007843136787414,0.0396740734577178,0.1031678318977356,0.2618945837020874,0.0,0.0,0.0396740734577178,0.0,0.0
normal,16.309857937494915,15.683723449707031,16.79830551147461,0.011259809136390714,-0.009582817554473905,0.3320444226264953,0.011259809136390714,0.0,0.4007843136787414,0.0396740734577178,0.1031678318977356,0.2182531058788299,0.0,0.0,0.0396740734577178,0.0,0.0
normal,16.237483676274618,15.641799926757812,16.79830551147461,0.011259809136390714,-0.009582817554473905,0.3320444226264953,0.011259809136390714,0.0,0.4007843136787414,0.0396740734577178,0.1031678318977356,0.2152775526046753,0.0,0.0,0.0396740734577178,0.0,0.0
normal,16.10623205661774,15.160072326660156,16.79830551147461,0.011259809136390714,-0.009582817554473905,0.3320444226264953,0.011259809136390714,0.0,0.4007843136787414,0.0396740734577178,0.1984008252620697,0.2152775526046753,0.0,0.0,0.0396740734577178,0.0,0.0
normal,15.920601987838745,14.683612823486328,16.79830551147461,0.011259809136390714,-0.009582817554473905,0.3320444226264953,0.011259809136390714,0.0,0.4007843136787414,0.0396740734577178,0.1984008252620697,0.2222205400466919,0.0,0.0,0.0396740734577178,0.0,0.0
normal,15.694773109753926,14.38032341003418,16.72731590270996,0.011259809136390714,-0.009582817554473905,0.3320444226264953,0.011259809136390714,0.0,0.4007843136787414,0.17261269688606262,0.1984008252620697,0.2698293924331665,0.0,0.0,0.17261269688606262,0.0,0.0
normal,15.475223697286616,14.292080879211426,16.365209579467773,0.011259809136390714,-0.009582817554473905,0.3320444226264953,0.011259809136390714,0.0,0.5273445844650269,0.1984008252620697,0.1984008252620697,0.2777642011642456,0.0,0.0,0.1984008252620697,0.0,0.0
normal,15.325128087997436,14.292080879211426,16.053123474121094,0.011259809136390714,-0.009582817554473905,0.3320444226264953,0.011259809136390714,0.0,0.535157322883606,0.1984008252620697,0.2559434771537781,0.3610950112342834,0.0,0.0,0.1984008252620697,0.0,0.0
normal,15.248353086969816,14.292080879211426,16.053123474121094,0.011259809136390714,-0.009582817554473905,0.3320444226264953,0.011259809136390714,0.1984008252620697,0.5390636920928955,0.1984008252620697,0.273796796798706,0.5,0.0,0.0,0.1984008252620697,0.0,0.0
normal,15.167799879709879,14.292080879211426,16.053123474121094,0.010301515460014288,-0.00958280265331271,0.3320444226264953,0.010301515460014288,0.1984008252620697,0.5390636920928955,0.1984008252620697,0.273796796798706,0.535157322883606,0.0,0.0,0.1984008252620697,0.0,0.0
normal,15.072767635981242,14.292080879211426,16.053123474121094,0.010301515460014288,-0.00958280265331271,0.3071291148662567,0.010301515460014288,0.1984008252620697,0.5390636920928955,0.1984008252620697,0.2777642011642456,0.5390636920928955,0.0,0.0,0.1984008252620697,0.0,0.0
normal,14.980667696970333,14.292080879211426,15.969766616821287,0.010301515460014288,-0.00958280265331271,0.3071291148662567,0.010301515460014288,0.1984008252620697,0.5390636920928955,0.1984008252620697,0.5117191076278687,0.5390636920928955,0.0,0.0,0.1984008252620697,0.0,0.0
normal,14.912067238489787,14.292080879211426,15.634147644042969,0.010301515460014288,-0.00958280265331271,0.3071291148662567,0.010301515460014288,0.1984008252620697,0.6445356607437134,0.273796796798706,0.5273445844650269,0.5390636920928955,0.0,0.0,0.273796796798706,0.0,0.0
normal,14.908017155329386,14.292080879211426,15.556650161743164,0.004312276840209905,-0.005989253520965604,0.3071291148662567,0.005989253520965604,0.1984008252620697,0.6523483991622925,0.4285561740398407,0.535157322883606,0.5390636920928955,0.0,0.0,0.4285561740398407,0.0,0.0
normal,14.995149706204732,14.292080879211426,16.00998306274414,0.004312276840209905,-0.008864101022481901,0.3071291148662567,0.008864101022481901,0.2380901575088501,0.6523483991622925,0.5039063692092896,0.5390636920928955,0.5390636920928955,0.0,0.0,0.5039063692092896,0.0,0.0
normal,15.164942181905111,14.292080879211426,16.402851104736328,0.004312276840209905,-0.0232383012771607,0.3071291148662567,0.0232383012771607,0.2777642011642456,0.6523483991622925,0.5039063692092896,0.5390636920928955,0.5390636920928955,0.0,0.0,0.5039063692092896,0.0,0.0
normal,15.385522120407536,14.46158504486084,16.685176849365234,0.008864104747772217,-0.0232383012771607,0.3071291148662567,0.0232383012771607,0.0238044261932373,0.6523483991622925,0.4563280045986175,0.5390636920928955,0.5390636920928955,0.0,0.0,0.4563280045986175,0.0,0.0
normal,15.597919975916545,14.82433795928955,16.81438446044922,0.008864104747772217,-0.0232383012771607,0.287005215883255,0.0232383012771607,0.0198370218276977,0.6523483991622925,0.3601031601428985,0.5390636920928955,0.5390636920928955,0.0,0.0,0.3601031601428985,0.0,0.0
normal,15.788900706525238,14.999917030334473,16.935951232910156,0.008864104747772217,-0.0232383012771607,0.262329488992691,0.0232383012771607,0.0158696174621582,0.6523483991622925,0.1567430645227432,0.5039063692092896,0.5390636920928955,0.0,0.0,0.1567430645227432,0.0,0.0
normal,15.988482559521993,15.045549392700195,17.057985305786133,0.008864104747772217,-0.0232383012771607,0.262329488992691,0.0232383012771607,0.0158696174621582,0.6523483991622925,0.0198370218276977,0.4285561740398407,0.5390636920928955,0.0,0.0,0.0198370218276977,0.0,0.0
normal,16.193416787783306,15.090041160583496,17.167932510375977,0.008864104747772217,-0.0232383012771607,0.2436430007219314,0.0232383012771607,0.0,0.6523483991622925,0.0158696174621582,0.2817316055297851,0.5361339151859283,0.0,0.0,0.0158696174621582,0.0,0.0
normal,16.402432682906927,15.118227005004885,17.303730010986328,0.008864104747772217,-0.0232383012771607,0.2134571373462677,0.0232383012771607,0.0,0.6523483991622925,0.0158696174621582,0.051591545343399,0.4999847412109375,0.0,0.0,0.0158696174621582,0.0,0.0
normal,16.63145196975173,15.197855949401855,17.53163719177246,0.008864104747772217,-0.0232383012771607,0.2134571373462677,0.0232383012771607,0.0,0.6523483991622925,0.0158696174621582,0.051591545343399,0.35911130905151367,0.0,0.0,0.0158696174621582,0.0,0.0
normal,16.86563299175893,15.564796447753906,17.89122772216797,0.008864104747772217,-0.0232383012771607,0.1590746790170669,0.0232383012771607,0.0,0.6523483991622925,0.0158696174621582,0.051591545343399,0.2063356339931488,0.0,0.0,0.0158696174621582,0.0,0.0
normal,17.092873004277546,16.018085479736328,18.142709732055664,0.008864104747772217,-0.0232383012771607,0.0172490607947111,0.0232383012771607,0.0,0.4920499324798584,0.0158696174621582,0.051591545343399,0.1349223256111145,0.0,0.0,0.0158696174621582,0.0,0.0
normal,17.288676131566366,16.40924644470215,18.191694259643555,0.008864104747772217,-0.005749702453613281,-0.2120197117328643,0.008864104747772217,0.0,0.2817316055297851,0.0158696174621582,0.051591545343399,0.0833307802677154,0.0,0.0,0.0158696174621582,0.0,0.0
normal,17.44683601697286,16.687442779541016,18.191694259643555,0.008145391941070612,-0.008145391941070557,-0.2120197117328643,0.008145391941070612,0.0,0.2777642011642456,0.0158696174621582,0.0793633759021759,0.0833307802677154,0.0,0.0,0.0158696174621582,0.0,0.0
normal,17.590301892594223,16.8165283203125,18.21015167236328,0.004791408777236994,-0.008145391941070557,-0.2299874871969223,0.008145391941070557,0.0,0.2817316055297851,0.0158696174621582,0.0833307802677154,0.1349223256111145,0.0,0.0,0.0158696174621582,0.0,0.0
normal,17.72256139034836,16.937965393066406,18.334386825561523,0.014374218881130302,-0.008145391941070557,-0.0273110140115022,0.014374218881130302,0.0,0.5585955381393433,0.0238044261932373,0.0833307802677154,0.2063356339931488,0.0,0.0,0.0238044261932373,0.0,0.0
normal,17.898364493052163,17.05997085571289,19.26159286499023,0.014374218881130302,-0.008145391941070557,0.0213217567652463,0.014374218881130302,0.0,0.9765617847442628,0.0833307802677154,0.0952330231666565,0.2182531058788299,0.0,0.0,0.0833307802677154,0.0,0.0
normal,18.16224840482076,17.169435501098633,19.998523712158203,0.014374218881130302,-0.008145391941070557,0.0313837081193923,0.014374218881130302,0.0,0.9921872615814208,0.0833307802677154,0.1507919430732727,0.2817316055297851,0.0,0.0,0.0833307802677154,0.0,0.0
normal,18.440177844365436,17.307493209838867,20.008285522460938,0.014374218881130302,-0.009582812897860999,0.0313837081193923,0.014374218881130302,0.0793633759021759,0.9921872615814208,0.0833307802677154,0.2063356339931488,0.2817316055297851,0.0,0.0,0.0833307802677154,0.0,0.0
normal,18.694539966678462,17.535493850708008,20.008285522460938,0.014374218881130302,-0.009582812897860999,0.0436017960309982,0.014374218881130302,0.0833307802677154,0.9921872615814208,0.1349223256111145,0.230155348777771,0.2817316055297851,0.0,0.0,0.1349223256111145,0.0,0.0
normal,18.91889521682917,17.897001266479492,20.008285522460938,0.014374218881130302,-0.009582812897860999,0.0436017960309982,0.014374218881130302,0.0833307802677154,0.9921872615814208,0.1428571343421936,0.230155348777771,0.2817316055297851,0.0,0.0,0.1428571343421936,0.0,0.0
normal,19.094242779413857,18.136005401611328,20.008285522460938,0.014374218881130302,-0.009582812897860999,0.0436017960309982,0.014374218881130302,0.0833307802677154,0.9921872615814208,0.2063356339931488,0.230155348777771,0.2817316055297851,0.0,0.0,0.2063356339931488,0.0,0.0
normal,19.238006161926982,18.136005401611328,20.008285522460938,0.014374218881130302,-0.009582812897860999,0.0436017960309982,0.014374218881130302,0.0833307802677154,0.9921872615814208,0.2142857015132904,0.2341227531433105,0.317453533411026,0.0,0.0,0.2142857015132904,0.0,0.0
normal,19.369435958862304,18.165328979492188,20.008285522460938,0.014374218881130302,-0.009582812897860999,0.0436017960309982,0.014374218881130302,0.1428571343421936,0.9921872615814208,0.2142857015132904,0.2341227531433105,0.317453533411026,0.0,0.0,0.2142857015132904,0.0,0.0
normal,19.46689357439677,18.165328979492188,20.008285522460938,0.0167699232697487,-0.009582812897860999,0.143263041973114,0.0167699232697487,0.0396740734577178,0.9921872615814208,0.2103182971477508,0.230155348777771,0.317453533411026,0.0,0.0,0.2103182971477508,0.0,0.0
normal,19.514265979131064,18.34370803833008,20.008285522460938,0.0167699232697487,-0.026352729648351704,0.1499710083007812,0.026352729648351704,0.0,0.9921872615814208,0.2023682296276092,0.230155348777771,0.2936490774154663,0.0,0.0,0.2023682296276092,0.0,0.0
normal,19.446182057062785,17.828815460205078,20.008285522460938,0.0167699232697487,-0.026352729648351704,0.1499710083007812,0.026352729648351704,0.0,0.9921872615814208,0.1428571343421936,0.2142857015132904,0.2539597749710083,0.0,0.0,0.1428571343421936,0.0,0.0
normal,19.24906628926595,17.76113510131836,20.008285522460938,0.0167699232697487,-0.026352729648351704,0.1499710083007812,0.026352729648351704,0.0,0.317453533411026,0.1428571343421936,0.2142857015132904,0.2420575618743896,0.0,0.0,0.1428571343421936,0.0,0.0
normal,19.02370743751526,17.73582649230957,19.9952335357666,0.0167699232697487,-0.026352729648351704,0.1499710083007812,0.026352729648351704,0.0,0.317453533411026,0.1428571343421936,0.2142857015132904,0.2539597749710083,0.0,0.0,0.1428571343421936,0.0,0.0
normal,18.799535512924194,17.729076385498047,19.97065162658691,0.0167699232697487,-0.026352729648351704,0.1499710083007812,0.026352729648351704,0.0,0.5156254768371582,0.1428571343421936,0.2142857015132904,0.2906620800495147,0.0,0.0,0.1428571343421936,0.0,0.0
normal,18.600134348033464,17.729076385498047,19.887042999267575,0.0167699232697487,-0.026352729648351704,0.1499710083007812,0.026352729648351704,0.0,0.5585955381393433,0.1626941859722137,0.2499923706054687,0.2936490774154663,0.0,0.0,0.1626941859722137,0.0,0.0
normal,18.434878832499187,17.729076385498047,19.672399520874023,0.0167699232697487,-0.026352729648351704,0.1499710083007812,0.026352729648351704,0.0,0.5585955381393433,0.1785638034343719,0.2539597749710083,0.317453533411026,0.0,0.0,0.1785638034343719,0.0,0.0
normal,18.26687034924825,17.729076385498047,19.57500648498535,0.0167699232697487,-0.026352729648351704,0.1499710083007812,0.026352729648351704,0.0,0.5585955381393433,0.1587267816066742,0.2142857015132904,0.2936490774154663,0.0,0.0,0.1587267816066742,0.0,0.0
normal,18.07811752319336,17.44916343688965,19.34082794189453,0.0167699232697487,-0.026352729648351704,0.1499710083007812,0.026352729648351704,0.0,0.5585955381393433,0.1468245387077331,0.2023682296276092,0.2936490774154663,0.0,0.0,0.1468245387077331,0.0,0.0
normal,17.895339788097314,17.228912353515625,18.96556282043457,0.0057496875524520995,-0.026352729648351704,0.1499710083007812,0.026352729648351704,0.0,0.5585955381393433,0.1507919430732727,0.2539597749710083,0.2936490774154663,0.0,0.0,0.1507919430732727,0.0,0.0
normal,17.735483220418296,16.89264678955078,18.354835510253903,0.0057496875524520995,-0.0050309761427342,0.0251548811793327,0.0057496875524520995,0.0,0.5585955381393433,0.1785638034343719,0.2559434771537781,0.2936490774154663,0.0,0.0,0.1785638034343719,0.0,0.0
normal,17.608304674915956,16.741994857788086,18.16277503967285,0.0057496875524520995,-0.005749687552452101,0.0251548811793327,0.005749687552452101,0.1468245387077331,0.5585955381393433,0.186498612165451,0.2579271793365478,0.3412579894065857,0.0,0.0,0.186498612165451,0.0,0.0
normal,17.502989388467473,16.726884841918945,18.16277503967285,0.0026352722197771003,-0.005749687552452101,0.0153324995189905,0.005749687552452101,0.1468245387077331,0.5585955381393433,0.186498612165451,0.2936490774154663,0.3809472918510437,0.0,0.0,0.186498612165451,0.0,0.0
normal,17.403721024476628,16.726884841918945,18.16277503967285,0.002874843776226009,-0.0062288269400597035,0.0026352733839303,0.0062288269400597035,0.1468245387077331,0.5585955381393433,0.186498612165451,0.2936490774154663,0.416653960943222,0.0,0.0,0.186498612165451,0.0,0.0
normal,17.306978089014688,16.726884841918945,18.16277503967285,0.002874843776226009,-0.0062288269400597035,0.0026352733839303,0.0062288269400597035,0.1468245387077331,0.6328165531158447,0.186498612165451,0.3372905850410461,0.416653960943222,0.0,0.0,0.186498612165451,0.0,0.0
normal,17.222055082908287,16.726884841918945,18.16277503967285,0.002874843776226009,-0.0062288269400597035,0.0026352733839303,0.0062288269400597035,0.1468245387077331,0.8945280313491821,0.186498612165451,0.3372905850410461,0.416653960943222,0.0,0.0,0.186498612165451,0.0,0.0
normal,17.17778789539369,16.726884841918945,18.05248260498047,0.004791408777236897,-0.0062288269400597035,0.001676992047578,0.0062288269400597035,0.1468245387077331,0.9023407697677612,0.1944334208965301,0.3491927981376648,0.43450728058815,0.0,0.0,0.1944334208965301,0.0,0.0
normal,17.184831937154133,16.726884841918945,18.001319885253906,0.004791408777236897,-0.0062288269400597035,0.001676992047578,0.0062288269400597035,0.1468245387077331,0.9023407697677612,0.2579271793365478,0.3849146962165832,0.5195318460464478,0.0,0.0,0.2579271793365478,0.0,0.0
normal,17.200954316457114,16.726884841918945,18.001319885253906,0.004791408777236897,-0.0062288269400597035,-0.0040726950392127,0.0062288269400597035,0.1785638034343719,0.9023407697677612,0.2579271793365478,0.3849146962165832,0.5195318460464478,0.0,0.0,0.2579271793365478,0.0,0.0
normal,17.221605860392252,16.726884841918945,18.001319885253906,0.004791408777236897,-0.0062288269400597035,-0.0040726950392127,0.0062288269400597035,0.1785638034343719,0.9023407697677612,0.2767723500728607,0.3849146962165832,0.5195318460464478,0.0,0.0,0.2767723500728607,0.0,0.0
normal,17.257711203893027,16.726884841918945,18.001319885253906,0.0050309747457503995,-0.0062288269400597035,-0.0040726950392127,0.0062288269400597035,0.1785638034343719,0.9023407697677612,0.3095187246799469,0.3928495049476623,0.5195318460464478,0.0,0.0,0.3095187246799469,0.0,0.0
normal,17.321153053626443,16.726884841918945,18.001319885253906,0.0083849607035517,-0.0062288269400597035,0.0282692946493625,0.0083849607035517,0.2420575618743896,0.9023407697677612,0.3095187246799469,0.3968169093132019,0.5195318460464478,0.0,0.0,0.3095187246799469,0.0,0.0
normal,17.384799776378763,16.740766525268555,18.001319885253906,0.0083849607035517,-0.008145389962009999,0.030664999037981,0.0083849607035517,0.2420575618743896,0.9023407697677612,0.3095187246799469,0.3690298199653625,0.5195318460464478,0.0,0.0,0.3095187246799469,0.0,0.0
normal,17.434060371259285,16.766361236572266,18.001319885253906,0.0083849607035517,-0.008145389962009999,0.0845683142542839,0.0083849607035517,0.2420575618743896,0.9023407697677612,0.3055513203144073,0.3372905850410461,0.5195318460464478,0.0,0.0,0.3055513203144073,0.0,0.0
normal,17.46212615331014,16.852516174316406,18.001319885253906,0.0083849607035517,-0.008145389962009999,0.0845683142542839,0.0083849607035517,0.2420575618743896,0.9023407697677612,0.2976165115833282,0.3134861290454864,0.4364909827709198,0.0,0.0,0.2976165115833282,0.0,0.0
normal,17.459212113700445,17.005252838134766,18.001319885253906,0.0083849607035517,-0.008145389962009999,0.0845683142542839,0.0083849607035517,0.2420575618743896,0.9023407697677612,0.2976165115833282,0.3134861290454864,0.4285561740398407,0.0,0.0,0.2976165115833282,0.0,0.0
normal,17.39095713889936,17.005252838134766,18.001319885253906,0.0083849607035517,-0.008145389962009999,0.138471633195877,0.0083849607035517,0.2420575618743896,0.6015655994415283,0.2976165115833282,0.3134861290454864,0.3888821005821228,0.0,0.0,0.2976165115833282,0.0,0.0
normal,17.301596633606465,17.005252838134766,17.900096893310547,0.0083849607035517,-0.009103670716285699,0.138471633195877,0.009103670716285699,0.2420575618743896,0.4880825281143188,0.2976165115833282,0.3134861290454864,0.4007843136787414,0.0,0.0,0.2976165115833282,0.0,0.0
normal,17.268766934076947,17.005252838134766,17.780437469482422,0.0083849607035517,-0.009103670716285699,0.138471633195877,0.009103670716285699,0.2420575618743896,0.4999847412109375,0.3095187246799469,0.3531602025032043,0.404751718044281,0.0,0.0,0.3095187246799469,0.0,0.0
normal,17.321262804667153,17.005252838134766,18.300153732299805,0.0083849607035517,-0.009103670716285699,0.138471633195877,0.009103670716285699,0.2420575618743896,0.4999847412109375,0.3134861290454864,0.3610950112342834,0.4126865267753601,0.0,0.0,0.3134861290454864,0.0,0.0
normal,17.426847324371337,17.005252838134766,18.68815040588379,0.0083849607035517,-0.009103670716285699,0.138471633195877,0.009103670716285699,0.2420575618743896,0.4999847412109375,0.3055513203144073,0.3531602025032043,0.4087191224098205,0.0,0.0,0.3055513203144073,0.0,0.0
normal,17.569871581395468,17.005252838134766,18.99024200439453,0.0074266794836147995,-0.009103670716285699,0.138471633195877,0.009103670716285699,0.2222205400466919,0.4999847412109375,0.2896664142608642,0.3313394784927368,0.4007843136787414,0.0,0.0,0.2896664142608642,0.0,0.0
normal,17.74496631940206,17.005252838134766,19.242198944091797,0.006468400359153706,-0.009103670716285699,0.138471633195877,0.009103670716285699,0.2023682296276092,0.4999847412109375,0.2698293924331665,0.32737205922603607,0.4007843136787414,0.0,0.0,0.2698293924331665,0.0,0.0
normal,17.953393300374348,17.005252838134766,19.40367126464844,0.004551835358142797,-0.009103670716285699,0.138471633195877,0.009103670716285699,0.1230048537254333,0.4999847412109375,0.2380901575088501,0.32737205922603607,0.4007843136787414,0.0,0.0,0.2380901575088501,0.0,0.0
normal,18.189062443320857,17.02016258239746,19.446533203125,0.004551835358142797,-0.009103670716285699,0.138471633195877,0.009103670716285699,0.0634937584400177,0.4999847412109375,0.2222205400466919,0.3095187246799469,0.4007843136787414,0.0,0.0,0.2222205400466919,0.0,0.0
normal,18.42799261604093,17.02229881286621,19.446533203125,0.004551835358142797,-0.009103670716285699,0.138471633195877,0.009103670716285699,0.0595263540744781,0.4999847412109375,0.1666615903377533,0.2777642011642456,0.3928495049476623,0.0,0.0,0.1666615903377533,0.0,0.0
normal,18.66735145250956,17.029855728149414,19.446533203125,0.004551835358142797,-0.009103670716285699,0.1372737884521484,0.009103670716285699,0.0436567366123199,0.4999847412109375,0.1031678318977356,0.2222205400466919,0.3462172448635101,0.0,0.0,0.1031678318977356,0.0,0.0
normal,18.895388758977255,17.180574417114258,19.446533203125,0.004551835358142797,-0.0040726950392127,0.132721945643425,0.004551835358142797,0.0436567366123199,0.4999847412109375,0.0595263540744781,0.2023682296276092,0.2896664142608642,0.0,0.0,0.0595263540744781,0.0,0.0
normal,19.08709533691406,17.79178237915039,19.446533203125,0.004551835358142797,-0.0040726950392127,0.132721945643425,0.004551835358142797,0.0436567366123199,0.4603106677532196,0.0595263540744781,0.1230048537254333,0.2380901575088501,0.0,0.0,0.0595263540744781,0.0,0.0
normal,19.22111033121745,18.307119369506836,19.446533203125,0.002635273616760899,-0.0040726950392127,0.1157124564051628,0.0040726950392127,0.0436567366123199,0.3095187246799469,0.0436567366123199,0.0634937584400177,0.2222205400466919,0.0,0.0,0.0436567366123199,0.0,0.0
normal,19.315670963923136,18.69417381286621,19.455934524536133,0.002635273616760899,-0.0040726950392127,0.0764229223132133,0.0040726950392127,0.0277718305587768,0.2777642011642456,0.0436567366123199,0.0595263540744781,0.1666615903377533,0.0,0.0,0.0436567366123199,0.0,0.0
normal,19.376945587793987,18.994625091552734,19.471921920776367,0.002635273616760899,-0.0040726950392127,0.0385708175599575,0.0040726950392127,0.0277718305587768,0.2222205400466919,0.0436567366123199,0.0436567366123199,0.1031678318977356,0.0,0.0,0.0436567366123199,0.0,0.0
normal,19.41563550313314,19.24598503112793,19.56120491027832,0.002635273616760899,-0.0040726950392127,0.0249153114855289,0.0040726950392127,0.0277718305587768,0.2023682296276092,0.0436567366123199,0.0436567366123199,0.0634937584400177,0.0,0.0,0.0436567366123199,0.0,0.0
normal,19.444226214090982,19.34187126159668,19.68118667602539,0.002635273616760899,-0.0040726950392127,0.0249153114855289,0.0040726950392127,0.0277718305587768,0.1230048537254333,0.0436567366123199,0.0436567366123199,0.0634937584400177,0.0,0.0,0.0436567366123199,0.0,0.0
normal,19.47395398652494,19.34187126159668,19.76827621459961,0.002635273616760899,-0.0040726950392127,0.0249153114855289,0.0040726950392127,0.0277718305587768,0.087298184633255,0.0436567366123199,0.0436567366123199,0.0595263540744781,0.0,0.0,0.0436567366123199,0.0,0.0
normal,19.51066402753194,19.34187126159668,19.81993103027344,0.002635273616760899,-0.0040726950392127,0.0201239045709371,0.0040726950392127,0.0277718305587768,0.087298184633255,0.0436567366123199,0.0436567366123199,0.0595263540744781,0.0,0.0,0.0436567366123199,0.0,0.0
normal,19.55282426557079,19.34187126159668,19.835493087768555,0.002635273616760899,-0.003353985026478802,0.0141346473246812,0.003353985026478802,0.0238044261932373,0.087298184633255,0.0317392647266387,0.0436567366123199,0.0595263540744781,0.0,0.0,0.0317392647266387,0.0,0.0
normal,19.601374743779502,19.34345436096191,19.842668533325195,0.002874843776226099,-0.004072695970535306,0.0141346473246812,0.004072695970535306,0.0238044261932373,0.087298184633255,0.0277718305587768,0.0436567366123199,0.0595263540744781,0.0,0.0,0.0277718305587768,0.0,0.0
normal,19.649529911677043,19.38725471496582,19.8493595123291,0.007187098264694297,-0.01006196439266202,0.0141346473246812,0.01006196439266202,0.0238044261932373,0.087298184633255,0.0238044261932373,0.0396740734577178,0.0595263540744781,0.0,0.0,0.0238044261932373,0.0,0.0
normal,19.69320755004883,19.4317684173584,19.85112762451172,0.007187098264694297,-0.01006196439266202,0.0059892577119171,0.01006196439266202,0.0,0.087298184633255,0.0238044261932373,0.0277718305587768,0.0595263540744781,0.0,0.0,0.0238044261932373,0.0,0.0
normal,19.730050376256308,19.45620346069336,19.85112762451172,0.007187098264694297,-0.01006196439266202,0.0059892577119171,0.01006196439266202,0.0,0.087298184633255,0.0238044261932373,0.0277718305587768,0.0595263540744781,0.0,0.0,0.0238044261932373,0.0,0.0
normal,19.76085378964742,19.472187042236328,19.85112762451172,0.007187109440565095,-0.01006196439266202,0.0045518358238041,0.01006196439266202,0.0,0.087298184633255,0.0,0.0238044261932373,0.0595263540744781,0.0,0.0,0.0,0.0,0.0
normal,19.767592288416893,19.387296676635746,19.85112762451172,0.007187109440565095,-0.01006196439266202,-0.0009582812199369,0.01006196439266202,0.0,0.087298184633255,0.0,0.0238044261932373,0.0436567366123199,0.0,0.0,0.0,0.0,0.0
normal,19.72121206601461,18.95732688903809,19.85112762451172,0.007187109440565095,-0.01006196439266202,0.0014374217716977,0.01006196439266202,0.0,0.087298184633255,0.0,0.0238044261932373,0.0238044261932373,0.0,0.0,0.0,0.0,0.0
normal,19.62252346992493,18.538244247436523,19.85112762451172,0.007187109440565095,-0.01006196439266202,0.0141346473246812,0.01006196439266202,0.0,0.0595263540744781,0.0,0.0,0.0238044261932373,0.0,0.0,0.0,0.0,0.0
normal,19.475375420252483,18.122865676879883,19.85112762451172,0.007187109440565095,-0.01006196439266202,0.0323419906198978,0.01006196439266202,0.0,0.0396740734577178,0.0,0.0,0.0238044261932373,0.0,0.0,0.0,0.0,0.0
normal,19.287553539688695,17.862651824951172,19.85112762451172,0.007187109440565095,-0.01006196439266202,0.0323419906198978,0.01006196439266202,0.0,0.2460249662399292,0.0,0.0,0.0238044261932373,0.0,0.0,0.0,0.0,0.0
normal,19.093575976689657,17.862651824951172,19.85112762451172,0.007187109440565095,-0.01006196439266202,0.0323419906198978,0.01006196439266202,0.0,0.3571276068687439,0.0,0.0,0.0238044261932373,0.0,0.0,0.0,0.0,0.0
normal,18.916306449495295,17.862651824951172,19.85112762451172,0.007187109440565095,-0.0033539840951561997,0.0323419906198978,0.007187109440565095,0.0,0.3571276068687439,0.0,0.0,0.0238044261932373,0.0,0.0,0.0,0.0,0.0
normal,18.726551809310912,17.862651824951172,19.832096099853516,0.007187109440565095,-0.0033539840951561997,0.0323419906198978,0.007187109440565095,0.0,0.3571276068687439,0.0,0.0,0.1349223256111145,0.0,0.0,0.0,0.0,0.0
normal,18.529027814865113,17.815420150756836,19.79673957824707,0.007187109440565095,-0.0047914050519466,0.0323419906198978,0.007187109440565095,0.0,0.3571276068687439,0.0,0.0,0.1825312077999115,0.0,0.0,0.0,0.0,0.0
normal,18.32811051050822,17.682891845703125,19.71841812133789,0.004072695970535202,-0.0047914050519466,0.0323419906198978,0.0047914050519466,0.0,0.3571276068687439,0.0,0.1309549212455749,0.1825312077999115,0.0,0.0,0.0,0.0,0.0
normal,18.132376666076965,17.502920150756836,19.380216598510746,0.004072695970535202,-0.0047914050519466,0.0323419906198978,0.0047914050519466,0.0,0.3571276068687439,0.0,0.1309549212455749,0.1825312077999115,0.0,0.0,0.0,0.0,0.0
normal,17.954993052156222,17.28965187072754,18.95030975341797,0.004072695970535202,-0.0047914050519466,0.0323419906198978,0.0047914050519466,0.0,0.3571276068687439,0.0,0.1309549212455749,0.1825312077999115,0.0,0.0,0.0,0.0,0.0
normal,17.79474868774414,17.024789810180664,18.53129196166992,0.004072695970535202,-0.0047914050519466,0.0323419906198978,0.0047914050519466,0.0,0.3571276068687439,0.099200427532196,0.1309549212455749,0.1825312077999115,0.0,0.0,0.099200427532196,0.0,0.0
normal,17.65053931236267,16.742467880249023,18.1159725189209,0.002874843776226002,-0.0047914050519466,0.0323419906198978,0.0047914050519466,0.0,0.3571276068687439,0.099200427532196,0.1309549212455749,0.1825312077999115,0.0,0.0,0.099200427532196,0.0,0.0
normal,17.512790842056276,16.35409164428711,18.08545684814453,0.009822382591664701,-0.0047914050519466,0.0359355434775352,0.009822382591664701,0.0,0.3571276068687439,0.099200427532196,0.1309549212455749,0.1825312077999115,0.0,0.0,0.099200427532196,0.0,0.0
normal,17.334018880815456,15.85605525970459,18.08545684814453,0.009822382591664701,-0.0047914050519466,0.0359355434775352,0.009822382591664701,0.0,0.3571276068687439,0.087298184633255,0.1309549212455749,0.138889729976654,0.0,0.0,0.087298184633255,0.0,0.0
normal,17.089493511517844,15.361788749694824,18.05558967590332,0.009822382591664701,-0.0047914050519466,0.0591738633811473,0.009822382591664701,0.0,0.1825312077999115,0.0634937584400177,0.099200427532196,0.1309549212455749,0.0,0.0,0.0634937584400177,0.0,0.0
normal,16.804297585487365,15.068224906921388,17.87398910522461,0.009822382591664701,-0.0074266791343689,0.0591738633811473,0.009822382591664701,0.0,0.2380901575088501,0.0148777663707733,0.099200427532196,0.1309549212455749,0.0,0.0,0.0148777663707733,0.0,0.0
normal,16.51612978140513,14.897354125976562,17.81468391418457,0.009822382591664701,-0.011978507041931097,0.0591738633811473,0.011978507041931097,0.0,0.2380901575088501,0.0148777663707733,0.099200427532196,0.1309549212455749,0.0,0.0,0.0148777663707733,0.0,0.0
normal,16.237295973878073,14.897354125976562,17.679882049560547,0.009822382591664701,-0.02683186531066889,0.0591738633811473,0.02683186531066889,0.0,0.2380901575088501,0.0138859152793884,0.099200427532196,0.1309549212455749,0.0,0.0,0.0138859152793884,0.0,0.0
normal,15.972974608739218,14.897354125976562,17.499929428100586,0.013415932655334473,-0.02683186531066889,0.0591738633811473,0.02683186531066889,0.0,0.2380901575088501,0.0148777663707733,0.099200427532196,0.1745963990688324,0.0,0.0,0.0148777663707733,0.0,0.0
normal,15.721521836152291,14.683110237121582,17.285293579101562,0.013415932655334473,-0.02683186531066889,0.0591738633811473,0.02683186531066889,0.0,0.2380901575088501,0.0039674043655395,0.0912655889987945,0.1745963990688324,0.0,0.0,0.0039674043655395,0.0,0.0
normal,15.447121200561524,14.195219039916992,17.020465850830078,0.013415932655334473,-0.02683186531066889,0.0591738633811473,0.02683186531066889,0.0,0.2380901575088501,0.0,0.0634937584400177,0.1745963990688324,0.0,0.0,0.0,0.0,0.0
normal,15.149965920448302,13.60615062713623,16.73749351501465,0.013415932655334473,-0.02683186531066889,0.0591738633811473,0.02683186531066889,0.0,0.2380901575088501,0.0,0.0238044261932373,0.1745963990688324,0.0,0.0218283683061599,0.0,0.0,0.0
normal,14.8144256401062,12.764673233032228,16.345596313476562,0.013415932655334473,-0.02683186531066889,0.0591738633811473,0.02683186531066889,0.0,0.2380901575088501,0.0,0.0,0.1745963990688324,0.0,0.069444864988327,0.0,0.0,0.0
normal,14.412202384428255,11.14675235748291,15.84766960144043,0.013415932655334473,-0.02683186531066889,0.0591738633811473,0.02683186531066889,0.0,0.2380901575088501,0.0,0.0,0.1745963990688324,0.0,0.2372905761003494,0.0,0.0,0.0
normal,13.832674368222554,8.299992561340332,15.354509353637695,0.013415932655334473,-0.02683186531066889,0.0591738633811473,0.02683186531066889,0.0,0.2380901575088501,0.0,0.0,0.1745963990688324,0.0,0.2928495109081268,0.0,0.0,0.0
normal,13.0019140291214,5.809513092041016,15.076736450195312,0.013415932655334473,-0.02683186531066889,-0.0165303498506546,0.02683186531066889,0.0,0.2380901575088501,0.0,0.0,0.1706289947032928,0.0,0.2928495109081268,0.0,0.0,0.0
normal,11.960803634723028,2.8453190326690674,14.985919952392578,0.08552659302949911,-0.02683186531066889,0.3675008416175842,0.08552659302949911,0.0,0.2380901575088501,0.0,0.0,0.10812708735466,0.0,0.2928495109081268,0.0,0.0218283683061599,0.0
normal,10.519283036225648,0.0,14.985919952392578,0.08552659302949911,-0.01676994562149048,1.896438479423523,0.08552659302949911,0.0,0.2380901575088501,0.0,0.0,0.0,0.0,0.2928495109081268,0.0,0.0515839159488678,0.0
normal,9.01494323114554,0.0,14.942444801330566,0.08552659302949911,-0.01676994562149048,1.896438479423523,0.08552659302949911,0.0,0.1745963990688324,0.0,0.0,0.0,0.0,0.2928495109081268,0.0,0.052575767040252644,0.0
normal,7.528929791649182,0.0,14.674944877624512,0.08552659302949911,-0.01676994562149048,1.896438479423523,0.08552659302949911,0.0,0.0,0.0,0.0,0.0,0.0,0.2928495109081268,0.0,0.052575767040252644,0.0
normal,6.085454333821932,0.0,14.187122344970703,0.08552659302949911,-0.01676994562149048,1.896438479423523,0.08552659302949911,0.0,0.0,0.0,0.0,0.0,0.0,0.2928495109081268,0.0,0.052575767040252644,0.0
normal,4.694140095909437,0.0,13.59509563446045,0.08552659302949911,-0.01676994562149048,1.896438479423523,0.08552659302949911,0.0,0.0,0.0,0.0,0.0,0.0,0.2928495109081268,0.0,0.052575767040252644,0.0
normal,3.37311121960481,0.0,12.747098922729492,0.08552659302949911,-0.01676994562149048,1.896438479423523,0.08552659302949911,0.0,0.0,0.0,0.0,0.0,0.0,0.2928495109081268,0.0,0.0,0.0
normal,2.171736265263693,0.0,11.106162071228027,0.08552659302949911,-0.013415932655334473,1.896438479423523,0.08552659302949911,0.0,0.0,0.0,0.0,0.0,0.0,0.2928495109081268,0.0,0.0,0.0
normal,1.211488774816195,0.0,8.254733085632324,0.08552659302949911,-0.013415932655334473,1.896438479423523,0.08552659302949911,0.0,0.0,0.0,0.0,0.0,0.0,0.249192789196968,0.0,0.0,0.0
normal,0.5019142681449801,0.0,5.77341890335083,0.08552659302949911,-0.003114461898803711,1.896438479423523,0.08552659302949911,0.0,0.0,0.0,0.0,0.0,0.0,0.2293557673692703,0.0,0.0,0.0
normal,0.046409034530321754,0.0,2.707329750061035,0.0459975004196167,0.0,1.896438479423523,0.0459975004196167,0.0,0.0,0.0,0.0,0.0,0.0,0.2253883481025695,0.0,0.0,0.0
